ISO-10303-21;
HEADER;
FILE_DESCRIPTION(('STEP AP242'),'1');
FILE_NAME('0781710004.stp','2024-12-02T12:46:17',('TraceParts'),('TraceParts S.A.'),'Spatial InterOp 3D',' ',' ');
FILE_SCHEMA(('AP242_MANAGED_MODEL_BASED_3D_ENGINEERING_MIM_LF  {1 0 10303 442 1 1 4}'));
ENDSEC;
DATA;
#1=MECHANICAL_DESIGN_GEOMETRIC_PRESENTATION_REPRESENTATION(' ',(#10),#6);
#2=PRODUCT_DEFINITION_CONTEXT('',#11,'design');
#3=APPLICATION_PROTOCOL_DEFINITION('INTERNATIONAL STANDARD','ap242_managed_model_based_3d_engineering',2014,#11);
#4=PRODUCT_CATEGORY_RELATIONSHIP('NONE','NONE',#12,#13);
#5=SHAPE_DEFINITION_REPRESENTATION(#14,#15);
#6= (GEOMETRIC_REPRESENTATION_CONTEXT(3)GLOBAL_UNCERTAINTY_ASSIGNED_CONTEXT((#18))GLOBAL_UNIT_ASSIGNED_CONTEXT((#20,#21,#22))REPRESENTATION_CONTEXT('NONE','WORKSPACE'));
#10=STYLED_ITEM('',(#24),#25);
#11=APPLICATION_CONTEXT('managed model based 3d engineering');
#12=PRODUCT_CATEGORY('part','NONE');
#13=PRODUCT_RELATED_PRODUCT_CATEGORY('detail',' ',(#26));
#14=PRODUCT_DEFINITION_SHAPE('NONE','NONE',#27);
#15=ADVANCED_BREP_SHAPE_REPRESENTATION('0781710004',(#25,#28),#6);
#18=UNCERTAINTY_MEASURE_WITH_UNIT(LENGTH_MEASURE(1.0E-06),#20,'','');
#20= (CONVERSION_BASED_UNIT('MILLIMETRE',#31)LENGTH_UNIT()NAMED_UNIT(#34));
#21= (NAMED_UNIT(#36)PLANE_ANGLE_UNIT()SI_UNIT($,.RADIAN.));
#22= (NAMED_UNIT(#36)SOLID_ANGLE_UNIT()SI_UNIT($,.STERADIAN.));
#24=PRESENTATION_STYLE_ASSIGNMENT((#42));
#25=MANIFOLD_SOLID_BREP('0781710004',#43);
#26=PRODUCT('0781710004','','PART--DESC',(#44));
#27=PRODUCT_DEFINITION('','NONE',#45,#2);
#28=AXIS2_PLACEMENT_3D('',#46,#47,#48);
#31=LENGTH_MEASURE_WITH_UNIT(LENGTH_MEASURE(1.0),#49);
#34=DIMENSIONAL_EXPONENTS(1.0,0.0,0.0,0.0,0.0,0.0,0.0);
#36=DIMENSIONAL_EXPONENTS(0.0,0.0,0.0,0.0,0.0,0.0,0.0);
#42=SURFACE_STYLE_USAGE(.BOTH.,#50);
#43=CLOSED_SHELL('',(#51,#52,#53,#54,#55,#56,#57,#58,#59,#60,#61,#62,#63,#64,#65,#66,#67,#68,#69,#70,#71,#72,#73,#74,#75,#76,#77,#78,#79,#80,#81,#82,#83,#84,#85,#86,#87,#88,#89,#90,#91,#92,#93,#94,#95,#96,#97,#98,#99,#100,#101,#102,#103,#104,#105,#106,#107,#108,#109,#110,#111,#112,#113,#114,#115,#116,#117,#118,#119,#120,#121,#122,#123,#124,#125,#126,#127,#128,#129,#130,#131,#132,#133,#134,#135,#136,#137,#138,#139,#140,#141,#142,#143,#144,#145,#146,#147,#148,#149,#150,#151,#152,#153,#154,#155,#156,#157,#158,#159,#160,#161,#162,#163,#164,#165,#166,#167,#168,#169,#170,#171,#172,#173,#174,#175,#176,#177,#178,#179,#180,#181,#182,#183,#184,#185,#186,#187,#188,#189,#190,#191,#192,#193,#194,#195,#196,#197,#198,#199,#200,#201,#202,#203,#204,#205,#206,#207,#208,#209,#210,#211,#212,#213,#214,#215,#216,#217,#218,#219,#220));
#44=PRODUCT_CONTEXT('',#11,'mechanical');
#45=PRODUCT_DEFINITION_FORMATION_WITH_SPECIFIED_SOURCE(' ','NONE',#26,.NOT_KNOWN.);
#46=CARTESIAN_POINT('',(0.0,0.0,0.0));
#47=DIRECTION('',(0.0,0.0,1.0));
#48=DIRECTION('',(1.0,0.0,0.0));
#49= (NAMED_UNIT(#34)LENGTH_UNIT()SI_UNIT(.MILLI.,.METRE.));
#50=SURFACE_SIDE_STYLE('',(#222));
#51=ADVANCED_FACE('',(#223),#224,.F.);
#52=ADVANCED_FACE('',(#225),#226,.T.);
#53=ADVANCED_FACE('',(#227),#228,.T.);
#54=ADVANCED_FACE('',(#229),#230,.T.);
#55=ADVANCED_FACE('',(#231),#232,.T.);
#56=ADVANCED_FACE('',(#233),#234,.T.);
#57=ADVANCED_FACE('',(#235),#236,.T.);
#58=ADVANCED_FACE('',(#237),#238,.T.);
#59=ADVANCED_FACE('',(#239),#240,.T.);
#60=ADVANCED_FACE('',(#241,#242),#243,.T.);
#61=ADVANCED_FACE('',(#244,#245),#246,.T.);
#62=ADVANCED_FACE('',(#247),#248,.T.);
#63=ADVANCED_FACE('',(#249),#250,.T.);
#64=ADVANCED_FACE('',(#251),#252,.F.);
#65=ADVANCED_FACE('',(#253),#254,.F.);
#66=ADVANCED_FACE('',(#255),#256,.F.);
#67=ADVANCED_FACE('',(#257,#258),#259,.T.);
#68=ADVANCED_FACE('',(#260),#261,.F.);
#69=ADVANCED_FACE('',(#262),#263,.F.);
#70=ADVANCED_FACE('',(#264),#265,.F.);
#71=ADVANCED_FACE('',(#266),#267,.F.);
#72=ADVANCED_FACE('',(#268),#269,.F.);
#73=ADVANCED_FACE('',(#270),#271,.F.);
#74=ADVANCED_FACE('',(#272),#273,.F.);
#75=ADVANCED_FACE('',(#274),#275,.F.);
#76=ADVANCED_FACE('',(#276),#277,.F.);
#77=ADVANCED_FACE('',(#278),#279,.F.);
#78=ADVANCED_FACE('',(#280),#281,.F.);
#79=ADVANCED_FACE('',(#282),#283,.F.);
#80=ADVANCED_FACE('',(#284),#285,.F.);
#81=ADVANCED_FACE('',(#286),#287,.T.);
#82=ADVANCED_FACE('',(#288),#289,.F.);
#83=ADVANCED_FACE('',(#290),#291,.F.);
#84=ADVANCED_FACE('',(#292),#293,.F.);
#85=ADVANCED_FACE('',(#294),#295,.F.);
#86=ADVANCED_FACE('',(#296),#297,.F.);
#87=ADVANCED_FACE('',(#298),#299,.T.);
#88=ADVANCED_FACE('',(#300),#301,.F.);
#89=ADVANCED_FACE('',(#302),#303,.F.);
#90=ADVANCED_FACE('',(#304),#305,.T.);
#91=ADVANCED_FACE('',(#306),#307,.F.);
#92=ADVANCED_FACE('',(#308),#309,.F.);
#93=ADVANCED_FACE('',(#310),#311,.F.);
#94=ADVANCED_FACE('',(#312,#313),#314,.T.);
#95=ADVANCED_FACE('',(#315),#316,.T.);
#96=ADVANCED_FACE('',(#317),#318,.T.);
#97=ADVANCED_FACE('',(#319),#320,.T.);
#98=ADVANCED_FACE('',(#321),#322,.F.);
#99=ADVANCED_FACE('',(#323),#324,.F.);
#100=ADVANCED_FACE('',(#325),#326,.F.);
#101=ADVANCED_FACE('',(#327),#328,.F.);
#102=ADVANCED_FACE('',(#329),#330,.F.);
#103=ADVANCED_FACE('',(#331),#332,.F.);
#104=ADVANCED_FACE('',(#333),#334,.F.);
#105=ADVANCED_FACE('',(#335),#336,.F.);
#106=ADVANCED_FACE('',(#337),#338,.F.);
#107=ADVANCED_FACE('',(#339),#340,.F.);
#108=ADVANCED_FACE('',(#341,#342),#343,.T.);
#109=ADVANCED_FACE('',(#344),#345,.T.);
#110=ADVANCED_FACE('',(#346),#347,.F.);
#111=ADVANCED_FACE('',(#348),#349,.T.);
#112=ADVANCED_FACE('',(#350),#351,.T.);
#113=ADVANCED_FACE('',(#352),#353,.F.);
#114=ADVANCED_FACE('',(#354),#355,.T.);
#115=ADVANCED_FACE('',(#356),#357,.F.);
#116=ADVANCED_FACE('',(#358),#359,.T.);
#117=ADVANCED_FACE('',(#360),#361,.F.);
#118=ADVANCED_FACE('',(#362),#363,.T.);
#119=ADVANCED_FACE('',(#364),#365,.F.);
#120=ADVANCED_FACE('',(#366),#367,.F.);
#121=ADVANCED_FACE('',(#368),#369,.F.);
#122=ADVANCED_FACE('',(#370),#371,.T.);
#123=ADVANCED_FACE('',(#372),#373,.F.);
#124=ADVANCED_FACE('',(#374),#375,.F.);
#125=ADVANCED_FACE('',(#376),#377,.F.);
#126=ADVANCED_FACE('',(#378),#379,.F.);
#127=ADVANCED_FACE('',(#380),#381,.T.);
#128=ADVANCED_FACE('',(#382),#383,.F.);
#129=ADVANCED_FACE('',(#384),#385,.F.);
#130=ADVANCED_FACE('',(#386),#387,.F.);
#131=ADVANCED_FACE('',(#388),#389,.F.);
#132=ADVANCED_FACE('',(#390),#391,.F.);
#133=ADVANCED_FACE('',(#392),#393,.T.);
#134=ADVANCED_FACE('',(#394),#395,.F.);
#135=ADVANCED_FACE('',(#396),#397,.F.);
#136=ADVANCED_FACE('',(#398),#399,.F.);
#137=ADVANCED_FACE('',(#400),#401,.T.);
#138=ADVANCED_FACE('',(#402),#403,.F.);
#139=ADVANCED_FACE('',(#404),#405,.F.);
#140=ADVANCED_FACE('',(#406),#407,.F.);
#141=ADVANCED_FACE('',(#408),#409,.F.);
#142=ADVANCED_FACE('',(#410),#411,.F.);
#143=ADVANCED_FACE('',(#412),#413,.T.);
#144=ADVANCED_FACE('',(#414),#415,.T.);
#145=ADVANCED_FACE('',(#416),#417,.T.);
#146=ADVANCED_FACE('',(#418),#419,.T.);
#147=ADVANCED_FACE('',(#420),#421,.F.);
#148=ADVANCED_FACE('',(#422),#423,.T.);
#149=ADVANCED_FACE('',(#424),#425,.T.);
#150=ADVANCED_FACE('',(#426),#427,.T.);
#151=ADVANCED_FACE('',(#428),#429,.F.);
#152=ADVANCED_FACE('',(#430),#431,.T.);
#153=ADVANCED_FACE('',(#432),#433,.T.);
#154=ADVANCED_FACE('',(#434),#435,.T.);
#155=ADVANCED_FACE('',(#436),#437,.T.);
#156=ADVANCED_FACE('',(#438),#439,.T.);
#157=ADVANCED_FACE('',(#440),#441,.F.);
#158=ADVANCED_FACE('',(#442),#443,.T.);
#159=ADVANCED_FACE('',(#444),#445,.F.);
#160=ADVANCED_FACE('',(#446),#447,.T.);
#161=ADVANCED_FACE('',(#448),#449,.F.);
#162=ADVANCED_FACE('',(#450),#451,.T.);
#163=ADVANCED_FACE('',(#452),#453,.F.);
#164=ADVANCED_FACE('',(#454),#455,.F.);
#165=ADVANCED_FACE('',(#456),#457,.F.);
#166=ADVANCED_FACE('',(#458),#459,.T.);
#167=ADVANCED_FACE('',(#460),#461,.F.);
#168=ADVANCED_FACE('',(#462),#463,.F.);
#169=ADVANCED_FACE('',(#464),#465,.F.);
#170=ADVANCED_FACE('',(#466),#467,.F.);
#171=ADVANCED_FACE('',(#468),#469,.T.);
#172=ADVANCED_FACE('',(#470),#471,.F.);
#173=ADVANCED_FACE('',(#472),#473,.F.);
#174=ADVANCED_FACE('',(#474),#475,.T.);
#175=ADVANCED_FACE('',(#476),#477,.F.);
#176=ADVANCED_FACE('',(#478),#479,.T.);
#177=ADVANCED_FACE('',(#480),#481,.F.);
#178=ADVANCED_FACE('',(#482),#483,.T.);
#179=ADVANCED_FACE('',(#484),#485,.F.);
#180=ADVANCED_FACE('',(#486),#487,.F.);
#181=ADVANCED_FACE('',(#488),#489,.F.);
#182=ADVANCED_FACE('',(#490),#491,.T.);
#183=ADVANCED_FACE('',(#492),#493,.F.);
#184=ADVANCED_FACE('',(#494),#495,.F.);
#185=ADVANCED_FACE('',(#496),#497,.F.);
#186=ADVANCED_FACE('',(#498),#499,.F.);
#187=ADVANCED_FACE('',(#500),#501,.T.);
#188=ADVANCED_FACE('',(#502),#503,.F.);
#189=ADVANCED_FACE('',(#504),#505,.F.);
#190=ADVANCED_FACE('',(#506),#507,.T.);
#191=ADVANCED_FACE('',(#508),#509,.F.);
#192=ADVANCED_FACE('',(#510),#511,.T.);
#193=ADVANCED_FACE('',(#512),#513,.F.);
#194=ADVANCED_FACE('',(#514),#515,.T.);
#195=ADVANCED_FACE('',(#516),#517,.F.);
#196=ADVANCED_FACE('',(#518),#519,.F.);
#197=ADVANCED_FACE('',(#520),#521,.F.);
#198=ADVANCED_FACE('',(#522),#523,.T.);
#199=ADVANCED_FACE('',(#524),#525,.F.);
#200=ADVANCED_FACE('',(#526),#527,.F.);
#201=ADVANCED_FACE('',(#528),#529,.F.);
#202=ADVANCED_FACE('',(#530),#531,.F.);
#203=ADVANCED_FACE('',(#532),#533,.T.);
#204=ADVANCED_FACE('',(#534),#535,.F.);
#205=ADVANCED_FACE('',(#536),#537,.T.);
#206=ADVANCED_FACE('',(#538),#539,.T.);
#207=ADVANCED_FACE('',(#540),#541,.F.);
#208=ADVANCED_FACE('',(#542),#543,.F.);
#209=ADVANCED_FACE('',(#544),#545,.T.);
#210=ADVANCED_FACE('',(#546),#547,.T.);
#211=ADVANCED_FACE('',(#548),#549,.F.);
#212=ADVANCED_FACE('',(#550),#551,.T.);
#213=ADVANCED_FACE('',(#552),#553,.T.);
#214=ADVANCED_FACE('',(#554),#555,.T.);
#215=ADVANCED_FACE('',(#556),#557,.F.);
#216=ADVANCED_FACE('',(#558),#559,.T.);
#217=ADVANCED_FACE('',(#560),#561,.F.);
#218=ADVANCED_FACE('',(#562),#563,.F.);
#219=ADVANCED_FACE('',(#564),#565,.F.);
#220=ADVANCED_FACE('',(#566),#567,.F.);
#222=SURFACE_STYLE_FILL_AREA(#568);
#223=FACE_OUTER_BOUND('',#569,.T.);
#224=PLANE('',#570);
#225=FACE_OUTER_BOUND('',#571,.T.);
#226=PLANE('',#572);
#227=FACE_OUTER_BOUND('',#573,.T.);
#228=PLANE('',#574);
#229=FACE_OUTER_BOUND('',#575,.T.);
#230=PLANE('',#576);
#231=FACE_OUTER_BOUND('',#577,.T.);
#232=PLANE('',#578);
#233=FACE_OUTER_BOUND('',#579,.T.);
#234=PLANE('',#580);
#235=FACE_OUTER_BOUND('',#581,.T.);
#236=PLANE('',#582);
#237=FACE_OUTER_BOUND('',#583,.T.);
#238=PLANE('',#584);
#239=FACE_OUTER_BOUND('',#585,.T.);
#240=PLANE('',#586);
#241=FACE_OUTER_BOUND('',#587,.T.);
#242=FACE_BOUND('',#588,.T.);
#243=PLANE('',#589);
#244=FACE_OUTER_BOUND('',#590,.T.);
#245=FACE_BOUND('',#591,.T.);
#246=PLANE('',#592);
#247=FACE_OUTER_BOUND('',#593,.T.);
#248=PLANE('',#594);
#249=FACE_OUTER_BOUND('',#595,.T.);
#250=PLANE('',#596);
#251=FACE_OUTER_BOUND('',#597,.T.);
#252=PLANE('',#598);
#253=FACE_OUTER_BOUND('',#599,.T.);
#254=PLANE('',#600);
#255=FACE_OUTER_BOUND('',#601,.T.);
#256=PLANE('',#602);
#257=FACE_BOUND('',#603,.T.);
#258=FACE_OUTER_BOUND('',#604,.T.);
#259=PLANE('',#605);
#260=FACE_OUTER_BOUND('',#606,.T.);
#261=PLANE('',#607);
#262=FACE_OUTER_BOUND('',#608,.T.);
#263=PLANE('',#609);
#264=FACE_OUTER_BOUND('',#610,.T.);
#265=PLANE('',#611);
#266=FACE_OUTER_BOUND('',#612,.T.);
#267=PLANE('',#613);
#268=FACE_OUTER_BOUND('',#614,.T.);
#269=PLANE('',#615);
#270=FACE_OUTER_BOUND('',#616,.T.);
#271=PLANE('',#617);
#272=FACE_OUTER_BOUND('',#618,.T.);
#273=PLANE('',#619);
#274=FACE_OUTER_BOUND('',#620,.T.);
#275=PLANE('',#621);
#276=FACE_OUTER_BOUND('',#622,.T.);
#277=PLANE('',#623);
#278=FACE_OUTER_BOUND('',#624,.T.);
#279=PLANE('',#625);
#280=FACE_OUTER_BOUND('',#626,.T.);
#281=PLANE('',#627);
#282=FACE_OUTER_BOUND('',#628,.T.);
#283=PLANE('',#629);
#284=FACE_OUTER_BOUND('',#630,.T.);
#285=PLANE('',#631);
#286=FACE_OUTER_BOUND('',#632,.T.);
#287=PLANE('',#633);
#288=FACE_OUTER_BOUND('',#634,.T.);
#289=PLANE('',#635);
#290=FACE_OUTER_BOUND('',#636,.T.);
#291=PLANE('',#637);
#292=FACE_OUTER_BOUND('',#638,.T.);
#293=PLANE('',#639);
#294=FACE_OUTER_BOUND('',#640,.T.);
#295=PLANE('',#641);
#296=FACE_OUTER_BOUND('',#642,.T.);
#297=PLANE('',#643);
#298=FACE_OUTER_BOUND('',#644,.T.);
#299=PLANE('',#645);
#300=FACE_OUTER_BOUND('',#646,.T.);
#301=PLANE('',#647);
#302=FACE_OUTER_BOUND('',#648,.T.);
#303=PLANE('',#649);
#304=FACE_OUTER_BOUND('',#650,.T.);
#305=PLANE('',#651);
#306=FACE_OUTER_BOUND('',#652,.T.);
#307=PLANE('',#653);
#308=FACE_OUTER_BOUND('',#654,.T.);
#309=PLANE('',#655);
#310=FACE_OUTER_BOUND('',#656,.T.);
#311=PLANE('',#657);
#312=FACE_BOUND('',#658,.T.);
#313=FACE_OUTER_BOUND('',#659,.T.);
#314=PLANE('',#660);
#315=FACE_OUTER_BOUND('',#661,.T.);
#316=PLANE('',#662);
#317=FACE_OUTER_BOUND('',#663,.T.);
#318=PLANE('',#664);
#319=FACE_OUTER_BOUND('',#665,.T.);
#320=PLANE('',#666);
#321=FACE_OUTER_BOUND('',#667,.T.);
#322=PLANE('',#668);
#323=FACE_OUTER_BOUND('',#669,.T.);
#324=PLANE('',#670);
#325=FACE_OUTER_BOUND('',#671,.T.);
#326=PLANE('',#672);
#327=FACE_OUTER_BOUND('',#673,.T.);
#328=PLANE('',#674);
#329=FACE_OUTER_BOUND('',#675,.T.);
#330=PLANE('',#676);
#331=FACE_OUTER_BOUND('',#677,.T.);
#332=PLANE('',#678);
#333=FACE_OUTER_BOUND('',#679,.T.);
#334=PLANE('',#680);
#335=FACE_OUTER_BOUND('',#681,.T.);
#336=PLANE('',#682);
#337=FACE_OUTER_BOUND('',#683,.T.);
#338=PLANE('',#684);
#339=FACE_OUTER_BOUND('',#685,.T.);
#340=PLANE('',#686);
#341=FACE_BOUND('',#687,.T.);
#342=FACE_OUTER_BOUND('',#688,.T.);
#343=PLANE('',#689);
#344=FACE_OUTER_BOUND('',#690,.T.);
#345=PLANE('',#691);
#346=FACE_OUTER_BOUND('',#692,.T.);
#347=PLANE('',#693);
#348=FACE_OUTER_BOUND('',#694,.T.);
#349=PLANE('',#695);
#350=FACE_OUTER_BOUND('',#696,.T.);
#351=PLANE('',#697);
#352=FACE_OUTER_BOUND('',#698,.T.);
#353=PLANE('',#699);
#354=FACE_OUTER_BOUND('',#700,.T.);
#355=CYLINDRICAL_SURFACE('',#701,0.1);
#356=FACE_OUTER_BOUND('',#702,.T.);
#357=PLANE('',#703);
#358=FACE_OUTER_BOUND('',#704,.T.);
#359=CYLINDRICAL_SURFACE('',#705,0.05);
#360=FACE_OUTER_BOUND('',#706,.T.);
#361=PLANE('',#707);
#362=FACE_OUTER_BOUND('',#708,.T.);
#363=CYLINDRICAL_SURFACE('',#709,0.05);
#364=FACE_OUTER_BOUND('',#710,.T.);
#365=PLANE('',#711);
#366=FACE_OUTER_BOUND('',#712,.T.);
#367=CYLINDRICAL_SURFACE('',#713,0.06);
#368=FACE_OUTER_BOUND('',#714,.T.);
#369=PLANE('',#715);
#370=FACE_OUTER_BOUND('',#716,.T.);
#371=PLANE('',#717);
#372=FACE_OUTER_BOUND('',#718,.T.);
#373=CYLINDRICAL_SURFACE('',#719,0.05);
#374=FACE_OUTER_BOUND('',#720,.T.);
#375=PLANE('',#721);
#376=FACE_OUTER_BOUND('',#722,.T.);
#377=PLANE('',#723);
#378=FACE_OUTER_BOUND('',#724,.T.);
#379=PLANE('',#725);
#380=FACE_OUTER_BOUND('',#726,.T.);
#381=PLANE('',#727);
#382=FACE_OUTER_BOUND('',#728,.T.);
#383=PLANE('',#729);
#384=FACE_OUTER_BOUND('',#730,.T.);
#385=PLANE('',#731);
#386=FACE_OUTER_BOUND('',#732,.T.);
#387=PLANE('',#733);
#388=FACE_OUTER_BOUND('',#734,.T.);
#389=PLANE('',#735);
#390=FACE_OUTER_BOUND('',#736,.T.);
#391=PLANE('',#737);
#392=FACE_OUTER_BOUND('',#738,.T.);
#393=PLANE('',#739);
#394=FACE_OUTER_BOUND('',#740,.T.);
#395=PLANE('',#741);
#396=FACE_OUTER_BOUND('',#742,.T.);
#397=PLANE('',#743);
#398=FACE_OUTER_BOUND('',#744,.T.);
#399=PLANE('',#745);
#400=FACE_OUTER_BOUND('',#746,.T.);
#401=PLANE('',#747);
#402=FACE_OUTER_BOUND('',#748,.T.);
#403=PLANE('',#749);
#404=FACE_OUTER_BOUND('',#750,.T.);
#405=PLANE('',#751);
#406=FACE_OUTER_BOUND('',#752,.T.);
#407=PLANE('',#753);
#408=FACE_OUTER_BOUND('',#754,.T.);
#409=PLANE('',#755);
#410=FACE_OUTER_BOUND('',#756,.T.);
#411=PLANE('',#757);
#412=FACE_OUTER_BOUND('',#758,.T.);
#413=PLANE('',#759);
#414=FACE_OUTER_BOUND('',#760,.T.);
#415=PLANE('',#761);
#416=FACE_OUTER_BOUND('',#762,.T.);
#417=PLANE('',#763);
#418=FACE_OUTER_BOUND('',#764,.T.);
#419=PLANE('',#765);
#420=FACE_OUTER_BOUND('',#766,.T.);
#421=PLANE('',#767);
#422=FACE_OUTER_BOUND('',#768,.T.);
#423=PLANE('',#769);
#424=FACE_OUTER_BOUND('',#770,.T.);
#425=PLANE('',#771);
#426=FACE_OUTER_BOUND('',#772,.T.);
#427=PLANE('',#773);
#428=FACE_OUTER_BOUND('',#774,.T.);
#429=PLANE('',#775);
#430=FACE_OUTER_BOUND('',#776,.T.);
#431=PLANE('',#777);
#432=FACE_OUTER_BOUND('',#778,.T.);
#433=PLANE('',#779);
#434=FACE_OUTER_BOUND('',#780,.T.);
#435=PLANE('',#781);
#436=FACE_OUTER_BOUND('',#782,.T.);
#437=PLANE('',#783);
#438=FACE_OUTER_BOUND('',#784,.T.);
#439=PLANE('',#785);
#440=FACE_OUTER_BOUND('',#786,.T.);
#441=PLANE('',#787);
#442=FACE_OUTER_BOUND('',#788,.T.);
#443=CYLINDRICAL_SURFACE('',#789,0.1);
#444=FACE_OUTER_BOUND('',#790,.T.);
#445=PLANE('',#791);
#446=FACE_OUTER_BOUND('',#792,.T.);
#447=CYLINDRICAL_SURFACE('',#793,0.05);
#448=FACE_OUTER_BOUND('',#794,.T.);
#449=PLANE('',#795);
#450=FACE_OUTER_BOUND('',#796,.T.);
#451=CYLINDRICAL_SURFACE('',#797,0.05);
#452=FACE_OUTER_BOUND('',#798,.T.);
#453=PLANE('',#799);
#454=FACE_OUTER_BOUND('',#800,.T.);
#455=CYLINDRICAL_SURFACE('',#801,0.06);
#456=FACE_OUTER_BOUND('',#802,.T.);
#457=PLANE('',#803);
#458=FACE_OUTER_BOUND('',#804,.T.);
#459=PLANE('',#805);
#460=FACE_OUTER_BOUND('',#806,.T.);
#461=CYLINDRICAL_SURFACE('',#807,0.05);
#462=FACE_OUTER_BOUND('',#808,.T.);
#463=PLANE('',#809);
#464=FACE_OUTER_BOUND('',#810,.T.);
#465=PLANE('',#811);
#466=FACE_OUTER_BOUND('',#812,.T.);
#467=PLANE('',#813);
#468=FACE_OUTER_BOUND('',#814,.T.);
#469=PLANE('',#815);
#470=FACE_OUTER_BOUND('',#816,.T.);
#471=PLANE('',#817);
#472=FACE_OUTER_BOUND('',#818,.T.);
#473=PLANE('',#819);
#474=FACE_OUTER_BOUND('',#820,.T.);
#475=CYLINDRICAL_SURFACE('',#821,0.1);
#476=FACE_OUTER_BOUND('',#822,.T.);
#477=PLANE('',#823);
#478=FACE_OUTER_BOUND('',#824,.T.);
#479=CYLINDRICAL_SURFACE('',#825,0.05);
#480=FACE_OUTER_BOUND('',#826,.T.);
#481=PLANE('',#827);
#482=FACE_OUTER_BOUND('',#828,.T.);
#483=CYLINDRICAL_SURFACE('',#829,0.05);
#484=FACE_OUTER_BOUND('',#830,.T.);
#485=PLANE('',#831);
#486=FACE_OUTER_BOUND('',#832,.T.);
#487=CYLINDRICAL_SURFACE('',#833,0.06);
#488=FACE_OUTER_BOUND('',#834,.T.);
#489=PLANE('',#835);
#490=FACE_OUTER_BOUND('',#836,.T.);
#491=PLANE('',#837);
#492=FACE_OUTER_BOUND('',#838,.T.);
#493=CYLINDRICAL_SURFACE('',#839,0.05);
#494=FACE_OUTER_BOUND('',#840,.T.);
#495=PLANE('',#841);
#496=FACE_OUTER_BOUND('',#842,.T.);
#497=PLANE('',#843);
#498=FACE_OUTER_BOUND('',#844,.T.);
#499=PLANE('',#845);
#500=FACE_OUTER_BOUND('',#846,.T.);
#501=PLANE('',#847);
#502=FACE_OUTER_BOUND('',#848,.T.);
#503=PLANE('',#849);
#504=FACE_OUTER_BOUND('',#850,.T.);
#505=PLANE('',#851);
#506=FACE_OUTER_BOUND('',#852,.T.);
#507=CYLINDRICAL_SURFACE('',#853,0.1);
#508=FACE_OUTER_BOUND('',#854,.T.);
#509=PLANE('',#855);
#510=FACE_OUTER_BOUND('',#856,.T.);
#511=CYLINDRICAL_SURFACE('',#857,0.05);
#512=FACE_OUTER_BOUND('',#858,.T.);
#513=PLANE('',#859);
#514=FACE_OUTER_BOUND('',#860,.T.);
#515=CYLINDRICAL_SURFACE('',#861,0.05);
#516=FACE_OUTER_BOUND('',#862,.T.);
#517=PLANE('',#863);
#518=FACE_OUTER_BOUND('',#864,.T.);
#519=CYLINDRICAL_SURFACE('',#865,0.06);
#520=FACE_OUTER_BOUND('',#866,.T.);
#521=PLANE('',#867);
#522=FACE_OUTER_BOUND('',#868,.T.);
#523=PLANE('',#869);
#524=FACE_OUTER_BOUND('',#870,.T.);
#525=CYLINDRICAL_SURFACE('',#871,0.05);
#526=FACE_OUTER_BOUND('',#872,.T.);
#527=PLANE('',#873);
#528=FACE_OUTER_BOUND('',#874,.T.);
#529=PLANE('',#875);
#530=FACE_OUTER_BOUND('',#876,.T.);
#531=PLANE('',#877);
#532=FACE_OUTER_BOUND('',#878,.T.);
#533=PLANE('',#879);
#534=FACE_OUTER_BOUND('',#880,.T.);
#535=PLANE('',#881);
#536=FACE_OUTER_BOUND('',#882,.T.);
#537=PLANE('',#883);
#538=FACE_OUTER_BOUND('',#884,.T.);
#539=PLANE('',#885);
#540=FACE_OUTER_BOUND('',#886,.T.);
#541=PLANE('',#887);
#542=FACE_OUTER_BOUND('',#888,.T.);
#543=PLANE('',#889);
#544=FACE_OUTER_BOUND('',#890,.T.);
#545=PLANE('',#891);
#546=FACE_OUTER_BOUND('',#892,.T.);
#547=PLANE('',#893);
#548=FACE_OUTER_BOUND('',#894,.T.);
#549=PLANE('',#895);
#550=FACE_OUTER_BOUND('',#896,.T.);
#551=PLANE('',#897);
#552=FACE_OUTER_BOUND('',#898,.T.);
#553=PLANE('',#899);
#554=FACE_OUTER_BOUND('',#900,.T.);
#555=PLANE('',#901);
#556=FACE_OUTER_BOUND('',#902,.T.);
#557=PLANE('',#903);
#558=FACE_OUTER_BOUND('',#904,.T.);
#559=PLANE('',#905);
#560=FACE_OUTER_BOUND('',#906,.T.);
#561=PLANE('',#907);
#562=FACE_OUTER_BOUND('',#908,.T.);
#563=PLANE('',#909);
#564=FACE_OUTER_BOUND('',#910,.T.);
#565=PLANE('',#911);
#566=FACE_OUTER_BOUND('',#912,.T.);
#567=PLANE('',#913);
#568=FILL_AREA_STYLE('',(#914));
#569=EDGE_LOOP('',(#915,#916,#917,#918,#919,#920,#921,#922,#923,#924,#925,#926,#927,#928,#929,#930,#931,#932,#933,#934));
#570=AXIS2_PLACEMENT_3D('',#935,#936,#937);
#571=EDGE_LOOP('',(#938,#939,#940,#941,#942,#943,#944,#945,#946,#947,#948,#949,#950,#951,#952,#953,#954,#955,#956,#957));
#572=AXIS2_PLACEMENT_3D('',#958,#959,#960);
#573=EDGE_LOOP('',(#961,#962,#963,#964,#965,#966,#967,#968,#969,#970,#971,#972,#973,#974,#975,#976,#977,#978,#979,#980));
#574=AXIS2_PLACEMENT_3D('',#981,#982,#983);
#575=EDGE_LOOP('',(#984,#985,#986,#987));
#576=AXIS2_PLACEMENT_3D('',#988,#989,#990);
#577=EDGE_LOOP('',(#991,#992,#993,#994));
#578=AXIS2_PLACEMENT_3D('',#995,#996,#997);
#579=EDGE_LOOP('',(#998,#999,#1000,#1001));
#580=AXIS2_PLACEMENT_3D('',#1002,#1003,#1004);
#581=EDGE_LOOP('',(#1005,#1006,#1007,#1008));
#582=AXIS2_PLACEMENT_3D('',#1009,#1010,#1011);
#583=EDGE_LOOP('',(#1012,#1013,#1014,#1015));
#584=AXIS2_PLACEMENT_3D('',#1016,#1017,#1018);
#585=EDGE_LOOP('',(#1019,#1020,#1021,#1022));
#586=AXIS2_PLACEMENT_3D('',#1023,#1024,#1025);
#587=EDGE_LOOP('',(#1026,#1027,#1028,#1029));
#588=EDGE_LOOP('',(#1030,#1031,#1032,#1033));
#589=AXIS2_PLACEMENT_3D('',#1034,#1035,#1036);
#590=EDGE_LOOP('',(#1037,#1038,#1039,#1040));
#591=EDGE_LOOP('',(#1041,#1042,#1043,#1044));
#592=AXIS2_PLACEMENT_3D('',#1045,#1046,#1047);
#593=EDGE_LOOP('',(#1048,#1049,#1050,#1051));
#594=AXIS2_PLACEMENT_3D('',#1052,#1053,#1054);
#595=EDGE_LOOP('',(#1055,#1056,#1057,#1058));
#596=AXIS2_PLACEMENT_3D('',#1059,#1060,#1061);
#597=EDGE_LOOP('',(#1062,#1063,#1064,#1065));
#598=AXIS2_PLACEMENT_3D('',#1066,#1067,#1068);
#599=EDGE_LOOP('',(#1069,#1070,#1071,#1072,#1073,#1074,#1075,#1076));
#600=AXIS2_PLACEMENT_3D('',#1077,#1078,#1079);
#601=EDGE_LOOP('',(#1080,#1081,#1082,#1083,#1084,#1085,#1086,#1087,#1088,#1089,#1090));
#602=AXIS2_PLACEMENT_3D('',#1091,#1092,#1093);
#603=EDGE_LOOP('',(#1094,#1095,#1096));
#604=EDGE_LOOP('',(#1097,#1098,#1099,#1100,#1101,#1102,#1103,#1104,#1105,#1106,#1107,#1108,#1109,#1110,#1111,#1112,#1113,#1114,#1115,#1116,#1117,#1118));
#605=AXIS2_PLACEMENT_3D('',#1119,#1120,#1121);
#606=EDGE_LOOP('',(#1122,#1123,#1124,#1125));
#607=AXIS2_PLACEMENT_3D('',#1126,#1127,#1128);
#608=EDGE_LOOP('',(#1129,#1130,#1131,#1132,#1133,#1134));
#609=AXIS2_PLACEMENT_3D('',#1135,#1136,#1137);
#610=EDGE_LOOP('',(#1138,#1139,#1140,#1141,#1142,#1143,#1144,#1145,#1146,#1147,#1148,#1149));
#611=AXIS2_PLACEMENT_3D('',#1150,#1151,#1152);
#612=EDGE_LOOP('',(#1153,#1154,#1155,#1156,#1157,#1158,#1159,#1160,#1161,#1162,#1163,#1164,#1165,#1166));
#613=AXIS2_PLACEMENT_3D('',#1167,#1168,#1169);
#614=EDGE_LOOP('',(#1170,#1171,#1172,#1173,#1174,#1175,#1176,#1177,#1178,#1179,#1180,#1181,#1182,#1183));
#615=AXIS2_PLACEMENT_3D('',#1184,#1185,#1186);
#616=EDGE_LOOP('',(#1187,#1188,#1189,#1190,#1191,#1192,#1193,#1194,#1195));
#617=AXIS2_PLACEMENT_3D('',#1196,#1197,#1198);
#618=EDGE_LOOP('',(#1199,#1200,#1201,#1202));
#619=AXIS2_PLACEMENT_3D('',#1203,#1204,#1205);
#620=EDGE_LOOP('',(#1206,#1207,#1208,#1209,#1210,#1211,#1212,#1213,#1214));
#621=AXIS2_PLACEMENT_3D('',#1215,#1216,#1217);
#622=EDGE_LOOP('',(#1218,#1219,#1220,#1221));
#623=AXIS2_PLACEMENT_3D('',#1222,#1223,#1224);
#624=EDGE_LOOP('',(#1225,#1226,#1227,#1228));
#625=AXIS2_PLACEMENT_3D('',#1229,#1230,#1231);
#626=EDGE_LOOP('',(#1232,#1233,#1234,#1235));
#627=AXIS2_PLACEMENT_3D('',#1236,#1237,#1238);
#628=EDGE_LOOP('',(#1239,#1240,#1241,#1242,#1243,#1244,#1245,#1246,#1247,#1248,#1249));
#629=AXIS2_PLACEMENT_3D('',#1250,#1251,#1252);
#630=EDGE_LOOP('',(#1253,#1254,#1255,#1256));
#631=AXIS2_PLACEMENT_3D('',#1257,#1258,#1259);
#632=EDGE_LOOP('',(#1260,#1261,#1262,#1263,#1264,#1265,#1266,#1267,#1268,#1269,#1270,#1271,#1272,#1273,#1274,#1275,#1276,#1277,#1278,#1279,#1280,#1281,#1282,#1283,#1284,#1285,#1286,#1287,#1288,#1289,#1290,#1291,#1292,#1293,#1294,#1295));
#633=AXIS2_PLACEMENT_3D('',#1296,#1297,#1298);
#634=EDGE_LOOP('',(#1299,#1300,#1301,#1302));
#635=AXIS2_PLACEMENT_3D('',#1303,#1304,#1305);
#636=EDGE_LOOP('',(#1306,#1307,#1308,#1309,#1310,#1311,#1312,#1313));
#637=AXIS2_PLACEMENT_3D('',#1314,#1315,#1316);
#638=EDGE_LOOP('',(#1317,#1318,#1319,#1320));
#639=AXIS2_PLACEMENT_3D('',#1321,#1322,#1323);
#640=EDGE_LOOP('',(#1324,#1325,#1326,#1327));
#641=AXIS2_PLACEMENT_3D('',#1328,#1329,#1330);
#642=EDGE_LOOP('',(#1331,#1332,#1333,#1334));
#643=AXIS2_PLACEMENT_3D('',#1335,#1336,#1337);
#644=EDGE_LOOP('',(#1338,#1339,#1340,#1341,#1342,#1343));
#645=AXIS2_PLACEMENT_3D('',#1344,#1345,#1346);
#646=EDGE_LOOP('',(#1347,#1348,#1349,#1350));
#647=AXIS2_PLACEMENT_3D('',#1351,#1352,#1353);
#648=EDGE_LOOP('',(#1354,#1355,#1356,#1357));
#649=AXIS2_PLACEMENT_3D('',#1358,#1359,#1360);
#650=EDGE_LOOP('',(#1361,#1362,#1363,#1364,#1365,#1366));
#651=AXIS2_PLACEMENT_3D('',#1367,#1368,#1369);
#652=EDGE_LOOP('',(#1370,#1371,#1372,#1373));
#653=AXIS2_PLACEMENT_3D('',#1374,#1375,#1376);
#654=EDGE_LOOP('',(#1377,#1378,#1379,#1380));
#655=AXIS2_PLACEMENT_3D('',#1381,#1382,#1383);
#656=EDGE_LOOP('',(#1384,#1385,#1386,#1387,#1388,#1389));
#657=AXIS2_PLACEMENT_3D('',#1390,#1391,#1392);
#658=EDGE_LOOP('',(#1393,#1394,#1395,#1396));
#659=EDGE_LOOP('',(#1397,#1398,#1399,#1400));
#660=AXIS2_PLACEMENT_3D('',#1401,#1402,#1403);
#661=EDGE_LOOP('',(#1404,#1405,#1406,#1407));
#662=AXIS2_PLACEMENT_3D('',#1408,#1409,#1410);
#663=EDGE_LOOP('',(#1411,#1412,#1413,#1414));
#664=AXIS2_PLACEMENT_3D('',#1415,#1416,#1417);
#665=EDGE_LOOP('',(#1418,#1419,#1420,#1421));
#666=AXIS2_PLACEMENT_3D('',#1422,#1423,#1424);
#667=EDGE_LOOP('',(#1425,#1426,#1427,#1428));
#668=AXIS2_PLACEMENT_3D('',#1429,#1430,#1431);
#669=EDGE_LOOP('',(#1432,#1433,#1434,#1435));
#670=AXIS2_PLACEMENT_3D('',#1436,#1437,#1438);
#671=EDGE_LOOP('',(#1439,#1440,#1441,#1442,#1443,#1444,#1445,#1446,#1447));
#672=AXIS2_PLACEMENT_3D('',#1448,#1449,#1450);
#673=EDGE_LOOP('',(#1451,#1452,#1453,#1454));
#674=AXIS2_PLACEMENT_3D('',#1455,#1456,#1457);
#675=EDGE_LOOP('',(#1458,#1459,#1460,#1461));
#676=AXIS2_PLACEMENT_3D('',#1462,#1463,#1464);
#677=EDGE_LOOP('',(#1465,#1466,#1467,#1468,#1469,#1470,#1471,#1472,#1473));
#678=AXIS2_PLACEMENT_3D('',#1474,#1475,#1476);
#679=EDGE_LOOP('',(#1477,#1478,#1479,#1480));
#680=AXIS2_PLACEMENT_3D('',#1481,#1482,#1483);
#681=EDGE_LOOP('',(#1484,#1485,#1486,#1487));
#682=AXIS2_PLACEMENT_3D('',#1488,#1489,#1490);
#683=EDGE_LOOP('',(#1491,#1492,#1493,#1494));
#684=AXIS2_PLACEMENT_3D('',#1495,#1496,#1497);
#685=EDGE_LOOP('',(#1498,#1499,#1500,#1501));
#686=AXIS2_PLACEMENT_3D('',#1502,#1503,#1504);
#687=EDGE_LOOP('',(#1505,#1506,#1507,#1508));
#688=EDGE_LOOP('',(#1509,#1510,#1511,#1512));
#689=AXIS2_PLACEMENT_3D('',#1513,#1514,#1515);
#690=EDGE_LOOP('',(#1516,#1517,#1518));
#691=AXIS2_PLACEMENT_3D('',#1519,#1520,#1521);
#692=EDGE_LOOP('',(#1522,#1523,#1524,#1525,#1526,#1527));
#693=AXIS2_PLACEMENT_3D('',#1528,#1529,#1530);
#694=EDGE_LOOP('',(#1531,#1532,#1533,#1534,#1535,#1536));
#695=AXIS2_PLACEMENT_3D('',#1537,#1538,#1539);
#696=EDGE_LOOP('',(#1540,#1541,#1542));
#697=AXIS2_PLACEMENT_3D('',#1543,#1544,#1545);
#698=EDGE_LOOP('',(#1546,#1547,#1548,#1549));
#699=AXIS2_PLACEMENT_3D('',#1550,#1551,#1552);
#700=EDGE_LOOP('',(#1553,#1554,#1555,#1556));
#701=AXIS2_PLACEMENT_3D('',#1557,#1558,#1559);
#702=EDGE_LOOP('',(#1560,#1561,#1562,#1563));
#703=AXIS2_PLACEMENT_3D('',#1564,#1565,#1566);
#704=EDGE_LOOP('',(#1567,#1568,#1569,#1570));
#705=AXIS2_PLACEMENT_3D('',#1571,#1572,#1573);
#706=EDGE_LOOP('',(#1574,#1575,#1576,#1577));
#707=AXIS2_PLACEMENT_3D('',#1578,#1579,#1580);
#708=EDGE_LOOP('',(#1581,#1582,#1583,#1584));
#709=AXIS2_PLACEMENT_3D('',#1585,#1586,#1587);
#710=EDGE_LOOP('',(#1588,#1589,#1590,#1591));
#711=AXIS2_PLACEMENT_3D('',#1592,#1593,#1594);
#712=EDGE_LOOP('',(#1595,#1596,#1597,#1598));
#713=AXIS2_PLACEMENT_3D('',#1599,#1600,#1601);
#714=EDGE_LOOP('',(#1602,#1603,#1604,#1605,#1606,#1607,#1608,#1609,#1610,#1611,#1612,#1613,#1614,#1615));
#715=AXIS2_PLACEMENT_3D('',#1616,#1617,#1618);
#716=EDGE_LOOP('',(#1619,#1620,#1621,#1622,#1623,#1624,#1625,#1626,#1627,#1628,#1629,#1630,#1631,#1632));
#717=AXIS2_PLACEMENT_3D('',#1633,#1634,#1635);
#718=EDGE_LOOP('',(#1636,#1637,#1638,#1639));
#719=AXIS2_PLACEMENT_3D('',#1640,#1641,#1642);
#720=EDGE_LOOP('',(#1643,#1644,#1645,#1646));
#721=AXIS2_PLACEMENT_3D('',#1647,#1648,#1649);
#722=EDGE_LOOP('',(#1650,#1651,#1652,#1653));
#723=AXIS2_PLACEMENT_3D('',#1654,#1655,#1656);
#724=EDGE_LOOP('',(#1657,#1658,#1659,#1660));
#725=AXIS2_PLACEMENT_3D('',#1661,#1662,#1663);
#726=EDGE_LOOP('',(#1664,#1665,#1666,#1667));
#727=AXIS2_PLACEMENT_3D('',#1668,#1669,#1670);
#728=EDGE_LOOP('',(#1671,#1672,#1673,#1674));
#729=AXIS2_PLACEMENT_3D('',#1675,#1676,#1677);
#730=EDGE_LOOP('',(#1678,#1679,#1680,#1681));
#731=AXIS2_PLACEMENT_3D('',#1682,#1683,#1684);
#732=EDGE_LOOP('',(#1685,#1686,#1687,#1688));
#733=AXIS2_PLACEMENT_3D('',#1689,#1690,#1691);
#734=EDGE_LOOP('',(#1692,#1693,#1694,#1695));
#735=AXIS2_PLACEMENT_3D('',#1696,#1697,#1698);
#736=EDGE_LOOP('',(#1699,#1700,#1701,#1702,#1703,#1704));
#737=AXIS2_PLACEMENT_3D('',#1705,#1706,#1707);
#738=EDGE_LOOP('',(#1708,#1709,#1710,#1711,#1712,#1713));
#739=AXIS2_PLACEMENT_3D('',#1714,#1715,#1716);
#740=EDGE_LOOP('',(#1717,#1718,#1719,#1720));
#741=AXIS2_PLACEMENT_3D('',#1721,#1722,#1723);
#742=EDGE_LOOP('',(#1724,#1725,#1726,#1727));
#743=AXIS2_PLACEMENT_3D('',#1728,#1729,#1730);
#744=EDGE_LOOP('',(#1731,#1732,#1733,#1734));
#745=AXIS2_PLACEMENT_3D('',#1735,#1736,#1737);
#746=EDGE_LOOP('',(#1738,#1739,#1740,#1741,#1742,#1743));
#747=AXIS2_PLACEMENT_3D('',#1744,#1745,#1746);
#748=EDGE_LOOP('',(#1747,#1748,#1749,#1750,#1751,#1752));
#749=AXIS2_PLACEMENT_3D('',#1753,#1754,#1755);
#750=EDGE_LOOP('',(#1756,#1757,#1758,#1759));
#751=AXIS2_PLACEMENT_3D('',#1760,#1761,#1762);
#752=EDGE_LOOP('',(#1763,#1764,#1765,#1766));
#753=AXIS2_PLACEMENT_3D('',#1767,#1768,#1769);
#754=EDGE_LOOP('',(#1770,#1771,#1772,#1773));
#755=AXIS2_PLACEMENT_3D('',#1774,#1775,#1776);
#756=EDGE_LOOP('',(#1777,#1778,#1779,#1780));
#757=AXIS2_PLACEMENT_3D('',#1781,#1782,#1783);
#758=EDGE_LOOP('',(#1784,#1785,#1786,#1787));
#759=AXIS2_PLACEMENT_3D('',#1788,#1789,#1790);
#760=EDGE_LOOP('',(#1791,#1792,#1793,#1794));
#761=AXIS2_PLACEMENT_3D('',#1795,#1796,#1797);
#762=EDGE_LOOP('',(#1798,#1799,#1800,#1801));
#763=AXIS2_PLACEMENT_3D('',#1802,#1803,#1804);
#764=EDGE_LOOP('',(#1805,#1806,#1807,#1808,#1809,#1810));
#765=AXIS2_PLACEMENT_3D('',#1811,#1812,#1813);
#766=EDGE_LOOP('',(#1814,#1815,#1816,#1817,#1818,#1819));
#767=AXIS2_PLACEMENT_3D('',#1820,#1821,#1822);
#768=EDGE_LOOP('',(#1823,#1824,#1825,#1826));
#769=AXIS2_PLACEMENT_3D('',#1827,#1828,#1829);
#770=EDGE_LOOP('',(#1830,#1831,#1832,#1833));
#771=AXIS2_PLACEMENT_3D('',#1834,#1835,#1836);
#772=EDGE_LOOP('',(#1837,#1838,#1839,#1840));
#773=AXIS2_PLACEMENT_3D('',#1841,#1842,#1843);
#774=EDGE_LOOP('',(#1844,#1845,#1846,#1847,#1848,#1849));
#775=AXIS2_PLACEMENT_3D('',#1850,#1851,#1852);
#776=EDGE_LOOP('',(#1853,#1854,#1855,#1856,#1857,#1858));
#777=AXIS2_PLACEMENT_3D('',#1859,#1860,#1861);
#778=EDGE_LOOP('',(#1862,#1863,#1864,#1865));
#779=AXIS2_PLACEMENT_3D('',#1866,#1867,#1868);
#780=EDGE_LOOP('',(#1869,#1870,#1871,#1872));
#781=AXIS2_PLACEMENT_3D('',#1873,#1874,#1875);
#782=EDGE_LOOP('',(#1876,#1877,#1878,#1879));
#783=AXIS2_PLACEMENT_3D('',#1880,#1881,#1882);
#784=EDGE_LOOP('',(#1883,#1884,#1885,#1886));
#785=AXIS2_PLACEMENT_3D('',#1887,#1888,#1889);
#786=EDGE_LOOP('',(#1890,#1891,#1892,#1893));
#787=AXIS2_PLACEMENT_3D('',#1894,#1895,#1896);
#788=EDGE_LOOP('',(#1897,#1898,#1899,#1900));
#789=AXIS2_PLACEMENT_3D('',#1901,#1902,#1903);
#790=EDGE_LOOP('',(#1904,#1905,#1906,#1907));
#791=AXIS2_PLACEMENT_3D('',#1908,#1909,#1910);
#792=EDGE_LOOP('',(#1911,#1912,#1913,#1914));
#793=AXIS2_PLACEMENT_3D('',#1915,#1916,#1917);
#794=EDGE_LOOP('',(#1918,#1919,#1920,#1921));
#795=AXIS2_PLACEMENT_3D('',#1922,#1923,#1924);
#796=EDGE_LOOP('',(#1925,#1926,#1927,#1928));
#797=AXIS2_PLACEMENT_3D('',#1929,#1930,#1931);
#798=EDGE_LOOP('',(#1932,#1933,#1934,#1935));
#799=AXIS2_PLACEMENT_3D('',#1936,#1937,#1938);
#800=EDGE_LOOP('',(#1939,#1940,#1941,#1942));
#801=AXIS2_PLACEMENT_3D('',#1943,#1944,#1945);
#802=EDGE_LOOP('',(#1946,#1947,#1948,#1949,#1950,#1951,#1952,#1953,#1954,#1955,#1956,#1957,#1958,#1959));
#803=AXIS2_PLACEMENT_3D('',#1960,#1961,#1962);
#804=EDGE_LOOP('',(#1963,#1964,#1965,#1966,#1967,#1968,#1969,#1970,#1971,#1972,#1973,#1974,#1975,#1976));
#805=AXIS2_PLACEMENT_3D('',#1977,#1978,#1979);
#806=EDGE_LOOP('',(#1980,#1981,#1982,#1983));
#807=AXIS2_PLACEMENT_3D('',#1984,#1985,#1986);
#808=EDGE_LOOP('',(#1987,#1988,#1989,#1990));
#809=AXIS2_PLACEMENT_3D('',#1991,#1992,#1993);
#810=EDGE_LOOP('',(#1994,#1995,#1996,#1997));
#811=AXIS2_PLACEMENT_3D('',#1998,#1999,#2000);
#812=EDGE_LOOP('',(#2001,#2002,#2003,#2004));
#813=AXIS2_PLACEMENT_3D('',#2005,#2006,#2007);
#814=EDGE_LOOP('',(#2008,#2009,#2010,#2011));
#815=AXIS2_PLACEMENT_3D('',#2012,#2013,#2014);
#816=EDGE_LOOP('',(#2015,#2016,#2017,#2018));
#817=AXIS2_PLACEMENT_3D('',#2019,#2020,#2021);
#818=EDGE_LOOP('',(#2022,#2023,#2024,#2025));
#819=AXIS2_PLACEMENT_3D('',#2026,#2027,#2028);
#820=EDGE_LOOP('',(#2029,#2030,#2031,#2032));
#821=AXIS2_PLACEMENT_3D('',#2033,#2034,#2035);
#822=EDGE_LOOP('',(#2036,#2037,#2038,#2039));
#823=AXIS2_PLACEMENT_3D('',#2040,#2041,#2042);
#824=EDGE_LOOP('',(#2043,#2044,#2045,#2046));
#825=AXIS2_PLACEMENT_3D('',#2047,#2048,#2049);
#826=EDGE_LOOP('',(#2050,#2051,#2052,#2053));
#827=AXIS2_PLACEMENT_3D('',#2054,#2055,#2056);
#828=EDGE_LOOP('',(#2057,#2058,#2059,#2060));
#829=AXIS2_PLACEMENT_3D('',#2061,#2062,#2063);
#830=EDGE_LOOP('',(#2064,#2065,#2066,#2067));
#831=AXIS2_PLACEMENT_3D('',#2068,#2069,#2070);
#832=EDGE_LOOP('',(#2071,#2072,#2073,#2074));
#833=AXIS2_PLACEMENT_3D('',#2075,#2076,#2077);
#834=EDGE_LOOP('',(#2078,#2079,#2080,#2081,#2082,#2083,#2084,#2085,#2086,#2087,#2088,#2089,#2090,#2091));
#835=AXIS2_PLACEMENT_3D('',#2092,#2093,#2094);
#836=EDGE_LOOP('',(#2095,#2096,#2097,#2098,#2099,#2100,#2101,#2102,#2103,#2104,#2105,#2106,#2107,#2108));
#837=AXIS2_PLACEMENT_3D('',#2109,#2110,#2111);
#838=EDGE_LOOP('',(#2112,#2113,#2114,#2115));
#839=AXIS2_PLACEMENT_3D('',#2116,#2117,#2118);
#840=EDGE_LOOP('',(#2119,#2120,#2121,#2122));
#841=AXIS2_PLACEMENT_3D('',#2123,#2124,#2125);
#842=EDGE_LOOP('',(#2126,#2127,#2128,#2129));
#843=AXIS2_PLACEMENT_3D('',#2130,#2131,#2132);
#844=EDGE_LOOP('',(#2133,#2134,#2135,#2136));
#845=AXIS2_PLACEMENT_3D('',#2137,#2138,#2139);
#846=EDGE_LOOP('',(#2140,#2141,#2142,#2143));
#847=AXIS2_PLACEMENT_3D('',#2144,#2145,#2146);
#848=EDGE_LOOP('',(#2147,#2148,#2149,#2150));
#849=AXIS2_PLACEMENT_3D('',#2151,#2152,#2153);
#850=EDGE_LOOP('',(#2154,#2155,#2156,#2157));
#851=AXIS2_PLACEMENT_3D('',#2158,#2159,#2160);
#852=EDGE_LOOP('',(#2161,#2162,#2163,#2164));
#853=AXIS2_PLACEMENT_3D('',#2165,#2166,#2167);
#854=EDGE_LOOP('',(#2168,#2169,#2170,#2171));
#855=AXIS2_PLACEMENT_3D('',#2172,#2173,#2174);
#856=EDGE_LOOP('',(#2175,#2176,#2177,#2178));
#857=AXIS2_PLACEMENT_3D('',#2179,#2180,#2181);
#858=EDGE_LOOP('',(#2182,#2183,#2184,#2185));
#859=AXIS2_PLACEMENT_3D('',#2186,#2187,#2188);
#860=EDGE_LOOP('',(#2189,#2190,#2191,#2192));
#861=AXIS2_PLACEMENT_3D('',#2193,#2194,#2195);
#862=EDGE_LOOP('',(#2196,#2197,#2198,#2199));
#863=AXIS2_PLACEMENT_3D('',#2200,#2201,#2202);
#864=EDGE_LOOP('',(#2203,#2204,#2205,#2206));
#865=AXIS2_PLACEMENT_3D('',#2207,#2208,#2209);
#866=EDGE_LOOP('',(#2210,#2211,#2212,#2213,#2214,#2215,#2216,#2217,#2218,#2219,#2220,#2221,#2222,#2223));
#867=AXIS2_PLACEMENT_3D('',#2224,#2225,#2226);
#868=EDGE_LOOP('',(#2227,#2228,#2229,#2230,#2231,#2232,#2233,#2234,#2235,#2236,#2237,#2238,#2239,#2240));
#869=AXIS2_PLACEMENT_3D('',#2241,#2242,#2243);
#870=EDGE_LOOP('',(#2244,#2245,#2246,#2247));
#871=AXIS2_PLACEMENT_3D('',#2248,#2249,#2250);
#872=EDGE_LOOP('',(#2251,#2252,#2253,#2254));
#873=AXIS2_PLACEMENT_3D('',#2255,#2256,#2257);
#874=EDGE_LOOP('',(#2258,#2259,#2260,#2261));
#875=AXIS2_PLACEMENT_3D('',#2262,#2263,#2264);
#876=EDGE_LOOP('',(#2265,#2266,#2267,#2268));
#877=AXIS2_PLACEMENT_3D('',#2269,#2270,#2271);
#878=EDGE_LOOP('',(#2272,#2273,#2274,#2275));
#879=AXIS2_PLACEMENT_3D('',#2276,#2277,#2278);
#880=EDGE_LOOP('',(#2279,#2280,#2281,#2282));
#881=AXIS2_PLACEMENT_3D('',#2283,#2284,#2285);
#882=EDGE_LOOP('',(#2286,#2287,#2288,#2289));
#883=AXIS2_PLACEMENT_3D('',#2290,#2291,#2292);
#884=EDGE_LOOP('',(#2293,#2294,#2295,#2296,#2297));
#885=AXIS2_PLACEMENT_3D('',#2298,#2299,#2300);
#886=EDGE_LOOP('',(#2301,#2302,#2303,#2304));
#887=AXIS2_PLACEMENT_3D('',#2305,#2306,#2307);
#888=EDGE_LOOP('',(#2308,#2309,#2310,#2311,#2312));
#889=AXIS2_PLACEMENT_3D('',#2313,#2314,#2315);
#890=EDGE_LOOP('',(#2316,#2317,#2318,#2319));
#891=AXIS2_PLACEMENT_3D('',#2320,#2321,#2322);
#892=EDGE_LOOP('',(#2323,#2324,#2325,#2326,#2327));
#893=AXIS2_PLACEMENT_3D('',#2328,#2329,#2330);
#894=EDGE_LOOP('',(#2331,#2332,#2333,#2334));
#895=AXIS2_PLACEMENT_3D('',#2335,#2336,#2337);
#896=EDGE_LOOP('',(#2338,#2339,#2340,#2341,#2342));
#897=AXIS2_PLACEMENT_3D('',#2343,#2344,#2345);
#898=EDGE_LOOP('',(#2346,#2347,#2348,#2349));
#899=AXIS2_PLACEMENT_3D('',#2350,#2351,#2352);
#900=EDGE_LOOP('',(#2353,#2354,#2355,#2356,#2357));
#901=AXIS2_PLACEMENT_3D('',#2358,#2359,#2360);
#902=EDGE_LOOP('',(#2361,#2362,#2363,#2364));
#903=AXIS2_PLACEMENT_3D('',#2365,#2366,#2367);
#904=EDGE_LOOP('',(#2368,#2369,#2370,#2371,#2372));
#905=AXIS2_PLACEMENT_3D('',#2373,#2374,#2375);
#906=EDGE_LOOP('',(#2376,#2377,#2378,#2379));
#907=AXIS2_PLACEMENT_3D('',#2380,#2381,#2382);
#908=EDGE_LOOP('',(#2383,#2384,#2385,#2386));
#909=AXIS2_PLACEMENT_3D('',#2387,#2388,#2389);
#910=EDGE_LOOP('',(#2390,#2391,#2392,#2393));
#911=AXIS2_PLACEMENT_3D('',#2394,#2395,#2396);
#912=EDGE_LOOP('',(#2397,#2398,#2399));
#913=AXIS2_PLACEMENT_3D('',#2400,#2401,#2402);
#914=FILL_AREA_STYLE_COLOUR('',#2403);
#915=ORIENTED_EDGE('',*,*,#2404,.F.);
#916=ORIENTED_EDGE('',*,*,#2405,.T.);
#917=ORIENTED_EDGE('',*,*,#2406,.T.);
#918=ORIENTED_EDGE('',*,*,#2407,.T.);
#919=ORIENTED_EDGE('',*,*,#2408,.T.);
#920=ORIENTED_EDGE('',*,*,#2409,.F.);
#921=ORIENTED_EDGE('',*,*,#2410,.F.);
#922=ORIENTED_EDGE('',*,*,#2411,.T.);
#923=ORIENTED_EDGE('',*,*,#2412,.T.);
#924=ORIENTED_EDGE('',*,*,#2413,.F.);
#925=ORIENTED_EDGE('',*,*,#2414,.F.);
#926=ORIENTED_EDGE('',*,*,#2415,.T.);
#927=ORIENTED_EDGE('',*,*,#2416,.T.);
#928=ORIENTED_EDGE('',*,*,#2417,.F.);
#929=ORIENTED_EDGE('',*,*,#2418,.F.);
#930=ORIENTED_EDGE('',*,*,#2419,.T.);
#931=ORIENTED_EDGE('',*,*,#2420,.T.);
#932=ORIENTED_EDGE('',*,*,#2421,.F.);
#933=ORIENTED_EDGE('',*,*,#2422,.F.);
#934=ORIENTED_EDGE('',*,*,#2423,.T.);
#935=CARTESIAN_POINT('',(1.0,3.47,0.0));
#936=DIRECTION('',(-0.0,1.0,0.0));
#937=DIRECTION('',(1.0,0.0,0.0));
#938=ORIENTED_EDGE('',*,*,#2424,.F.);
#939=ORIENTED_EDGE('',*,*,#2425,.T.);
#940=ORIENTED_EDGE('',*,*,#2426,.T.);
#941=ORIENTED_EDGE('',*,*,#2427,.F.);
#942=ORIENTED_EDGE('',*,*,#2428,.F.);
#943=ORIENTED_EDGE('',*,*,#2429,.F.);
#944=ORIENTED_EDGE('',*,*,#2430,.F.);
#945=ORIENTED_EDGE('',*,*,#2431,.T.);
#946=ORIENTED_EDGE('',*,*,#2432,.F.);
#947=ORIENTED_EDGE('',*,*,#2433,.T.);
#948=ORIENTED_EDGE('',*,*,#2434,.T.);
#949=ORIENTED_EDGE('',*,*,#2435,.F.);
#950=ORIENTED_EDGE('',*,*,#2436,.F.);
#951=ORIENTED_EDGE('',*,*,#2437,.T.);
#952=ORIENTED_EDGE('',*,*,#2438,.T.);
#953=ORIENTED_EDGE('',*,*,#2439,.F.);
#954=ORIENTED_EDGE('',*,*,#2440,.F.);
#955=ORIENTED_EDGE('',*,*,#2441,.T.);
#956=ORIENTED_EDGE('',*,*,#2442,.T.);
#957=ORIENTED_EDGE('',*,*,#2443,.F.);
#958=CARTESIAN_POINT('',(1.5,4.29,0.56));
#959=DIRECTION('',(0.0,0.0,-1.0));
#960=DIRECTION('',(0.0,-1.0,0.0));
#961=ORIENTED_EDGE('',*,*,#2444,.T.);
#962=ORIENTED_EDGE('',*,*,#2445,.T.);
#963=ORIENTED_EDGE('',*,*,#2446,.T.);
#964=ORIENTED_EDGE('',*,*,#2447,.F.);
#965=ORIENTED_EDGE('',*,*,#2448,.T.);
#966=ORIENTED_EDGE('',*,*,#2449,.T.);
#967=ORIENTED_EDGE('',*,*,#2450,.T.);
#968=ORIENTED_EDGE('',*,*,#2451,.F.);
#969=ORIENTED_EDGE('',*,*,#2452,.T.);
#970=ORIENTED_EDGE('',*,*,#2453,.T.);
#971=ORIENTED_EDGE('',*,*,#2454,.T.);
#972=ORIENTED_EDGE('',*,*,#2455,.F.);
#973=ORIENTED_EDGE('',*,*,#2456,.T.);
#974=ORIENTED_EDGE('',*,*,#2457,.T.);
#975=ORIENTED_EDGE('',*,*,#2458,.T.);
#976=ORIENTED_EDGE('',*,*,#2459,.T.);
#977=ORIENTED_EDGE('',*,*,#2460,.F.);
#978=ORIENTED_EDGE('',*,*,#2461,.F.);
#979=ORIENTED_EDGE('',*,*,#2462,.T.);
#980=ORIENTED_EDGE('',*,*,#2463,.F.);
#981=CARTESIAN_POINT('',(1.5,3.91,0.32));
#982=DIRECTION('',(-0.0,1.0,0.0));
#983=DIRECTION('',(1.0,0.0,0.0));
#984=ORIENTED_EDGE('',*,*,#2464,.F.);
#985=ORIENTED_EDGE('',*,*,#2465,.T.);
#986=ORIENTED_EDGE('',*,*,#2424,.T.);
#987=ORIENTED_EDGE('',*,*,#2466,.F.);
#988=CARTESIAN_POINT('',(1.5,4.21,0.56));
#989=DIRECTION('',(-0.0,1.0,0.0));
#990=DIRECTION('',(1.0,0.0,0.0));
#991=ORIENTED_EDGE('',*,*,#2446,.F.);
#992=ORIENTED_EDGE('',*,*,#2467,.T.);
#993=ORIENTED_EDGE('',*,*,#2464,.T.);
#994=ORIENTED_EDGE('',*,*,#2468,.F.);
#995=CARTESIAN_POINT('',(1.5,4.21,0.32));
#996=DIRECTION('',(0.0,1.0842021724855E-15,-1.0));
#997=DIRECTION('',(-1.0,0.0,0.0));
#998=ORIENTED_EDGE('',*,*,#2469,.F.);
#999=ORIENTED_EDGE('',*,*,#2470,.T.);
#1000=ORIENTED_EDGE('',*,*,#2440,.T.);
#1001=ORIENTED_EDGE('',*,*,#2471,.F.);
#1002=CARTESIAN_POINT('',(1.5,4.21,0.56));
#1003=DIRECTION('',(-0.0,1.0,0.0));
#1004=DIRECTION('',(1.0,0.0,0.0));
#1005=ORIENTED_EDGE('',*,*,#2450,.F.);
#1006=ORIENTED_EDGE('',*,*,#2472,.T.);
#1007=ORIENTED_EDGE('',*,*,#2469,.T.);
#1008=ORIENTED_EDGE('',*,*,#2473,.F.);
#1009=CARTESIAN_POINT('',(1.5,4.21,0.32));
#1010=DIRECTION('',(0.0,1.0842021724855E-15,-1.0));
#1011=DIRECTION('',(-1.0,0.0,0.0));
#1012=ORIENTED_EDGE('',*,*,#2474,.F.);
#1013=ORIENTED_EDGE('',*,*,#2475,.T.);
#1014=ORIENTED_EDGE('',*,*,#2436,.T.);
#1015=ORIENTED_EDGE('',*,*,#2476,.F.);
#1016=CARTESIAN_POINT('',(1.5,4.21,0.56));
#1017=DIRECTION('',(-0.0,1.0,0.0));
#1018=DIRECTION('',(1.0,0.0,0.0));
#1019=ORIENTED_EDGE('',*,*,#2454,.F.);
#1020=ORIENTED_EDGE('',*,*,#2477,.T.);
#1021=ORIENTED_EDGE('',*,*,#2474,.T.);
#1022=ORIENTED_EDGE('',*,*,#2478,.F.);
#1023=CARTESIAN_POINT('',(1.5,4.21,0.32));
#1024=DIRECTION('',(0.0,1.0842021724855E-15,-1.0));
#1025=DIRECTION('',(-1.0,0.0,0.0));
#1026=ORIENTED_EDGE('',*,*,#2479,.F.);
#1027=ORIENTED_EDGE('',*,*,#2480,.F.);
#1028=ORIENTED_EDGE('',*,*,#2481,.T.);
#1029=ORIENTED_EDGE('',*,*,#2482,.T.);
#1030=ORIENTED_EDGE('',*,*,#2483,.F.);
#1031=ORIENTED_EDGE('',*,*,#2484,.T.);
#1032=ORIENTED_EDGE('',*,*,#2485,.F.);
#1033=ORIENTED_EDGE('',*,*,#2486,.F.);
#1034=CARTESIAN_POINT('',(0.0,0.0,0.55));
#1035=DIRECTION('',(0.0,0.0,1.0));
#1036=DIRECTION('',(1.0,0.0,0.0));
#1037=ORIENTED_EDGE('',*,*,#2487,.T.);
#1038=ORIENTED_EDGE('',*,*,#2488,.F.);
#1039=ORIENTED_EDGE('',*,*,#2489,.F.);
#1040=ORIENTED_EDGE('',*,*,#2490,.T.);
#1041=ORIENTED_EDGE('',*,*,#2491,.F.);
#1042=ORIENTED_EDGE('',*,*,#2492,.T.);
#1043=ORIENTED_EDGE('',*,*,#2493,.F.);
#1044=ORIENTED_EDGE('',*,*,#2494,.F.);
#1045=CARTESIAN_POINT('',(0.0,0.0,-0.1));
#1046=DIRECTION('',(0.0,0.0,-1.0));
#1047=DIRECTION('',(0.0,-1.0,0.0));
#1048=ORIENTED_EDGE('',*,*,#2495,.F.);
#1049=ORIENTED_EDGE('',*,*,#2496,.T.);
#1050=ORIENTED_EDGE('',*,*,#2432,.T.);
#1051=ORIENTED_EDGE('',*,*,#2497,.T.);
#1052=CARTESIAN_POINT('',(1.5,4.21,0.56));
#1053=DIRECTION('',(-0.0,1.0,0.0));
#1054=DIRECTION('',(1.0,0.0,0.0));
#1055=ORIENTED_EDGE('',*,*,#2458,.F.);
#1056=ORIENTED_EDGE('',*,*,#2498,.T.);
#1057=ORIENTED_EDGE('',*,*,#2495,.T.);
#1058=ORIENTED_EDGE('',*,*,#2499,.T.);
#1059=CARTESIAN_POINT('',(1.5,4.21,0.32));
#1060=DIRECTION('',(0.0,1.0842021724855E-15,-1.0));
#1061=DIRECTION('',(-1.0,0.0,0.0));
#1062=ORIENTED_EDGE('',*,*,#2500,.T.);
#1063=ORIENTED_EDGE('',*,*,#2501,.T.);
#1064=ORIENTED_EDGE('',*,*,#2502,.T.);
#1065=ORIENTED_EDGE('',*,*,#2503,.T.);
#1066=CARTESIAN_POINT('',(0.700000000000001,-0.21,0.0));
#1067=DIRECTION('',(1.0,0.0,0.0));
#1068=DIRECTION('',(0.0,1.0,0.0));
#1069=ORIENTED_EDGE('',*,*,#2502,.F.);
#1070=ORIENTED_EDGE('',*,*,#2504,.T.);
#1071=ORIENTED_EDGE('',*,*,#2505,.T.);
#1072=ORIENTED_EDGE('',*,*,#2506,.T.);
#1073=ORIENTED_EDGE('',*,*,#2507,.T.);
#1074=ORIENTED_EDGE('',*,*,#2508,.T.);
#1075=ORIENTED_EDGE('',*,*,#2509,.T.);
#1076=ORIENTED_EDGE('',*,*,#2510,.T.);
#1077=CARTESIAN_POINT('',(0.700000000000001,0.870000000000001,0.0));
#1078=DIRECTION('',(0.0,-1.0,0.0));
#1079=DIRECTION('',(0.0,0.0,-1.0));
#1080=ORIENTED_EDGE('',*,*,#2511,.F.);
#1081=ORIENTED_EDGE('',*,*,#2512,.T.);
#1082=ORIENTED_EDGE('',*,*,#2500,.F.);
#1083=ORIENTED_EDGE('',*,*,#2513,.F.);
#1084=ORIENTED_EDGE('',*,*,#2514,.T.);
#1085=ORIENTED_EDGE('',*,*,#2515,.T.);
#1086=ORIENTED_EDGE('',*,*,#2516,.T.);
#1087=ORIENTED_EDGE('',*,*,#2517,.T.);
#1088=ORIENTED_EDGE('',*,*,#2518,.F.);
#1089=ORIENTED_EDGE('',*,*,#2519,.T.);
#1090=ORIENTED_EDGE('',*,*,#2520,.F.);
#1091=CARTESIAN_POINT('',(0.150000000000002,-0.21,1.2));
#1092=DIRECTION('',(-0.0,1.0,0.0));
#1093=DIRECTION('',(1.0,0.0,0.0));
#1094=ORIENTED_EDGE('',*,*,#2521,.F.);
#1095=ORIENTED_EDGE('',*,*,#2522,.F.);
#1096=ORIENTED_EDGE('',*,*,#2523,.F.);
#1097=ORIENTED_EDGE('',*,*,#2524,.F.);
#1098=ORIENTED_EDGE('',*,*,#2525,.T.);
#1099=ORIENTED_EDGE('',*,*,#2526,.T.);
#1100=ORIENTED_EDGE('',*,*,#2527,.T.);
#1101=ORIENTED_EDGE('',*,*,#2528,.T.);
#1102=ORIENTED_EDGE('',*,*,#2529,.T.);
#1103=ORIENTED_EDGE('',*,*,#2530,.T.);
#1104=ORIENTED_EDGE('',*,*,#2531,.T.);
#1105=ORIENTED_EDGE('',*,*,#2532,.F.);
#1106=ORIENTED_EDGE('',*,*,#2533,.T.);
#1107=ORIENTED_EDGE('',*,*,#2534,.F.);
#1108=ORIENTED_EDGE('',*,*,#2535,.F.);
#1109=ORIENTED_EDGE('',*,*,#2536,.T.);
#1110=ORIENTED_EDGE('',*,*,#2537,.T.);
#1111=ORIENTED_EDGE('',*,*,#2538,.T.);
#1112=ORIENTED_EDGE('',*,*,#2539,.T.);
#1113=ORIENTED_EDGE('',*,*,#2540,.T.);
#1114=ORIENTED_EDGE('',*,*,#2541,.T.);
#1115=ORIENTED_EDGE('',*,*,#2542,.T.);
#1116=ORIENTED_EDGE('',*,*,#2543,.F.);
#1117=ORIENTED_EDGE('',*,*,#2544,.F.);
#1118=ORIENTED_EDGE('',*,*,#2545,.F.);
#1119=CARTESIAN_POINT('',(0.0,0.0,1.2));
#1120=DIRECTION('',(0.0,0.0,1.0));
#1121=DIRECTION('',(1.0,0.0,0.0));
#1122=ORIENTED_EDGE('',*,*,#2546,.F.);
#1123=ORIENTED_EDGE('',*,*,#2547,.F.);
#1124=ORIENTED_EDGE('',*,*,#2481,.F.);
#1125=ORIENTED_EDGE('',*,*,#2548,.F.);
#1126=CARTESIAN_POINT('',(-4.55,-0.21,0.55));
#1127=DIRECTION('',(1.0,0.0,0.0));
#1128=DIRECTION('',(0.0,1.0,0.0));
#1129=ORIENTED_EDGE('',*,*,#2549,.F.);
#1130=ORIENTED_EDGE('',*,*,#2542,.F.);
#1131=ORIENTED_EDGE('',*,*,#2550,.T.);
#1132=ORIENTED_EDGE('',*,*,#2482,.F.);
#1133=ORIENTED_EDGE('',*,*,#2547,.T.);
#1134=ORIENTED_EDGE('',*,*,#2551,.F.);
#1135=CARTESIAN_POINT('',(-4.55,0.65,0.55));
#1136=DIRECTION('',(-3.94255335449276E-16,1.0,0.0));
#1137=DIRECTION('',(1.0,3.94255335449276E-16,-0.0));
#1138=ORIENTED_EDGE('',*,*,#2552,.F.);
#1139=ORIENTED_EDGE('',*,*,#2553,.F.);
#1140=ORIENTED_EDGE('',*,*,#2554,.T.);
#1141=ORIENTED_EDGE('',*,*,#2555,.F.);
#1142=ORIENTED_EDGE('',*,*,#2556,.T.);
#1143=ORIENTED_EDGE('',*,*,#2557,.T.);
#1144=ORIENTED_EDGE('',*,*,#2515,.F.);
#1145=ORIENTED_EDGE('',*,*,#2558,.F.);
#1146=ORIENTED_EDGE('',*,*,#2559,.F.);
#1147=ORIENTED_EDGE('',*,*,#2560,.F.);
#1148=ORIENTED_EDGE('',*,*,#2561,.F.);
#1149=ORIENTED_EDGE('',*,*,#2562,.F.);
#1150=CARTESIAN_POINT('',(0.0,0.0,-0.2));
#1151=DIRECTION('',(0.0,0.0,1.0));
#1152=DIRECTION('',(1.0,0.0,0.0));
#1153=ORIENTED_EDGE('',*,*,#2563,.F.);
#1154=ORIENTED_EDGE('',*,*,#2555,.T.);
#1155=ORIENTED_EDGE('',*,*,#2564,.T.);
#1156=ORIENTED_EDGE('',*,*,#2565,.F.);
#1157=ORIENTED_EDGE('',*,*,#2459,.F.);
#1158=ORIENTED_EDGE('',*,*,#2499,.F.);
#1159=ORIENTED_EDGE('',*,*,#2497,.F.);
#1160=ORIENTED_EDGE('',*,*,#2431,.F.);
#1161=ORIENTED_EDGE('',*,*,#2566,.F.);
#1162=ORIENTED_EDGE('',*,*,#2539,.F.);
#1163=ORIENTED_EDGE('',*,*,#2567,.T.);
#1164=ORIENTED_EDGE('',*,*,#2568,.T.);
#1165=ORIENTED_EDGE('',*,*,#2518,.T.);
#1166=ORIENTED_EDGE('',*,*,#2569,.T.);
#1167=CARTESIAN_POINT('',(1.5,-0.21,1.2));
#1168=DIRECTION('',(-1.0,-2.4093381610789E-16,0.0));
#1169=DIRECTION('',(-2.4093381610789E-16,1.0,0.0));
#1170=ORIENTED_EDGE('',*,*,#2487,.F.);
#1171=ORIENTED_EDGE('',*,*,#2570,.F.);
#1172=ORIENTED_EDGE('',*,*,#2479,.T.);
#1173=ORIENTED_EDGE('',*,*,#2550,.F.);
#1174=ORIENTED_EDGE('',*,*,#2541,.F.);
#1175=ORIENTED_EDGE('',*,*,#2571,.T.);
#1176=ORIENTED_EDGE('',*,*,#2429,.T.);
#1177=ORIENTED_EDGE('',*,*,#2572,.T.);
#1178=ORIENTED_EDGE('',*,*,#2573,.T.);
#1179=ORIENTED_EDGE('',*,*,#2461,.T.);
#1180=ORIENTED_EDGE('',*,*,#2574,.T.);
#1181=ORIENTED_EDGE('',*,*,#2575,.T.);
#1182=ORIENTED_EDGE('',*,*,#2553,.T.);
#1183=ORIENTED_EDGE('',*,*,#2576,.F.);
#1184=CARTESIAN_POINT('',(-5.1,4.29,1.2));
#1185=DIRECTION('',(1.0,0.0,0.0));
#1186=DIRECTION('',(0.0,1.0,0.0));
#1187=ORIENTED_EDGE('',*,*,#2532,.T.);
#1188=ORIENTED_EDGE('',*,*,#2577,.T.);
#1189=ORIENTED_EDGE('',*,*,#2578,.T.);
#1190=ORIENTED_EDGE('',*,*,#2579,.T.);
#1191=ORIENTED_EDGE('',*,*,#2580,.F.);
#1192=ORIENTED_EDGE('',*,*,#2581,.F.);
#1193=ORIENTED_EDGE('',*,*,#2582,.F.);
#1194=ORIENTED_EDGE('',*,*,#2583,.F.);
#1195=ORIENTED_EDGE('',*,*,#2533,.F.);
#1196=CARTESIAN_POINT('',(1.27,2.44,0.0));
#1197=DIRECTION('',(-7.47725636196901E-16,1.0,0.0));
#1198=DIRECTION('',(1.0,7.47725636196901E-16,-0.0));
#1199=ORIENTED_EDGE('',*,*,#2584,.F.);
#1200=ORIENTED_EDGE('',*,*,#2585,.T.);
#1201=ORIENTED_EDGE('',*,*,#2586,.T.);
#1202=ORIENTED_EDGE('',*,*,#2587,.F.);
#1203=CARTESIAN_POINT('',(-4.87,2.44,0.0));
#1204=DIRECTION('',(-1.0,0.0,0.0));
#1205=DIRECTION('',(0.0,0.0,1.0));
#1206=ORIENTED_EDGE('',*,*,#2588,.F.);
#1207=ORIENTED_EDGE('',*,*,#2589,.T.);
#1208=ORIENTED_EDGE('',*,*,#2524,.T.);
#1209=ORIENTED_EDGE('',*,*,#2590,.T.);
#1210=ORIENTED_EDGE('',*,*,#2591,.F.);
#1211=ORIENTED_EDGE('',*,*,#2592,.F.);
#1212=ORIENTED_EDGE('',*,*,#2593,.F.);
#1213=ORIENTED_EDGE('',*,*,#2587,.T.);
#1214=ORIENTED_EDGE('',*,*,#2594,.T.);
#1215=CARTESIAN_POINT('',(-4.29,2.44,0.0));
#1216=DIRECTION('',(-0.0,1.0,0.0));
#1217=DIRECTION('',(1.0,0.0,0.0));
#1218=ORIENTED_EDGE('',*,*,#2595,.F.);
#1219=ORIENTED_EDGE('',*,*,#2596,.T.);
#1220=ORIENTED_EDGE('',*,*,#2560,.T.);
#1221=ORIENTED_EDGE('',*,*,#2597,.F.);
#1222=CARTESIAN_POINT('',(-3.75,-0.21,1.2));
#1223=DIRECTION('',(-0.783110847498294,0.621882143601587,0.0));
#1224=DIRECTION('',(0.0,0.0,1.0));
#1225=ORIENTED_EDGE('',*,*,#2598,.F.);
#1226=ORIENTED_EDGE('',*,*,#2597,.T.);
#1227=ORIENTED_EDGE('',*,*,#2559,.T.);
#1228=ORIENTED_EDGE('',*,*,#2599,.F.);
#1229=CARTESIAN_POINT('',(-3.21,0.47,1.2));
#1230=DIRECTION('',(-5.95926726011536E-16,1.0,0.0));
#1231=DIRECTION('',(1.0,5.95926726011536E-16,-0.0));
#1232=ORIENTED_EDGE('',*,*,#2600,.F.);
#1233=ORIENTED_EDGE('',*,*,#2599,.T.);
#1234=ORIENTED_EDGE('',*,*,#2558,.T.);
#1235=ORIENTED_EDGE('',*,*,#2514,.F.);
#1236=CARTESIAN_POINT('',(-0.389999999999999,0.470000000000001,1.2));
#1237=DIRECTION('',(0.783110847498294,0.621882143601586,0.0));
#1238=DIRECTION('',(0.0,0.0,-1.0));
#1239=ORIENTED_EDGE('',*,*,#2601,.T.);
#1240=ORIENTED_EDGE('',*,*,#2602,.T.);
#1241=ORIENTED_EDGE('',*,*,#2603,.T.);
#1242=ORIENTED_EDGE('',*,*,#2548,.T.);
#1243=ORIENTED_EDGE('',*,*,#2480,.T.);
#1244=ORIENTED_EDGE('',*,*,#2570,.T.);
#1245=ORIENTED_EDGE('',*,*,#2490,.F.);
#1246=ORIENTED_EDGE('',*,*,#2604,.T.);
#1247=ORIENTED_EDGE('',*,*,#2561,.T.);
#1248=ORIENTED_EDGE('',*,*,#2596,.F.);
#1249=ORIENTED_EDGE('',*,*,#2605,.F.);
#1250=CARTESIAN_POINT('',(-5.1,-0.21,1.2));
#1251=DIRECTION('',(2.00778180089909E-16,1.0,0.0));
#1252=DIRECTION('',(1.0,-2.00778180089909E-16,0.0));
#1253=ORIENTED_EDGE('',*,*,#2566,.T.);
#1254=ORIENTED_EDGE('',*,*,#2430,.T.);
#1255=ORIENTED_EDGE('',*,*,#2571,.F.);
#1256=ORIENTED_EDGE('',*,*,#2540,.F.);
#1257=CARTESIAN_POINT('',(1.5,4.29,1.2));
#1258=DIRECTION('',(3.94255335449274E-16,-1.0,0.0));
#1259=DIRECTION('',(0.0,0.0,-1.0));
#1260=ORIENTED_EDGE('',*,*,#2606,.F.);
#1261=ORIENTED_EDGE('',*,*,#2607,.T.);
#1262=ORIENTED_EDGE('',*,*,#2608,.T.);
#1263=ORIENTED_EDGE('',*,*,#2407,.F.);
#1264=ORIENTED_EDGE('',*,*,#2609,.F.);
#1265=ORIENTED_EDGE('',*,*,#2610,.F.);
#1266=ORIENTED_EDGE('',*,*,#2611,.F.);
#1267=ORIENTED_EDGE('',*,*,#2594,.F.);
#1268=ORIENTED_EDGE('',*,*,#2586,.F.);
#1269=ORIENTED_EDGE('',*,*,#2612,.F.);
#1270=ORIENTED_EDGE('',*,*,#2613,.F.);
#1271=ORIENTED_EDGE('',*,*,#2605,.T.);
#1272=ORIENTED_EDGE('',*,*,#2595,.T.);
#1273=ORIENTED_EDGE('',*,*,#2598,.T.);
#1274=ORIENTED_EDGE('',*,*,#2600,.T.);
#1275=ORIENTED_EDGE('',*,*,#2513,.T.);
#1276=ORIENTED_EDGE('',*,*,#2503,.F.);
#1277=ORIENTED_EDGE('',*,*,#2510,.F.);
#1278=ORIENTED_EDGE('',*,*,#2614,.F.);
#1279=ORIENTED_EDGE('',*,*,#2579,.F.);
#1280=ORIENTED_EDGE('',*,*,#2615,.F.);
#1281=ORIENTED_EDGE('',*,*,#2616,.F.);
#1282=ORIENTED_EDGE('',*,*,#2617,.F.);
#1283=ORIENTED_EDGE('',*,*,#2423,.F.);
#1284=ORIENTED_EDGE('',*,*,#2618,.F.);
#1285=ORIENTED_EDGE('',*,*,#2619,.T.);
#1286=ORIENTED_EDGE('',*,*,#2620,.T.);
#1287=ORIENTED_EDGE('',*,*,#2419,.F.);
#1288=ORIENTED_EDGE('',*,*,#2621,.F.);
#1289=ORIENTED_EDGE('',*,*,#2622,.T.);
#1290=ORIENTED_EDGE('',*,*,#2623,.T.);
#1291=ORIENTED_EDGE('',*,*,#2415,.F.);
#1292=ORIENTED_EDGE('',*,*,#2624,.F.);
#1293=ORIENTED_EDGE('',*,*,#2625,.T.);
#1294=ORIENTED_EDGE('',*,*,#2626,.T.);
#1295=ORIENTED_EDGE('',*,*,#2411,.F.);
#1296=CARTESIAN_POINT('',(0.0,0.0,0.0));
#1297=DIRECTION('',(0.0,0.0,1.0));
#1298=DIRECTION('',(1.0,0.0,0.0));
#1299=ORIENTED_EDGE('',*,*,#2627,.T.);
#1300=ORIENTED_EDGE('',*,*,#2628,.T.);
#1301=ORIENTED_EDGE('',*,*,#2590,.F.);
#1302=ORIENTED_EDGE('',*,*,#2545,.T.);
#1303=CARTESIAN_POINT('',(-4.87,2.44,0.0));
#1304=DIRECTION('',(-1.0,0.0,0.0));
#1305=DIRECTION('',(0.0,0.0,1.0));
#1306=ORIENTED_EDGE('',*,*,#2629,.T.);
#1307=ORIENTED_EDGE('',*,*,#2630,.T.);
#1308=ORIENTED_EDGE('',*,*,#2631,.T.);
#1309=ORIENTED_EDGE('',*,*,#2612,.T.);
#1310=ORIENTED_EDGE('',*,*,#2585,.F.);
#1311=ORIENTED_EDGE('',*,*,#2632,.T.);
#1312=ORIENTED_EDGE('',*,*,#2633,.T.);
#1313=ORIENTED_EDGE('',*,*,#2634,.T.);
#1314=CARTESIAN_POINT('',(-4.87,0.87,0.0));
#1315=DIRECTION('',(3.80421814907194E-16,-1.0,0.0));
#1316=DIRECTION('',(0.0,0.0,-1.0));
#1317=ORIENTED_EDGE('',*,*,#2631,.F.);
#1318=ORIENTED_EDGE('',*,*,#2635,.T.);
#1319=ORIENTED_EDGE('',*,*,#2601,.F.);
#1320=ORIENTED_EDGE('',*,*,#2613,.T.);
#1321=CARTESIAN_POINT('',(-4.3,0.870000000000001,0.0));
#1322=DIRECTION('',(-1.0,8.03112720359633E-16,0.0));
#1323=DIRECTION('',(0.0,0.0,1.0));
#1324=ORIENTED_EDGE('',*,*,#2509,.F.);
#1325=ORIENTED_EDGE('',*,*,#2636,.T.);
#1326=ORIENTED_EDGE('',*,*,#2580,.T.);
#1327=ORIENTED_EDGE('',*,*,#2614,.T.);
#1328=CARTESIAN_POINT('',(1.27,0.870000000000001,0.0));
#1329=DIRECTION('',(1.0,0.0,0.0));
#1330=DIRECTION('',(0.0,1.0,0.0));
#1331=ORIENTED_EDGE('',*,*,#2578,.F.);
#1332=ORIENTED_EDGE('',*,*,#2637,.T.);
#1333=ORIENTED_EDGE('',*,*,#2638,.T.);
#1334=ORIENTED_EDGE('',*,*,#2615,.T.);
#1335=CARTESIAN_POINT('',(0.690000000000001,2.44,0.0));
#1336=DIRECTION('',(1.0,0.0,0.0));
#1337=DIRECTION('',(0.0,1.0,0.0));
#1338=ORIENTED_EDGE('',*,*,#2639,.T.);
#1339=ORIENTED_EDGE('',*,*,#2640,.T.);
#1340=ORIENTED_EDGE('',*,*,#2641,.T.);
#1341=ORIENTED_EDGE('',*,*,#2642,.T.);
#1342=ORIENTED_EDGE('',*,*,#2616,.T.);
#1343=ORIENTED_EDGE('',*,*,#2638,.F.);
#1344=CARTESIAN_POINT('',(0.690000000000001,2.84,1.2));
#1345=DIRECTION('',(0.0,0.997564050259824,0.0697564737441253));
#1346=DIRECTION('',(1.0,0.0,-0.0));
#1347=ORIENTED_EDGE('',*,*,#2642,.F.);
#1348=ORIENTED_EDGE('',*,*,#2643,.T.);
#1349=ORIENTED_EDGE('',*,*,#2404,.T.);
#1350=ORIENTED_EDGE('',*,*,#2617,.T.);
#1351=CARTESIAN_POINT('',(1.0,2.84,0.0));
#1352=DIRECTION('',(1.0,0.0,0.0));
#1353=DIRECTION('',(0.0,1.0,0.0));
#1354=ORIENTED_EDGE('',*,*,#2406,.F.);
#1355=ORIENTED_EDGE('',*,*,#2644,.T.);
#1356=ORIENTED_EDGE('',*,*,#2645,.T.);
#1357=ORIENTED_EDGE('',*,*,#2609,.T.);
#1358=CARTESIAN_POINT('',(-4.6,3.47,0.0));
#1359=DIRECTION('',(-1.0,0.0,0.0));
#1360=DIRECTION('',(0.0,0.0,1.0));
#1361=ORIENTED_EDGE('',*,*,#2646,.T.);
#1362=ORIENTED_EDGE('',*,*,#2647,.T.);
#1363=ORIENTED_EDGE('',*,*,#2648,.T.);
#1364=ORIENTED_EDGE('',*,*,#2610,.T.);
#1365=ORIENTED_EDGE('',*,*,#2645,.F.);
#1366=ORIENTED_EDGE('',*,*,#2649,.T.);
#1367=CARTESIAN_POINT('',(-4.6,2.84,1.2));
#1368=DIRECTION('',(0.0,0.997564050259824,0.0697564737441253));
#1369=DIRECTION('',(1.0,0.0,-0.0));
#1370=ORIENTED_EDGE('',*,*,#2648,.F.);
#1371=ORIENTED_EDGE('',*,*,#2650,.T.);
#1372=ORIENTED_EDGE('',*,*,#2588,.T.);
#1373=ORIENTED_EDGE('',*,*,#2611,.T.);
#1374=CARTESIAN_POINT('',(-4.29,2.84,0.0));
#1375=DIRECTION('',(-1.0,0.0,0.0));
#1376=DIRECTION('',(0.0,0.0,1.0));
#1377=ORIENTED_EDGE('',*,*,#2651,.T.);
#1378=ORIENTED_EDGE('',*,*,#2652,.T.);
#1379=ORIENTED_EDGE('',*,*,#2520,.T.);
#1380=ORIENTED_EDGE('',*,*,#2653,.F.);
#1381=CARTESIAN_POINT('',(0.950000000000001,0.650000000000002,0.55));
#1382=DIRECTION('',(-1.0,0.0,0.0));
#1383=DIRECTION('',(0.0,0.0,1.0));
#1384=ORIENTED_EDGE('',*,*,#2654,.T.);
#1385=ORIENTED_EDGE('',*,*,#2655,.T.);
#1386=ORIENTED_EDGE('',*,*,#2651,.F.);
#1387=ORIENTED_EDGE('',*,*,#2656,.F.);
#1388=ORIENTED_EDGE('',*,*,#2567,.F.);
#1389=ORIENTED_EDGE('',*,*,#2538,.F.);
#1390=CARTESIAN_POINT('',(1.5,0.650000000000002,0.55));
#1391=DIRECTION('',(-9.85638338623186E-16,1.0,0.0));
#1392=DIRECTION('',(1.0,9.85638338623186E-16,-0.0));
#1393=ORIENTED_EDGE('',*,*,#2657,.F.);
#1394=ORIENTED_EDGE('',*,*,#2658,.T.);
#1395=ORIENTED_EDGE('',*,*,#2659,.T.);
#1396=ORIENTED_EDGE('',*,*,#2660,.T.);
#1397=ORIENTED_EDGE('',*,*,#2653,.T.);
#1398=ORIENTED_EDGE('',*,*,#2519,.F.);
#1399=ORIENTED_EDGE('',*,*,#2568,.F.);
#1400=ORIENTED_EDGE('',*,*,#2656,.T.);
#1401=CARTESIAN_POINT('',(0.0,0.0,0.55));
#1402=DIRECTION('',(0.0,0.0,1.0));
#1403=DIRECTION('',(1.0,0.0,0.0));
#1404=ORIENTED_EDGE('',*,*,#2661,.F.);
#1405=ORIENTED_EDGE('',*,*,#2662,.F.);
#1406=ORIENTED_EDGE('',*,*,#2572,.F.);
#1407=ORIENTED_EDGE('',*,*,#2428,.T.);
#1408=CARTESIAN_POINT('',(1.5,4.21,0.56));
#1409=DIRECTION('',(-0.0,1.0,0.0));
#1410=DIRECTION('',(1.0,0.0,0.0));
#1411=ORIENTED_EDGE('',*,*,#2663,.F.);
#1412=ORIENTED_EDGE('',*,*,#2462,.F.);
#1413=ORIENTED_EDGE('',*,*,#2573,.F.);
#1414=ORIENTED_EDGE('',*,*,#2662,.T.);
#1415=CARTESIAN_POINT('',(1.5,4.21,0.32));
#1416=DIRECTION('',(0.0,1.0842021724855E-15,-1.0));
#1417=DIRECTION('',(-1.0,0.0,0.0));
#1418=ORIENTED_EDGE('',*,*,#2565,.T.);
#1419=ORIENTED_EDGE('',*,*,#2664,.T.);
#1420=ORIENTED_EDGE('',*,*,#2574,.F.);
#1421=ORIENTED_EDGE('',*,*,#2460,.T.);
#1422=CARTESIAN_POINT('',(1.5,3.91,-0.1));
#1423=DIRECTION('',(0.0,1.11609047167625E-15,-1.0));
#1424=DIRECTION('',(-1.0,0.0,0.0));
#1425=ORIENTED_EDGE('',*,*,#2632,.F.);
#1426=ORIENTED_EDGE('',*,*,#2584,.T.);
#1427=ORIENTED_EDGE('',*,*,#2593,.T.);
#1428=ORIENTED_EDGE('',*,*,#2665,.F.);
#1429=CARTESIAN_POINT('',(-4.87,-13.103,0.656076951545867));
#1430=DIRECTION('',(-0.500000000000002,0.0,0.866025403784437));
#1431=DIRECTION('',(0.0,1.0,0.0));
#1432=ORIENTED_EDGE('',*,*,#2633,.F.);
#1433=ORIENTED_EDGE('',*,*,#2665,.T.);
#1434=ORIENTED_EDGE('',*,*,#2592,.T.);
#1435=ORIENTED_EDGE('',*,*,#2666,.F.);
#1436=CARTESIAN_POINT('',(-4.69,-13.103,0.76));
#1437=DIRECTION('',(-1.0,0.0,0.0));
#1438=DIRECTION('',(0.0,0.0,1.0));
#1439=ORIENTED_EDGE('',*,*,#2634,.F.);
#1440=ORIENTED_EDGE('',*,*,#2666,.T.);
#1441=ORIENTED_EDGE('',*,*,#2591,.T.);
#1442=ORIENTED_EDGE('',*,*,#2628,.F.);
#1443=ORIENTED_EDGE('',*,*,#2667,.F.);
#1444=ORIENTED_EDGE('',*,*,#2543,.T.);
#1445=ORIENTED_EDGE('',*,*,#2549,.T.);
#1446=ORIENTED_EDGE('',*,*,#2668,.F.);
#1447=ORIENTED_EDGE('',*,*,#2669,.T.);
#1448=CARTESIAN_POINT('',(-4.69,-13.103,0.9));
#1449=DIRECTION('',(-0.857167300702114,0.0,-0.515038074910052));
#1450=DIRECTION('',(-0.515038074910052,0.0,0.857167300702114));
#1451=ORIENTED_EDGE('',*,*,#2507,.F.);
#1452=ORIENTED_EDGE('',*,*,#2670,.T.);
#1453=ORIENTED_EDGE('',*,*,#2582,.T.);
#1454=ORIENTED_EDGE('',*,*,#2671,.F.);
#1455=CARTESIAN_POINT('',(1.09,-13.103,0.9));
#1456=DIRECTION('',(1.0,0.0,-1.39397422176708E-14));
#1457=DIRECTION('',(-1.39397422176708E-14,0.0,-1.0));
#1458=ORIENTED_EDGE('',*,*,#2508,.F.);
#1459=ORIENTED_EDGE('',*,*,#2671,.T.);
#1460=ORIENTED_EDGE('',*,*,#2581,.T.);
#1461=ORIENTED_EDGE('',*,*,#2636,.F.);
#1462=CARTESIAN_POINT('',(1.09,-13.103,0.76));
#1463=DIRECTION('',(0.499999999999999,0.0,0.866025403784439));
#1464=DIRECTION('',(0.0,-1.0,0.0));
#1465=ORIENTED_EDGE('',*,*,#2506,.F.);
#1466=ORIENTED_EDGE('',*,*,#2672,.T.);
#1467=ORIENTED_EDGE('',*,*,#2673,.T.);
#1468=ORIENTED_EDGE('',*,*,#2654,.F.);
#1469=ORIENTED_EDGE('',*,*,#2537,.F.);
#1470=ORIENTED_EDGE('',*,*,#2674,.T.);
#1471=ORIENTED_EDGE('',*,*,#2534,.T.);
#1472=ORIENTED_EDGE('',*,*,#2583,.T.);
#1473=ORIENTED_EDGE('',*,*,#2670,.F.);
#1474=CARTESIAN_POINT('',(1.27,-13.103,1.19957030682309));
#1475=DIRECTION('',(0.85716730070211,0.0,-0.515038074910058));
#1476=DIRECTION('',(0.0,-1.0,0.0));
#1477=ORIENTED_EDGE('',*,*,#2552,.T.);
#1478=ORIENTED_EDGE('',*,*,#2675,.T.);
#1479=ORIENTED_EDGE('',*,*,#2488,.T.);
#1480=ORIENTED_EDGE('',*,*,#2576,.T.);
#1481=CARTESIAN_POINT('',(-5.1,0.720000000000001,-0.1));
#1482=DIRECTION('',(2.91278195593121E-15,1.0,0.0));
#1483=DIRECTION('',(1.0,-2.91278195593121E-15,0.0));
#1484=ORIENTED_EDGE('',*,*,#2562,.T.);
#1485=ORIENTED_EDGE('',*,*,#2604,.F.);
#1486=ORIENTED_EDGE('',*,*,#2489,.T.);
#1487=ORIENTED_EDGE('',*,*,#2675,.F.);
#1488=CARTESIAN_POINT('',(-4.43,0.719999999999999,-0.1));
#1489=DIRECTION('',(1.0,0.0,0.0));
#1490=DIRECTION('',(0.0,1.0,0.0));
#1491=ORIENTED_EDGE('',*,*,#2557,.F.);
#1492=ORIENTED_EDGE('',*,*,#2676,.F.);
#1493=ORIENTED_EDGE('',*,*,#2677,.F.);
#1494=ORIENTED_EDGE('',*,*,#2516,.F.);
#1495=CARTESIAN_POINT('',(0.83,-0.21,-0.1));
#1496=DIRECTION('',(-1.0,0.0,0.0));
#1497=DIRECTION('',(0.0,0.0,1.0));
#1498=ORIENTED_EDGE('',*,*,#2556,.F.);
#1499=ORIENTED_EDGE('',*,*,#2563,.T.);
#1500=ORIENTED_EDGE('',*,*,#2678,.F.);
#1501=ORIENTED_EDGE('',*,*,#2676,.T.);
#1502=CARTESIAN_POINT('',(0.83,0.719999999999999,-0.1));
#1503=DIRECTION('',(-2.91278195593121E-15,1.0,0.0));
#1504=DIRECTION('',(1.0,2.91278195593121E-15,-0.0));
#1505=ORIENTED_EDGE('',*,*,#2679,.F.);
#1506=ORIENTED_EDGE('',*,*,#2680,.T.);
#1507=ORIENTED_EDGE('',*,*,#2681,.T.);
#1508=ORIENTED_EDGE('',*,*,#2682,.T.);
#1509=ORIENTED_EDGE('',*,*,#2677,.T.);
#1510=ORIENTED_EDGE('',*,*,#2678,.T.);
#1511=ORIENTED_EDGE('',*,*,#2569,.F.);
#1512=ORIENTED_EDGE('',*,*,#2517,.F.);
#1513=CARTESIAN_POINT('',(0.0,0.0,-0.1));
#1514=DIRECTION('',(0.0,0.0,-1.0));
#1515=DIRECTION('',(0.0,-1.0,0.0));
#1516=ORIENTED_EDGE('',*,*,#2535,.T.);
#1517=ORIENTED_EDGE('',*,*,#2674,.F.);
#1518=ORIENTED_EDGE('',*,*,#2536,.F.);
#1519=CARTESIAN_POINT('',(0.700000000000001,0.870000000000001,0.0));
#1520=DIRECTION('',(0.0,-1.0,0.0));
#1521=DIRECTION('',(0.0,0.0,-1.0));
#1522=ORIENTED_EDGE('',*,*,#2683,.T.);
#1523=ORIENTED_EDGE('',*,*,#2684,.T.);
#1524=ORIENTED_EDGE('',*,*,#2511,.T.);
#1525=ORIENTED_EDGE('',*,*,#2652,.F.);
#1526=ORIENTED_EDGE('',*,*,#2655,.F.);
#1527=ORIENTED_EDGE('',*,*,#2673,.F.);
#1528=CARTESIAN_POINT('',(0.700000000000001,10.482,1.05));
#1529=DIRECTION('',(0.0,0.0,-1.0));
#1530=DIRECTION('',(0.0,-1.0,0.0));
#1531=ORIENTED_EDGE('',*,*,#2603,.F.);
#1532=ORIENTED_EDGE('',*,*,#2685,.T.);
#1533=ORIENTED_EDGE('',*,*,#2686,.T.);
#1534=ORIENTED_EDGE('',*,*,#2668,.T.);
#1535=ORIENTED_EDGE('',*,*,#2551,.T.);
#1536=ORIENTED_EDGE('',*,*,#2546,.T.);
#1537=CARTESIAN_POINT('',(-4.3,10.482,1.05));
#1538=DIRECTION('',(-4.5162944242368E-16,0.0,1.0));
#1539=DIRECTION('',(1.0,-0.0,4.5162944242368E-16));
#1540=ORIENTED_EDGE('',*,*,#2544,.T.);
#1541=ORIENTED_EDGE('',*,*,#2667,.T.);
#1542=ORIENTED_EDGE('',*,*,#2627,.F.);
#1543=CARTESIAN_POINT('',(0.700000000000001,0.870000000000001,0.0));
#1544=DIRECTION('',(0.0,-1.0,0.0));
#1545=DIRECTION('',(0.0,0.0,-1.0));
#1546=ORIENTED_EDGE('',*,*,#2687,.T.);
#1547=ORIENTED_EDGE('',*,*,#2688,.F.);
#1548=ORIENTED_EDGE('',*,*,#2689,.F.);
#1549=ORIENTED_EDGE('',*,*,#2690,.T.);
#1550=CARTESIAN_POINT('',(0.1,3.94,0.22));
#1551=DIRECTION('',(-0.0,1.0,0.0));
#1552=DIRECTION('',(1.0,0.0,0.0));
#1553=ORIENTED_EDGE('',*,*,#2691,.T.);
#1554=ORIENTED_EDGE('',*,*,#2692,.F.);
#1555=ORIENTED_EDGE('',*,*,#2693,.F.);
#1556=ORIENTED_EDGE('',*,*,#2688,.T.);
#1557=CARTESIAN_POINT('',(0.1,4.04,-0.15));
#1558=DIRECTION('',(1.0,-0.0,0.0));
#1559=DIRECTION('',(0.0,0.0,1.0));
#1560=ORIENTED_EDGE('',*,*,#2694,.T.);
#1561=ORIENTED_EDGE('',*,*,#2695,.F.);
#1562=ORIENTED_EDGE('',*,*,#2696,.F.);
#1563=ORIENTED_EDGE('',*,*,#2692,.T.);
#1564=CARTESIAN_POINT('',(0.1,4.04,-0.25));
#1565=DIRECTION('',(0.0,-9.42784497813485E-16,1.0));
#1566=DIRECTION('',(0.0,-1.0,-9.42784497813485E-16));
#1567=ORIENTED_EDGE('',*,*,#2697,.T.);
#1568=ORIENTED_EDGE('',*,*,#2698,.F.);
#1569=ORIENTED_EDGE('',*,*,#2699,.F.);
#1570=ORIENTED_EDGE('',*,*,#2695,.T.);
#1571=CARTESIAN_POINT('',(0.1,4.27,-0.2));
#1572=DIRECTION('',(1.0,-0.0,0.0));
#1573=DIRECTION('',(0.0,0.0,1.0));
#1574=ORIENTED_EDGE('',*,*,#2700,.T.);
#1575=ORIENTED_EDGE('',*,*,#2701,.F.);
#1576=ORIENTED_EDGE('',*,*,#2702,.F.);
#1577=ORIENTED_EDGE('',*,*,#2698,.T.);
#1578=CARTESIAN_POINT('',(0.1,4.32,-0.2));
#1579=DIRECTION('',(0.0,-1.0,0.0));
#1580=DIRECTION('',(0.0,0.0,-1.0));
#1581=ORIENTED_EDGE('',*,*,#2703,.T.);
#1582=ORIENTED_EDGE('',*,*,#2704,.F.);
#1583=ORIENTED_EDGE('',*,*,#2705,.F.);
#1584=ORIENTED_EDGE('',*,*,#2701,.T.);
#1585=CARTESIAN_POINT('',(0.1,4.27,-0.00999999999999959));
#1586=DIRECTION('',(1.0,-0.0,0.0));
#1587=DIRECTION('',(0.0,0.0,1.0));
#1588=ORIENTED_EDGE('',*,*,#2706,.T.);
#1589=ORIENTED_EDGE('',*,*,#2707,.F.);
#1590=ORIENTED_EDGE('',*,*,#2708,.F.);
#1591=ORIENTED_EDGE('',*,*,#2704,.T.);
#1592=CARTESIAN_POINT('',(0.1,4.30059003597152,0.0295505966991821));
#1593=DIRECTION('',(0.0,-0.611800719430358,-0.791011933983614));
#1594=DIRECTION('',(0.0,-0.791011933983614,0.611800719430358));
#1595=ORIENTED_EDGE('',*,*,#2709,.T.);
#1596=ORIENTED_EDGE('',*,*,#2710,.F.);
#1597=ORIENTED_EDGE('',*,*,#2711,.F.);
#1598=ORIENTED_EDGE('',*,*,#2707,.T.);
#1599=CARTESIAN_POINT('',(0.1,4.23,0.16));
#1600=DIRECTION('',(1.0,-0.0,0.0));
#1601=DIRECTION('',(0.0,0.0,1.0));
#1602=ORIENTED_EDGE('',*,*,#2433,.F.);
#1603=ORIENTED_EDGE('',*,*,#2496,.F.);
#1604=ORIENTED_EDGE('',*,*,#2498,.F.);
#1605=ORIENTED_EDGE('',*,*,#2457,.F.);
#1606=ORIENTED_EDGE('',*,*,#2712,.T.);
#1607=ORIENTED_EDGE('',*,*,#2689,.T.);
#1608=ORIENTED_EDGE('',*,*,#2693,.T.);
#1609=ORIENTED_EDGE('',*,*,#2696,.T.);
#1610=ORIENTED_EDGE('',*,*,#2699,.T.);
#1611=ORIENTED_EDGE('',*,*,#2702,.T.);
#1612=ORIENTED_EDGE('',*,*,#2705,.T.);
#1613=ORIENTED_EDGE('',*,*,#2708,.T.);
#1614=ORIENTED_EDGE('',*,*,#2711,.T.);
#1615=ORIENTED_EDGE('',*,*,#2713,.T.);
#1616=CARTESIAN_POINT('',(0.1,3.89,0.220000000000001));
#1617=DIRECTION('',(-1.0,0.0,0.0));
#1618=DIRECTION('',(0.0,0.0,1.0));
#1619=ORIENTED_EDGE('',*,*,#2476,.T.);
#1620=ORIENTED_EDGE('',*,*,#2435,.T.);
#1621=ORIENTED_EDGE('',*,*,#2714,.F.);
#1622=ORIENTED_EDGE('',*,*,#2709,.F.);
#1623=ORIENTED_EDGE('',*,*,#2706,.F.);
#1624=ORIENTED_EDGE('',*,*,#2703,.F.);
#1625=ORIENTED_EDGE('',*,*,#2700,.F.);
#1626=ORIENTED_EDGE('',*,*,#2697,.F.);
#1627=ORIENTED_EDGE('',*,*,#2694,.F.);
#1628=ORIENTED_EDGE('',*,*,#2691,.F.);
#1629=ORIENTED_EDGE('',*,*,#2687,.F.);
#1630=ORIENTED_EDGE('',*,*,#2715,.F.);
#1631=ORIENTED_EDGE('',*,*,#2455,.T.);
#1632=ORIENTED_EDGE('',*,*,#2478,.T.);
#1633=CARTESIAN_POINT('',(-0.1,3.89,0.220000000000001));
#1634=DIRECTION('',(-1.0,0.0,0.0));
#1635=DIRECTION('',(0.0,0.0,1.0));
#1636=ORIENTED_EDGE('',*,*,#2456,.F.);
#1637=ORIENTED_EDGE('',*,*,#2715,.T.);
#1638=ORIENTED_EDGE('',*,*,#2690,.F.);
#1639=ORIENTED_EDGE('',*,*,#2712,.F.);
#1640=CARTESIAN_POINT('',(0.1,3.89,0.220000000000001));
#1641=DIRECTION('',(1.0,-0.0,0.0));
#1642=DIRECTION('',(0.0,0.0,1.0));
#1643=ORIENTED_EDGE('',*,*,#2434,.F.);
#1644=ORIENTED_EDGE('',*,*,#2713,.F.);
#1645=ORIENTED_EDGE('',*,*,#2710,.T.);
#1646=ORIENTED_EDGE('',*,*,#2714,.T.);
#1647=CARTESIAN_POINT('',(0.1,4.22,0.219160797830996));
#1648=DIRECTION('',(0.0,-1.0,0.0));
#1649=DIRECTION('',(0.0,0.0,-1.0));
#1650=ORIENTED_EDGE('',*,*,#2716,.F.);
#1651=ORIENTED_EDGE('',*,*,#2421,.T.);
#1652=ORIENTED_EDGE('',*,*,#2717,.T.);
#1653=ORIENTED_EDGE('',*,*,#2718,.F.);
#1654=CARTESIAN_POINT('',(0.1,4.22,0.72));
#1655=DIRECTION('',(0.0,3.61400724161835E-16,-1.0));
#1656=DIRECTION('',(-1.0,0.0,0.0));
#1657=ORIENTED_EDGE('',*,*,#2719,.T.);
#1658=ORIENTED_EDGE('',*,*,#2618,.T.);
#1659=ORIENTED_EDGE('',*,*,#2422,.T.);
#1660=ORIENTED_EDGE('',*,*,#2716,.T.);
#1661=CARTESIAN_POINT('',(0.1,3.89,0.220000000000001));
#1662=DIRECTION('',(-1.0,0.0,0.0));
#1663=DIRECTION('',(0.0,0.0,1.0));
#1664=ORIENTED_EDGE('',*,*,#2420,.F.);
#1665=ORIENTED_EDGE('',*,*,#2620,.F.);
#1666=ORIENTED_EDGE('',*,*,#2720,.F.);
#1667=ORIENTED_EDGE('',*,*,#2717,.F.);
#1668=CARTESIAN_POINT('',(-0.1,3.89,0.220000000000001));
#1669=DIRECTION('',(-1.0,0.0,0.0));
#1670=DIRECTION('',(0.0,0.0,1.0));
#1671=ORIENTED_EDGE('',*,*,#2720,.T.);
#1672=ORIENTED_EDGE('',*,*,#2619,.F.);
#1673=ORIENTED_EDGE('',*,*,#2719,.F.);
#1674=ORIENTED_EDGE('',*,*,#2718,.T.);
#1675=CARTESIAN_POINT('',(0.1,2.42,0.719999999999999));
#1676=DIRECTION('',(0.0,1.0,-2.16840434497101E-15));
#1677=DIRECTION('',(0.0,-2.16840434497101E-15,-1.0));
#1678=ORIENTED_EDGE('',*,*,#2721,.T.);
#1679=ORIENTED_EDGE('',*,*,#2722,.F.);
#1680=ORIENTED_EDGE('',*,*,#2723,.F.);
#1681=ORIENTED_EDGE('',*,*,#2724,.T.);
#1682=CARTESIAN_POINT('',(1.215,0.200000000000002,-0.2));
#1683=DIRECTION('',(0.0,0.707106781186547,0.707106781186548));
#1684=DIRECTION('',(1.0,-0.0,0.0));
#1685=ORIENTED_EDGE('',*,*,#2725,.T.);
#1686=ORIENTED_EDGE('',*,*,#2726,.F.);
#1687=ORIENTED_EDGE('',*,*,#2727,.F.);
#1688=ORIENTED_EDGE('',*,*,#2722,.T.);
#1689=CARTESIAN_POINT('',(1.215,0.250000000000003,-0.25));
#1690=DIRECTION('',(0.0,0.0,1.0));
#1691=DIRECTION('',(1.0,0.0,0.0));
#1692=ORIENTED_EDGE('',*,*,#2728,.T.);
#1693=ORIENTED_EDGE('',*,*,#2729,.F.);
#1694=ORIENTED_EDGE('',*,*,#2730,.F.);
#1695=ORIENTED_EDGE('',*,*,#2726,.T.);
#1696=CARTESIAN_POINT('',(1.215,0.589999999999998,-0.25));
#1697=DIRECTION('',(0.0,-0.847998304005065,0.529998940003217));
#1698=DIRECTION('',(-1.0,0.0,0.0));
#1699=ORIENTED_EDGE('',*,*,#2681,.F.);
#1700=ORIENTED_EDGE('',*,*,#2731,.F.);
#1701=ORIENTED_EDGE('',*,*,#2728,.F.);
#1702=ORIENTED_EDGE('',*,*,#2725,.F.);
#1703=ORIENTED_EDGE('',*,*,#2721,.F.);
#1704=ORIENTED_EDGE('',*,*,#2732,.F.);
#1705=CARTESIAN_POINT('',(1.015,0.0,0.0));
#1706=DIRECTION('',(1.0,0.0,0.0));
#1707=DIRECTION('',(0.0,1.0,0.0));
#1708=ORIENTED_EDGE('',*,*,#2733,.T.);
#1709=ORIENTED_EDGE('',*,*,#2679,.T.);
#1710=ORIENTED_EDGE('',*,*,#2734,.T.);
#1711=ORIENTED_EDGE('',*,*,#2723,.T.);
#1712=ORIENTED_EDGE('',*,*,#2727,.T.);
#1713=ORIENTED_EDGE('',*,*,#2730,.T.);
#1714=CARTESIAN_POINT('',(1.215,0.0,0.0));
#1715=DIRECTION('',(1.0,0.0,0.0));
#1716=DIRECTION('',(0.0,1.0,0.0));
#1717=ORIENTED_EDGE('',*,*,#2680,.F.);
#1718=ORIENTED_EDGE('',*,*,#2733,.F.);
#1719=ORIENTED_EDGE('',*,*,#2729,.T.);
#1720=ORIENTED_EDGE('',*,*,#2731,.T.);
#1721=CARTESIAN_POINT('',(1.215,0.639999999999998,-0.17));
#1722=DIRECTION('',(0.0,-1.0,3.70667409396754E-15));
#1723=DIRECTION('',(-1.0,0.0,0.0));
#1724=ORIENTED_EDGE('',*,*,#2682,.F.);
#1725=ORIENTED_EDGE('',*,*,#2732,.T.);
#1726=ORIENTED_EDGE('',*,*,#2724,.F.);
#1727=ORIENTED_EDGE('',*,*,#2734,.F.);
#1728=CARTESIAN_POINT('',(1.215,0.200000000000003,0.340000000000001));
#1729=DIRECTION('',(0.0,1.0,-1.00389090044954E-15));
#1730=DIRECTION('',(0.0,-1.00389090044954E-15,-1.0));
#1731=ORIENTED_EDGE('',*,*,#2660,.F.);
#1732=ORIENTED_EDGE('',*,*,#2735,.T.);
#1733=ORIENTED_EDGE('',*,*,#2736,.F.);
#1734=ORIENTED_EDGE('',*,*,#2737,.F.);
#1735=CARTESIAN_POINT('',(1.215,0.639999999999998,-0.17));
#1736=DIRECTION('',(0.0,-1.0,3.70667409396754E-15));
#1737=DIRECTION('',(-1.0,0.0,0.0));
#1738=ORIENTED_EDGE('',*,*,#2738,.T.);
#1739=ORIENTED_EDGE('',*,*,#2657,.T.);
#1740=ORIENTED_EDGE('',*,*,#2737,.T.);
#1741=ORIENTED_EDGE('',*,*,#2739,.T.);
#1742=ORIENTED_EDGE('',*,*,#2740,.T.);
#1743=ORIENTED_EDGE('',*,*,#2741,.T.);
#1744=CARTESIAN_POINT('',(1.215,0.0,0.0));
#1745=DIRECTION('',(1.0,0.0,0.0));
#1746=DIRECTION('',(0.0,1.0,0.0));
#1747=ORIENTED_EDGE('',*,*,#2659,.F.);
#1748=ORIENTED_EDGE('',*,*,#2742,.F.);
#1749=ORIENTED_EDGE('',*,*,#2743,.F.);
#1750=ORIENTED_EDGE('',*,*,#2744,.F.);
#1751=ORIENTED_EDGE('',*,*,#2745,.F.);
#1752=ORIENTED_EDGE('',*,*,#2735,.F.);
#1753=CARTESIAN_POINT('',(1.015,0.0,0.0));
#1754=DIRECTION('',(1.0,0.0,0.0));
#1755=DIRECTION('',(0.0,1.0,0.0));
#1756=ORIENTED_EDGE('',*,*,#2744,.T.);
#1757=ORIENTED_EDGE('',*,*,#2746,.F.);
#1758=ORIENTED_EDGE('',*,*,#2740,.F.);
#1759=ORIENTED_EDGE('',*,*,#2747,.T.);
#1760=CARTESIAN_POINT('',(1.215,-0.0299999999999977,1.0));
#1761=DIRECTION('',(0.0,1.0,-1.89735380184963E-15));
#1762=DIRECTION('',(0.0,-1.89735380184963E-15,-1.0));
#1763=ORIENTED_EDGE('',*,*,#2743,.T.);
#1764=ORIENTED_EDGE('',*,*,#2748,.F.);
#1765=ORIENTED_EDGE('',*,*,#2741,.F.);
#1766=ORIENTED_EDGE('',*,*,#2746,.T.);
#1767=CARTESIAN_POINT('',(1.215,-0.0299999999999984,0.600000000000001));
#1768=DIRECTION('',(0.0,0.0,1.0));
#1769=DIRECTION('',(1.0,0.0,0.0));
#1770=ORIENTED_EDGE('',*,*,#2658,.F.);
#1771=ORIENTED_EDGE('',*,*,#2738,.F.);
#1772=ORIENTED_EDGE('',*,*,#2748,.T.);
#1773=ORIENTED_EDGE('',*,*,#2742,.T.);
#1774=CARTESIAN_POINT('',(1.215,0.22,0.600000000000001));
#1775=DIRECTION('',(0.0,1.0,-6.2550125335702E-16));
#1776=DIRECTION('',(0.0,-6.2550125335702E-16,-1.0));
#1777=ORIENTED_EDGE('',*,*,#2745,.T.);
#1778=ORIENTED_EDGE('',*,*,#2747,.F.);
#1779=ORIENTED_EDGE('',*,*,#2739,.F.);
#1780=ORIENTED_EDGE('',*,*,#2736,.T.);
#1781=CARTESIAN_POINT('',(1.215,0.640000000000002,1.0));
#1782=DIRECTION('',(0.0,-9.70927318643735E-16,-1.0));
#1783=DIRECTION('',(0.0,-1.0,9.70927318643735E-16));
#1784=ORIENTED_EDGE('',*,*,#2749,.F.);
#1785=ORIENTED_EDGE('',*,*,#2750,.F.);
#1786=ORIENTED_EDGE('',*,*,#2751,.T.);
#1787=ORIENTED_EDGE('',*,*,#2752,.T.);
#1788=CARTESIAN_POINT('',(-4.815,0.589999999999998,-0.25));
#1789=DIRECTION('',(0.0,0.847998304005065,-0.529998940003217));
#1790=DIRECTION('',(-1.0,0.0,0.0));
#1791=ORIENTED_EDGE('',*,*,#2753,.F.);
#1792=ORIENTED_EDGE('',*,*,#2754,.F.);
#1793=ORIENTED_EDGE('',*,*,#2755,.T.);
#1794=ORIENTED_EDGE('',*,*,#2750,.T.);
#1795=CARTESIAN_POINT('',(-4.815,0.250000000000003,-0.25));
#1796=DIRECTION('',(0.0,0.0,-1.0));
#1797=DIRECTION('',(0.0,-1.0,0.0));
#1798=ORIENTED_EDGE('',*,*,#2756,.F.);
#1799=ORIENTED_EDGE('',*,*,#2757,.F.);
#1800=ORIENTED_EDGE('',*,*,#2758,.T.);
#1801=ORIENTED_EDGE('',*,*,#2754,.T.);
#1802=CARTESIAN_POINT('',(-4.815,0.200000000000002,-0.2));
#1803=DIRECTION('',(0.0,-0.707106781186547,-0.707106781186548));
#1804=DIRECTION('',(0.0,-0.707106781186548,0.707106781186547));
#1805=ORIENTED_EDGE('',*,*,#2759,.T.);
#1806=ORIENTED_EDGE('',*,*,#2494,.T.);
#1807=ORIENTED_EDGE('',*,*,#2760,.T.);
#1808=ORIENTED_EDGE('',*,*,#2756,.T.);
#1809=ORIENTED_EDGE('',*,*,#2753,.T.);
#1810=ORIENTED_EDGE('',*,*,#2749,.T.);
#1811=CARTESIAN_POINT('',(-4.615,0.0,0.0));
#1812=DIRECTION('',(1.0,0.0,0.0));
#1813=DIRECTION('',(0.0,1.0,0.0));
#1814=ORIENTED_EDGE('',*,*,#2492,.F.);
#1815=ORIENTED_EDGE('',*,*,#2761,.F.);
#1816=ORIENTED_EDGE('',*,*,#2751,.F.);
#1817=ORIENTED_EDGE('',*,*,#2755,.F.);
#1818=ORIENTED_EDGE('',*,*,#2758,.F.);
#1819=ORIENTED_EDGE('',*,*,#2762,.F.);
#1820=CARTESIAN_POINT('',(-4.815,0.0,0.0));
#1821=DIRECTION('',(1.0,0.0,0.0));
#1822=DIRECTION('',(0.0,1.0,0.0));
#1823=ORIENTED_EDGE('',*,*,#2761,.T.);
#1824=ORIENTED_EDGE('',*,*,#2491,.T.);
#1825=ORIENTED_EDGE('',*,*,#2759,.F.);
#1826=ORIENTED_EDGE('',*,*,#2752,.F.);
#1827=CARTESIAN_POINT('',(-4.815,0.639999999999998,-0.17));
#1828=DIRECTION('',(0.0,1.0,-3.70667409396754E-15));
#1829=DIRECTION('',(0.0,-3.70667409396754E-15,-1.0));
#1830=ORIENTED_EDGE('',*,*,#2760,.F.);
#1831=ORIENTED_EDGE('',*,*,#2493,.T.);
#1832=ORIENTED_EDGE('',*,*,#2762,.T.);
#1833=ORIENTED_EDGE('',*,*,#2757,.T.);
#1834=CARTESIAN_POINT('',(-4.815,0.200000000000003,0.340000000000001));
#1835=DIRECTION('',(0.0,-1.0,1.00389090044954E-15));
#1836=DIRECTION('',(-1.0,0.0,0.0));
#1837=ORIENTED_EDGE('',*,*,#2763,.F.);
#1838=ORIENTED_EDGE('',*,*,#2485,.T.);
#1839=ORIENTED_EDGE('',*,*,#2764,.T.);
#1840=ORIENTED_EDGE('',*,*,#2765,.T.);
#1841=CARTESIAN_POINT('',(-4.815,0.639999999999998,-0.17));
#1842=DIRECTION('',(0.0,1.0,-3.70667409396754E-15));
#1843=DIRECTION('',(0.0,-3.70667409396754E-15,-1.0));
#1844=ORIENTED_EDGE('',*,*,#2484,.F.);
#1845=ORIENTED_EDGE('',*,*,#2766,.F.);
#1846=ORIENTED_EDGE('',*,*,#2767,.F.);
#1847=ORIENTED_EDGE('',*,*,#2768,.F.);
#1848=ORIENTED_EDGE('',*,*,#2769,.F.);
#1849=ORIENTED_EDGE('',*,*,#2764,.F.);
#1850=CARTESIAN_POINT('',(-4.815,0.0,0.0));
#1851=DIRECTION('',(1.0,0.0,0.0));
#1852=DIRECTION('',(0.0,1.0,0.0));
#1853=ORIENTED_EDGE('',*,*,#2770,.T.);
#1854=ORIENTED_EDGE('',*,*,#2486,.T.);
#1855=ORIENTED_EDGE('',*,*,#2763,.T.);
#1856=ORIENTED_EDGE('',*,*,#2771,.T.);
#1857=ORIENTED_EDGE('',*,*,#2772,.T.);
#1858=ORIENTED_EDGE('',*,*,#2773,.T.);
#1859=CARTESIAN_POINT('',(-4.615,0.0,0.0));
#1860=DIRECTION('',(1.0,0.0,0.0));
#1861=DIRECTION('',(0.0,1.0,0.0));
#1862=ORIENTED_EDGE('',*,*,#2772,.F.);
#1863=ORIENTED_EDGE('',*,*,#2774,.F.);
#1864=ORIENTED_EDGE('',*,*,#2768,.T.);
#1865=ORIENTED_EDGE('',*,*,#2775,.T.);
#1866=CARTESIAN_POINT('',(-4.815,-0.0299999999999977,1.0));
#1867=DIRECTION('',(0.0,-1.0,1.89735380184963E-15));
#1868=DIRECTION('',(-1.0,0.0,0.0));
#1869=ORIENTED_EDGE('',*,*,#2773,.F.);
#1870=ORIENTED_EDGE('',*,*,#2775,.F.);
#1871=ORIENTED_EDGE('',*,*,#2767,.T.);
#1872=ORIENTED_EDGE('',*,*,#2776,.T.);
#1873=CARTESIAN_POINT('',(-4.815,-0.0299999999999984,0.600000000000001));
#1874=DIRECTION('',(0.0,0.0,-1.0));
#1875=DIRECTION('',(0.0,-1.0,0.0));
#1876=ORIENTED_EDGE('',*,*,#2766,.T.);
#1877=ORIENTED_EDGE('',*,*,#2483,.T.);
#1878=ORIENTED_EDGE('',*,*,#2770,.F.);
#1879=ORIENTED_EDGE('',*,*,#2776,.F.);
#1880=CARTESIAN_POINT('',(-4.815,0.22,0.600000000000001));
#1881=DIRECTION('',(0.0,-1.0,6.2550125335702E-16));
#1882=DIRECTION('',(-1.0,0.0,0.0));
#1883=ORIENTED_EDGE('',*,*,#2771,.F.);
#1884=ORIENTED_EDGE('',*,*,#2765,.F.);
#1885=ORIENTED_EDGE('',*,*,#2769,.T.);
#1886=ORIENTED_EDGE('',*,*,#2774,.T.);
#1887=CARTESIAN_POINT('',(-4.815,0.640000000000002,1.0));
#1888=DIRECTION('',(0.0,9.70927318643735E-16,1.0));
#1889=DIRECTION('',(0.0,-1.0,9.70927318643735E-16));
#1890=ORIENTED_EDGE('',*,*,#2777,.T.);
#1891=ORIENTED_EDGE('',*,*,#2778,.F.);
#1892=ORIENTED_EDGE('',*,*,#2779,.F.);
#1893=ORIENTED_EDGE('',*,*,#2780,.T.);
#1894=CARTESIAN_POINT('',(-1.1,3.94,0.22));
#1895=DIRECTION('',(-0.0,1.0,0.0));
#1896=DIRECTION('',(1.0,0.0,0.0));
#1897=ORIENTED_EDGE('',*,*,#2781,.T.);
#1898=ORIENTED_EDGE('',*,*,#2782,.F.);
#1899=ORIENTED_EDGE('',*,*,#2783,.F.);
#1900=ORIENTED_EDGE('',*,*,#2778,.T.);
#1901=CARTESIAN_POINT('',(-1.1,4.04,-0.15));
#1902=DIRECTION('',(1.0,-0.0,0.0));
#1903=DIRECTION('',(0.0,0.0,1.0));
#1904=ORIENTED_EDGE('',*,*,#2784,.T.);
#1905=ORIENTED_EDGE('',*,*,#2785,.F.);
#1906=ORIENTED_EDGE('',*,*,#2786,.F.);
#1907=ORIENTED_EDGE('',*,*,#2782,.T.);
#1908=CARTESIAN_POINT('',(-1.1,4.04,-0.25));
#1909=DIRECTION('',(0.0,-9.42784497813485E-16,1.0));
#1910=DIRECTION('',(0.0,-1.0,-9.42784497813485E-16));
#1911=ORIENTED_EDGE('',*,*,#2787,.T.);
#1912=ORIENTED_EDGE('',*,*,#2788,.F.);
#1913=ORIENTED_EDGE('',*,*,#2789,.F.);
#1914=ORIENTED_EDGE('',*,*,#2785,.T.);
#1915=CARTESIAN_POINT('',(-1.1,4.27,-0.2));
#1916=DIRECTION('',(1.0,-0.0,0.0));
#1917=DIRECTION('',(0.0,0.0,1.0));
#1918=ORIENTED_EDGE('',*,*,#2790,.T.);
#1919=ORIENTED_EDGE('',*,*,#2791,.F.);
#1920=ORIENTED_EDGE('',*,*,#2792,.F.);
#1921=ORIENTED_EDGE('',*,*,#2788,.T.);
#1922=CARTESIAN_POINT('',(-1.1,4.32,-0.2));
#1923=DIRECTION('',(0.0,-1.0,0.0));
#1924=DIRECTION('',(0.0,0.0,-1.0));
#1925=ORIENTED_EDGE('',*,*,#2793,.T.);
#1926=ORIENTED_EDGE('',*,*,#2794,.F.);
#1927=ORIENTED_EDGE('',*,*,#2795,.F.);
#1928=ORIENTED_EDGE('',*,*,#2791,.T.);
#1929=CARTESIAN_POINT('',(-1.1,4.27,-0.00999999999999959));
#1930=DIRECTION('',(1.0,-0.0,0.0));
#1931=DIRECTION('',(0.0,0.0,1.0));
#1932=ORIENTED_EDGE('',*,*,#2796,.T.);
#1933=ORIENTED_EDGE('',*,*,#2797,.F.);
#1934=ORIENTED_EDGE('',*,*,#2798,.F.);
#1935=ORIENTED_EDGE('',*,*,#2794,.T.);
#1936=CARTESIAN_POINT('',(-1.1,4.30059003597152,0.0295505966991821));
#1937=DIRECTION('',(0.0,-0.611800719430358,-0.791011933983614));
#1938=DIRECTION('',(0.0,-0.791011933983614,0.611800719430358));
#1939=ORIENTED_EDGE('',*,*,#2799,.T.);
#1940=ORIENTED_EDGE('',*,*,#2800,.F.);
#1941=ORIENTED_EDGE('',*,*,#2801,.F.);
#1942=ORIENTED_EDGE('',*,*,#2797,.T.);
#1943=CARTESIAN_POINT('',(-1.1,4.23,0.16));
#1944=DIRECTION('',(1.0,-0.0,0.0));
#1945=DIRECTION('',(0.0,0.0,1.0));
#1946=ORIENTED_EDGE('',*,*,#2437,.F.);
#1947=ORIENTED_EDGE('',*,*,#2475,.F.);
#1948=ORIENTED_EDGE('',*,*,#2477,.F.);
#1949=ORIENTED_EDGE('',*,*,#2453,.F.);
#1950=ORIENTED_EDGE('',*,*,#2802,.T.);
#1951=ORIENTED_EDGE('',*,*,#2779,.T.);
#1952=ORIENTED_EDGE('',*,*,#2783,.T.);
#1953=ORIENTED_EDGE('',*,*,#2786,.T.);
#1954=ORIENTED_EDGE('',*,*,#2789,.T.);
#1955=ORIENTED_EDGE('',*,*,#2792,.T.);
#1956=ORIENTED_EDGE('',*,*,#2795,.T.);
#1957=ORIENTED_EDGE('',*,*,#2798,.T.);
#1958=ORIENTED_EDGE('',*,*,#2801,.T.);
#1959=ORIENTED_EDGE('',*,*,#2803,.T.);
#1960=CARTESIAN_POINT('',(-1.1,3.89,0.220000000000001));
#1961=DIRECTION('',(-1.0,0.0,0.0));
#1962=DIRECTION('',(0.0,0.0,1.0));
#1963=ORIENTED_EDGE('',*,*,#2471,.T.);
#1964=ORIENTED_EDGE('',*,*,#2439,.T.);
#1965=ORIENTED_EDGE('',*,*,#2804,.F.);
#1966=ORIENTED_EDGE('',*,*,#2799,.F.);
#1967=ORIENTED_EDGE('',*,*,#2796,.F.);
#1968=ORIENTED_EDGE('',*,*,#2793,.F.);
#1969=ORIENTED_EDGE('',*,*,#2790,.F.);
#1970=ORIENTED_EDGE('',*,*,#2787,.F.);
#1971=ORIENTED_EDGE('',*,*,#2784,.F.);
#1972=ORIENTED_EDGE('',*,*,#2781,.F.);
#1973=ORIENTED_EDGE('',*,*,#2777,.F.);
#1974=ORIENTED_EDGE('',*,*,#2805,.F.);
#1975=ORIENTED_EDGE('',*,*,#2451,.T.);
#1976=ORIENTED_EDGE('',*,*,#2473,.T.);
#1977=CARTESIAN_POINT('',(-1.3,3.89,0.220000000000001));
#1978=DIRECTION('',(-1.0,0.0,0.0));
#1979=DIRECTION('',(0.0,0.0,1.0));
#1980=ORIENTED_EDGE('',*,*,#2452,.F.);
#1981=ORIENTED_EDGE('',*,*,#2805,.T.);
#1982=ORIENTED_EDGE('',*,*,#2780,.F.);
#1983=ORIENTED_EDGE('',*,*,#2802,.F.);
#1984=CARTESIAN_POINT('',(-1.1,3.89,0.220000000000001));
#1985=DIRECTION('',(1.0,-0.0,0.0));
#1986=DIRECTION('',(0.0,0.0,1.0));
#1987=ORIENTED_EDGE('',*,*,#2438,.F.);
#1988=ORIENTED_EDGE('',*,*,#2803,.F.);
#1989=ORIENTED_EDGE('',*,*,#2800,.T.);
#1990=ORIENTED_EDGE('',*,*,#2804,.T.);
#1991=CARTESIAN_POINT('',(-1.1,4.22,0.219160797830996));
#1992=DIRECTION('',(0.0,-1.0,0.0));
#1993=DIRECTION('',(0.0,0.0,-1.0));
#1994=ORIENTED_EDGE('',*,*,#2806,.F.);
#1995=ORIENTED_EDGE('',*,*,#2417,.T.);
#1996=ORIENTED_EDGE('',*,*,#2807,.T.);
#1997=ORIENTED_EDGE('',*,*,#2808,.F.);
#1998=CARTESIAN_POINT('',(-1.1,4.22,0.72));
#1999=DIRECTION('',(0.0,3.61400724161835E-16,-1.0));
#2000=DIRECTION('',(-1.0,0.0,0.0));
#2001=ORIENTED_EDGE('',*,*,#2809,.T.);
#2002=ORIENTED_EDGE('',*,*,#2621,.T.);
#2003=ORIENTED_EDGE('',*,*,#2418,.T.);
#2004=ORIENTED_EDGE('',*,*,#2806,.T.);
#2005=CARTESIAN_POINT('',(-1.1,3.89,0.220000000000001));
#2006=DIRECTION('',(-1.0,0.0,0.0));
#2007=DIRECTION('',(0.0,0.0,1.0));
#2008=ORIENTED_EDGE('',*,*,#2416,.F.);
#2009=ORIENTED_EDGE('',*,*,#2623,.F.);
#2010=ORIENTED_EDGE('',*,*,#2810,.F.);
#2011=ORIENTED_EDGE('',*,*,#2807,.F.);
#2012=CARTESIAN_POINT('',(-1.3,3.89,0.220000000000001));
#2013=DIRECTION('',(-1.0,0.0,0.0));
#2014=DIRECTION('',(0.0,0.0,1.0));
#2015=ORIENTED_EDGE('',*,*,#2810,.T.);
#2016=ORIENTED_EDGE('',*,*,#2622,.F.);
#2017=ORIENTED_EDGE('',*,*,#2809,.F.);
#2018=ORIENTED_EDGE('',*,*,#2808,.T.);
#2019=CARTESIAN_POINT('',(-1.1,2.42,0.719999999999999));
#2020=DIRECTION('',(0.0,1.0,-2.16840434497101E-15));
#2021=DIRECTION('',(0.0,-2.16840434497101E-15,-1.0));
#2022=ORIENTED_EDGE('',*,*,#2811,.T.);
#2023=ORIENTED_EDGE('',*,*,#2812,.F.);
#2024=ORIENTED_EDGE('',*,*,#2813,.F.);
#2025=ORIENTED_EDGE('',*,*,#2814,.T.);
#2026=CARTESIAN_POINT('',(-2.3,3.94,0.22));
#2027=DIRECTION('',(-0.0,1.0,0.0));
#2028=DIRECTION('',(1.0,0.0,0.0));
#2029=ORIENTED_EDGE('',*,*,#2815,.T.);
#2030=ORIENTED_EDGE('',*,*,#2816,.F.);
#2031=ORIENTED_EDGE('',*,*,#2817,.F.);
#2032=ORIENTED_EDGE('',*,*,#2812,.T.);
#2033=CARTESIAN_POINT('',(-2.3,4.04,-0.15));
#2034=DIRECTION('',(1.0,-0.0,0.0));
#2035=DIRECTION('',(0.0,0.0,1.0));
#2036=ORIENTED_EDGE('',*,*,#2818,.T.);
#2037=ORIENTED_EDGE('',*,*,#2819,.F.);
#2038=ORIENTED_EDGE('',*,*,#2820,.F.);
#2039=ORIENTED_EDGE('',*,*,#2816,.T.);
#2040=CARTESIAN_POINT('',(-2.3,4.04,-0.25));
#2041=DIRECTION('',(0.0,-9.42784497813485E-16,1.0));
#2042=DIRECTION('',(0.0,-1.0,-9.42784497813485E-16));
#2043=ORIENTED_EDGE('',*,*,#2821,.T.);
#2044=ORIENTED_EDGE('',*,*,#2822,.F.);
#2045=ORIENTED_EDGE('',*,*,#2823,.F.);
#2046=ORIENTED_EDGE('',*,*,#2819,.T.);
#2047=CARTESIAN_POINT('',(-2.3,4.27,-0.2));
#2048=DIRECTION('',(1.0,-0.0,0.0));
#2049=DIRECTION('',(0.0,0.0,1.0));
#2050=ORIENTED_EDGE('',*,*,#2824,.T.);
#2051=ORIENTED_EDGE('',*,*,#2825,.F.);
#2052=ORIENTED_EDGE('',*,*,#2826,.F.);
#2053=ORIENTED_EDGE('',*,*,#2822,.T.);
#2054=CARTESIAN_POINT('',(-2.3,4.32,-0.2));
#2055=DIRECTION('',(0.0,-1.0,0.0));
#2056=DIRECTION('',(0.0,0.0,-1.0));
#2057=ORIENTED_EDGE('',*,*,#2827,.T.);
#2058=ORIENTED_EDGE('',*,*,#2828,.F.);
#2059=ORIENTED_EDGE('',*,*,#2829,.F.);
#2060=ORIENTED_EDGE('',*,*,#2825,.T.);
#2061=CARTESIAN_POINT('',(-2.3,4.27,-0.00999999999999959));
#2062=DIRECTION('',(1.0,-0.0,0.0));
#2063=DIRECTION('',(0.0,0.0,1.0));
#2064=ORIENTED_EDGE('',*,*,#2830,.T.);
#2065=ORIENTED_EDGE('',*,*,#2831,.F.);
#2066=ORIENTED_EDGE('',*,*,#2832,.F.);
#2067=ORIENTED_EDGE('',*,*,#2828,.T.);
#2068=CARTESIAN_POINT('',(-2.3,4.30059003597152,0.0295505966991821));
#2069=DIRECTION('',(0.0,-0.611800719430358,-0.791011933983614));
#2070=DIRECTION('',(0.0,-0.791011933983614,0.611800719430358));
#2071=ORIENTED_EDGE('',*,*,#2833,.T.);
#2072=ORIENTED_EDGE('',*,*,#2834,.F.);
#2073=ORIENTED_EDGE('',*,*,#2835,.F.);
#2074=ORIENTED_EDGE('',*,*,#2831,.T.);
#2075=CARTESIAN_POINT('',(-2.3,4.23,0.16));
#2076=DIRECTION('',(1.0,-0.0,0.0));
#2077=DIRECTION('',(0.0,0.0,1.0));
#2078=ORIENTED_EDGE('',*,*,#2441,.F.);
#2079=ORIENTED_EDGE('',*,*,#2470,.F.);
#2080=ORIENTED_EDGE('',*,*,#2472,.F.);
#2081=ORIENTED_EDGE('',*,*,#2449,.F.);
#2082=ORIENTED_EDGE('',*,*,#2836,.T.);
#2083=ORIENTED_EDGE('',*,*,#2813,.T.);
#2084=ORIENTED_EDGE('',*,*,#2817,.T.);
#2085=ORIENTED_EDGE('',*,*,#2820,.T.);
#2086=ORIENTED_EDGE('',*,*,#2823,.T.);
#2087=ORIENTED_EDGE('',*,*,#2826,.T.);
#2088=ORIENTED_EDGE('',*,*,#2829,.T.);
#2089=ORIENTED_EDGE('',*,*,#2832,.T.);
#2090=ORIENTED_EDGE('',*,*,#2835,.T.);
#2091=ORIENTED_EDGE('',*,*,#2837,.T.);
#2092=CARTESIAN_POINT('',(-2.3,3.89,0.220000000000001));
#2093=DIRECTION('',(-1.0,0.0,0.0));
#2094=DIRECTION('',(0.0,0.0,1.0));
#2095=ORIENTED_EDGE('',*,*,#2466,.T.);
#2096=ORIENTED_EDGE('',*,*,#2443,.T.);
#2097=ORIENTED_EDGE('',*,*,#2838,.F.);
#2098=ORIENTED_EDGE('',*,*,#2833,.F.);
#2099=ORIENTED_EDGE('',*,*,#2830,.F.);
#2100=ORIENTED_EDGE('',*,*,#2827,.F.);
#2101=ORIENTED_EDGE('',*,*,#2824,.F.);
#2102=ORIENTED_EDGE('',*,*,#2821,.F.);
#2103=ORIENTED_EDGE('',*,*,#2818,.F.);
#2104=ORIENTED_EDGE('',*,*,#2815,.F.);
#2105=ORIENTED_EDGE('',*,*,#2811,.F.);
#2106=ORIENTED_EDGE('',*,*,#2839,.F.);
#2107=ORIENTED_EDGE('',*,*,#2447,.T.);
#2108=ORIENTED_EDGE('',*,*,#2468,.T.);
#2109=CARTESIAN_POINT('',(-2.5,3.89,0.220000000000001));
#2110=DIRECTION('',(-1.0,0.0,0.0));
#2111=DIRECTION('',(0.0,0.0,1.0));
#2112=ORIENTED_EDGE('',*,*,#2448,.F.);
#2113=ORIENTED_EDGE('',*,*,#2839,.T.);
#2114=ORIENTED_EDGE('',*,*,#2814,.F.);
#2115=ORIENTED_EDGE('',*,*,#2836,.F.);
#2116=CARTESIAN_POINT('',(-2.3,3.89,0.220000000000001));
#2117=DIRECTION('',(1.0,-0.0,0.0));
#2118=DIRECTION('',(0.0,0.0,1.0));
#2119=ORIENTED_EDGE('',*,*,#2442,.F.);
#2120=ORIENTED_EDGE('',*,*,#2837,.F.);
#2121=ORIENTED_EDGE('',*,*,#2834,.T.);
#2122=ORIENTED_EDGE('',*,*,#2838,.T.);
#2123=CARTESIAN_POINT('',(-2.3,4.22,0.219160797830996));
#2124=DIRECTION('',(0.0,-1.0,0.0));
#2125=DIRECTION('',(0.0,0.0,-1.0));
#2126=ORIENTED_EDGE('',*,*,#2840,.F.);
#2127=ORIENTED_EDGE('',*,*,#2413,.T.);
#2128=ORIENTED_EDGE('',*,*,#2841,.T.);
#2129=ORIENTED_EDGE('',*,*,#2842,.F.);
#2130=CARTESIAN_POINT('',(-2.3,4.22,0.72));
#2131=DIRECTION('',(0.0,3.61400724161835E-16,-1.0));
#2132=DIRECTION('',(-1.0,0.0,0.0));
#2133=ORIENTED_EDGE('',*,*,#2843,.T.);
#2134=ORIENTED_EDGE('',*,*,#2624,.T.);
#2135=ORIENTED_EDGE('',*,*,#2414,.T.);
#2136=ORIENTED_EDGE('',*,*,#2840,.T.);
#2137=CARTESIAN_POINT('',(-2.3,3.89,0.220000000000001));
#2138=DIRECTION('',(-1.0,0.0,0.0));
#2139=DIRECTION('',(0.0,0.0,1.0));
#2140=ORIENTED_EDGE('',*,*,#2412,.F.);
#2141=ORIENTED_EDGE('',*,*,#2626,.F.);
#2142=ORIENTED_EDGE('',*,*,#2844,.F.);
#2143=ORIENTED_EDGE('',*,*,#2841,.F.);
#2144=CARTESIAN_POINT('',(-2.5,3.89,0.220000000000001));
#2145=DIRECTION('',(-1.0,0.0,0.0));
#2146=DIRECTION('',(0.0,0.0,1.0));
#2147=ORIENTED_EDGE('',*,*,#2844,.T.);
#2148=ORIENTED_EDGE('',*,*,#2625,.F.);
#2149=ORIENTED_EDGE('',*,*,#2843,.F.);
#2150=ORIENTED_EDGE('',*,*,#2842,.T.);
#2151=CARTESIAN_POINT('',(-2.3,2.42,0.719999999999999));
#2152=DIRECTION('',(0.0,1.0,-2.16840434497101E-15));
#2153=DIRECTION('',(0.0,-2.16840434497101E-15,-1.0));
#2154=ORIENTED_EDGE('',*,*,#2845,.T.);
#2155=ORIENTED_EDGE('',*,*,#2846,.F.);
#2156=ORIENTED_EDGE('',*,*,#2847,.F.);
#2157=ORIENTED_EDGE('',*,*,#2848,.T.);
#2158=CARTESIAN_POINT('',(-3.5,3.94,0.22));
#2159=DIRECTION('',(-0.0,1.0,0.0));
#2160=DIRECTION('',(1.0,0.0,0.0));
#2161=ORIENTED_EDGE('',*,*,#2849,.T.);
#2162=ORIENTED_EDGE('',*,*,#2850,.F.);
#2163=ORIENTED_EDGE('',*,*,#2851,.F.);
#2164=ORIENTED_EDGE('',*,*,#2846,.T.);
#2165=CARTESIAN_POINT('',(-3.5,4.04,-0.15));
#2166=DIRECTION('',(1.0,-0.0,0.0));
#2167=DIRECTION('',(0.0,0.0,1.0));
#2168=ORIENTED_EDGE('',*,*,#2852,.T.);
#2169=ORIENTED_EDGE('',*,*,#2853,.F.);
#2170=ORIENTED_EDGE('',*,*,#2854,.F.);
#2171=ORIENTED_EDGE('',*,*,#2850,.T.);
#2172=CARTESIAN_POINT('',(-3.5,4.04,-0.25));
#2173=DIRECTION('',(0.0,-9.42784497813485E-16,1.0));
#2174=DIRECTION('',(0.0,-1.0,-9.42784497813485E-16));
#2175=ORIENTED_EDGE('',*,*,#2855,.T.);
#2176=ORIENTED_EDGE('',*,*,#2856,.F.);
#2177=ORIENTED_EDGE('',*,*,#2857,.F.);
#2178=ORIENTED_EDGE('',*,*,#2853,.T.);
#2179=CARTESIAN_POINT('',(-3.5,4.27,-0.2));
#2180=DIRECTION('',(1.0,-0.0,0.0));
#2181=DIRECTION('',(0.0,0.0,1.0));
#2182=ORIENTED_EDGE('',*,*,#2858,.T.);
#2183=ORIENTED_EDGE('',*,*,#2859,.F.);
#2184=ORIENTED_EDGE('',*,*,#2860,.F.);
#2185=ORIENTED_EDGE('',*,*,#2856,.T.);
#2186=CARTESIAN_POINT('',(-3.5,4.32,-0.2));
#2187=DIRECTION('',(0.0,-1.0,0.0));
#2188=DIRECTION('',(0.0,0.0,-1.0));
#2189=ORIENTED_EDGE('',*,*,#2861,.T.);
#2190=ORIENTED_EDGE('',*,*,#2862,.F.);
#2191=ORIENTED_EDGE('',*,*,#2863,.F.);
#2192=ORIENTED_EDGE('',*,*,#2859,.T.);
#2193=CARTESIAN_POINT('',(-3.5,4.27,-0.00999999999999959));
#2194=DIRECTION('',(1.0,-0.0,0.0));
#2195=DIRECTION('',(0.0,0.0,1.0));
#2196=ORIENTED_EDGE('',*,*,#2864,.T.);
#2197=ORIENTED_EDGE('',*,*,#2865,.F.);
#2198=ORIENTED_EDGE('',*,*,#2866,.F.);
#2199=ORIENTED_EDGE('',*,*,#2862,.T.);
#2200=CARTESIAN_POINT('',(-3.5,4.30059003597152,0.0295505966991821));
#2201=DIRECTION('',(0.0,-0.611800719430358,-0.791011933983614));
#2202=DIRECTION('',(0.0,-0.791011933983614,0.611800719430358));
#2203=ORIENTED_EDGE('',*,*,#2867,.T.);
#2204=ORIENTED_EDGE('',*,*,#2868,.F.);
#2205=ORIENTED_EDGE('',*,*,#2869,.F.);
#2206=ORIENTED_EDGE('',*,*,#2865,.T.);
#2207=CARTESIAN_POINT('',(-3.5,4.23,0.16));
#2208=DIRECTION('',(1.0,-0.0,0.0));
#2209=DIRECTION('',(0.0,0.0,1.0));
#2210=ORIENTED_EDGE('',*,*,#2425,.F.);
#2211=ORIENTED_EDGE('',*,*,#2465,.F.);
#2212=ORIENTED_EDGE('',*,*,#2467,.F.);
#2213=ORIENTED_EDGE('',*,*,#2445,.F.);
#2214=ORIENTED_EDGE('',*,*,#2870,.T.);
#2215=ORIENTED_EDGE('',*,*,#2847,.T.);
#2216=ORIENTED_EDGE('',*,*,#2851,.T.);
#2217=ORIENTED_EDGE('',*,*,#2854,.T.);
#2218=ORIENTED_EDGE('',*,*,#2857,.T.);
#2219=ORIENTED_EDGE('',*,*,#2860,.T.);
#2220=ORIENTED_EDGE('',*,*,#2863,.T.);
#2221=ORIENTED_EDGE('',*,*,#2866,.T.);
#2222=ORIENTED_EDGE('',*,*,#2869,.T.);
#2223=ORIENTED_EDGE('',*,*,#2871,.T.);
#2224=CARTESIAN_POINT('',(-3.5,3.89,0.220000000000001));
#2225=DIRECTION('',(-1.0,0.0,0.0));
#2226=DIRECTION('',(0.0,0.0,1.0));
#2227=ORIENTED_EDGE('',*,*,#2661,.T.);
#2228=ORIENTED_EDGE('',*,*,#2427,.T.);
#2229=ORIENTED_EDGE('',*,*,#2872,.F.);
#2230=ORIENTED_EDGE('',*,*,#2867,.F.);
#2231=ORIENTED_EDGE('',*,*,#2864,.F.);
#2232=ORIENTED_EDGE('',*,*,#2861,.F.);
#2233=ORIENTED_EDGE('',*,*,#2858,.F.);
#2234=ORIENTED_EDGE('',*,*,#2855,.F.);
#2235=ORIENTED_EDGE('',*,*,#2852,.F.);
#2236=ORIENTED_EDGE('',*,*,#2849,.F.);
#2237=ORIENTED_EDGE('',*,*,#2845,.F.);
#2238=ORIENTED_EDGE('',*,*,#2873,.F.);
#2239=ORIENTED_EDGE('',*,*,#2463,.T.);
#2240=ORIENTED_EDGE('',*,*,#2663,.T.);
#2241=CARTESIAN_POINT('',(-3.7,3.89,0.220000000000001));
#2242=DIRECTION('',(-1.0,0.0,0.0));
#2243=DIRECTION('',(0.0,0.0,1.0));
#2244=ORIENTED_EDGE('',*,*,#2444,.F.);
#2245=ORIENTED_EDGE('',*,*,#2873,.T.);
#2246=ORIENTED_EDGE('',*,*,#2848,.F.);
#2247=ORIENTED_EDGE('',*,*,#2870,.F.);
#2248=CARTESIAN_POINT('',(-3.5,3.89,0.220000000000001));
#2249=DIRECTION('',(1.0,-0.0,0.0));
#2250=DIRECTION('',(0.0,0.0,1.0));
#2251=ORIENTED_EDGE('',*,*,#2426,.F.);
#2252=ORIENTED_EDGE('',*,*,#2871,.F.);
#2253=ORIENTED_EDGE('',*,*,#2868,.T.);
#2254=ORIENTED_EDGE('',*,*,#2872,.T.);
#2255=CARTESIAN_POINT('',(-3.5,4.22,0.219160797830996));
#2256=DIRECTION('',(0.0,-1.0,0.0));
#2257=DIRECTION('',(0.0,0.0,-1.0));
#2258=ORIENTED_EDGE('',*,*,#2874,.F.);
#2259=ORIENTED_EDGE('',*,*,#2409,.T.);
#2260=ORIENTED_EDGE('',*,*,#2875,.T.);
#2261=ORIENTED_EDGE('',*,*,#2876,.F.);
#2262=CARTESIAN_POINT('',(-3.5,4.22,0.72));
#2263=DIRECTION('',(0.0,3.61400724161835E-16,-1.0));
#2264=DIRECTION('',(-1.0,0.0,0.0));
#2265=ORIENTED_EDGE('',*,*,#2877,.T.);
#2266=ORIENTED_EDGE('',*,*,#2606,.T.);
#2267=ORIENTED_EDGE('',*,*,#2410,.T.);
#2268=ORIENTED_EDGE('',*,*,#2874,.T.);
#2269=CARTESIAN_POINT('',(-3.5,3.89,0.220000000000001));
#2270=DIRECTION('',(-1.0,0.0,0.0));
#2271=DIRECTION('',(0.0,0.0,1.0));
#2272=ORIENTED_EDGE('',*,*,#2408,.F.);
#2273=ORIENTED_EDGE('',*,*,#2608,.F.);
#2274=ORIENTED_EDGE('',*,*,#2878,.F.);
#2275=ORIENTED_EDGE('',*,*,#2875,.F.);
#2276=CARTESIAN_POINT('',(-3.7,3.89,0.220000000000001));
#2277=DIRECTION('',(-1.0,0.0,0.0));
#2278=DIRECTION('',(0.0,0.0,1.0));
#2279=ORIENTED_EDGE('',*,*,#2878,.T.);
#2280=ORIENTED_EDGE('',*,*,#2607,.F.);
#2281=ORIENTED_EDGE('',*,*,#2877,.F.);
#2282=ORIENTED_EDGE('',*,*,#2876,.T.);
#2283=CARTESIAN_POINT('',(-3.5,2.42,0.719999999999999));
#2284=DIRECTION('',(0.0,1.0,-2.16840434497101E-15));
#2285=DIRECTION('',(0.0,-2.16840434497101E-15,-1.0));
#2286=ORIENTED_EDGE('',*,*,#2669,.F.);
#2287=ORIENTED_EDGE('',*,*,#2686,.F.);
#2288=ORIENTED_EDGE('',*,*,#2879,.F.);
#2289=ORIENTED_EDGE('',*,*,#2629,.F.);
#2290=CARTESIAN_POINT('',(-4.87,0.87,0.97));
#2291=DIRECTION('',(-5.88349086353455E-16,0.707106781186548,0.707106781186547));
#2292=DIRECTION('',(1.0,0.0,8.32051257330876E-16));
#2293=ORIENTED_EDGE('',*,*,#2879,.T.);
#2294=ORIENTED_EDGE('',*,*,#2685,.F.);
#2295=ORIENTED_EDGE('',*,*,#2602,.F.);
#2296=ORIENTED_EDGE('',*,*,#2635,.F.);
#2297=ORIENTED_EDGE('',*,*,#2630,.F.);
#2298=CARTESIAN_POINT('',(-4.3,0.870000000000001,0.87));
#2299=DIRECTION('',(0.707106781186547,-5.67886450623472E-16,0.707106781186548));
#2300=DIRECTION('',(-8.03112720359634E-16,-1.0,0.0));
#2301=ORIENTED_EDGE('',*,*,#2672,.F.);
#2302=ORIENTED_EDGE('',*,*,#2505,.F.);
#2303=ORIENTED_EDGE('',*,*,#2880,.F.);
#2304=ORIENTED_EDGE('',*,*,#2683,.F.);
#2305=CARTESIAN_POINT('',(0.700000000000001,0.790000000000001,1.05));
#2306=DIRECTION('',(0.0,-0.707106781186549,-0.707106781186547));
#2307=DIRECTION('',(0.0,0.707106781186547,-0.707106781186549));
#2308=ORIENTED_EDGE('',*,*,#2504,.F.);
#2309=ORIENTED_EDGE('',*,*,#2501,.F.);
#2310=ORIENTED_EDGE('',*,*,#2512,.F.);
#2311=ORIENTED_EDGE('',*,*,#2684,.F.);
#2312=ORIENTED_EDGE('',*,*,#2880,.T.);
#2313=CARTESIAN_POINT('',(0.880000000000001,10.482,1.05));
#2314=DIRECTION('',(0.707106781186548,0.0,-0.707106781186548));
#2315=DIRECTION('',(0.0,-1.0,0.0));
#2316=ORIENTED_EDGE('',*,*,#2575,.F.);
#2317=ORIENTED_EDGE('',*,*,#2664,.F.);
#2318=ORIENTED_EDGE('',*,*,#2564,.F.);
#2319=ORIENTED_EDGE('',*,*,#2554,.F.);
#2320=CARTESIAN_POINT('',(1.5,3.42857864376269,-0.24142135623731));
#2321=DIRECTION('',(0.0,0.382683432365091,-0.923879532511286));
#2322=DIRECTION('',(-1.0,0.0,0.0));
#2323=ORIENTED_EDGE('',*,*,#2577,.F.);
#2324=ORIENTED_EDGE('',*,*,#2531,.F.);
#2325=ORIENTED_EDGE('',*,*,#2881,.F.);
#2326=ORIENTED_EDGE('',*,*,#2639,.F.);
#2327=ORIENTED_EDGE('',*,*,#2637,.F.);
#2328=CARTESIAN_POINT('',(0.690000000000001,2.44,1.0));
#2329=DIRECTION('',(-0.707106781186548,0.0,0.707106781186547));
#2330=DIRECTION('',(0.0,1.0,0.0));
#2331=ORIENTED_EDGE('',*,*,#2881,.T.);
#2332=ORIENTED_EDGE('',*,*,#2530,.F.);
#2333=ORIENTED_EDGE('',*,*,#2882,.F.);
#2334=ORIENTED_EDGE('',*,*,#2640,.F.);
#2335=CARTESIAN_POINT('',(0.690000000000001,2.85395129474883,1.00048718994804));
#2336=DIRECTION('',(0.0,-0.681998360062498,-0.731353701619171));
#2337=DIRECTION('',(0.0,-0.731353701619171,0.681998360062498));
#2338=ORIENTED_EDGE('',*,*,#2882,.T.);
#2339=ORIENTED_EDGE('',*,*,#2529,.F.);
#2340=ORIENTED_EDGE('',*,*,#2883,.F.);
#2341=ORIENTED_EDGE('',*,*,#2643,.F.);
#2342=ORIENTED_EDGE('',*,*,#2641,.F.);
#2343=CARTESIAN_POINT('',(1.0,2.84,1.0));
#2344=DIRECTION('',(-0.707106781186548,0.0,0.707106781186548));
#2345=DIRECTION('',(0.0,1.0,0.0));
#2346=ORIENTED_EDGE('',*,*,#2883,.T.);
#2347=ORIENTED_EDGE('',*,*,#2528,.F.);
#2348=ORIENTED_EDGE('',*,*,#2884,.F.);
#2349=ORIENTED_EDGE('',*,*,#2405,.F.);
#2350=CARTESIAN_POINT('',(1.0,3.47,1.0));
#2351=DIRECTION('',(0.0,-0.707106781186548,0.707106781186548));
#2352=DIRECTION('',(-1.0,0.0,0.0));
#2353=ORIENTED_EDGE('',*,*,#2884,.T.);
#2354=ORIENTED_EDGE('',*,*,#2527,.F.);
#2355=ORIENTED_EDGE('',*,*,#2885,.F.);
#2356=ORIENTED_EDGE('',*,*,#2649,.F.);
#2357=ORIENTED_EDGE('',*,*,#2644,.F.);
#2358=CARTESIAN_POINT('',(-4.6,3.47,1.0));
#2359=DIRECTION('',(0.707106781186548,0.0,0.707106781186547));
#2360=DIRECTION('',(0.0,-1.0,0.0));
#2361=ORIENTED_EDGE('',*,*,#2885,.T.);
#2362=ORIENTED_EDGE('',*,*,#2526,.F.);
#2363=ORIENTED_EDGE('',*,*,#2886,.F.);
#2364=ORIENTED_EDGE('',*,*,#2646,.F.);
#2365=CARTESIAN_POINT('',(-4.6,2.85395129474883,1.00048718994803));
#2366=DIRECTION('',(0.0,-0.681998360062499,-0.73135370161917));
#2367=DIRECTION('',(0.0,-0.73135370161917,0.681998360062499));
#2368=ORIENTED_EDGE('',*,*,#2886,.T.);
#2369=ORIENTED_EDGE('',*,*,#2525,.F.);
#2370=ORIENTED_EDGE('',*,*,#2589,.F.);
#2371=ORIENTED_EDGE('',*,*,#2650,.F.);
#2372=ORIENTED_EDGE('',*,*,#2647,.F.);
#2373=CARTESIAN_POINT('',(-4.29,2.84,1.0));
#2374=DIRECTION('',(0.707106781186548,0.0,0.707106781186547));
#2375=DIRECTION('',(0.0,-1.0,0.0));
#2376=ORIENTED_EDGE('',*,*,#2521,.T.);
#2377=ORIENTED_EDGE('',*,*,#2887,.T.);
#2378=ORIENTED_EDGE('',*,*,#2888,.T.);
#2379=ORIENTED_EDGE('',*,*,#2889,.F.);
#2380=CARTESIAN_POINT('',(-3.8,4.17,1.19));
#2381=DIRECTION('',(-0.894427190999916,-0.447213595499957,0.0));
#2382=DIRECTION('',(-0.447213595499957,0.894427190999916,0.0));
#2383=ORIENTED_EDGE('',*,*,#2523,.T.);
#2384=ORIENTED_EDGE('',*,*,#2890,.T.);
#2385=ORIENTED_EDGE('',*,*,#2891,.T.);
#2386=ORIENTED_EDGE('',*,*,#2887,.F.);
#2387=CARTESIAN_POINT('',(-3.6,3.77,1.19));
#2388=DIRECTION('',(0.894427190999916,-0.447213595499958,0.0));
#2389=DIRECTION('',(0.0,0.0,-1.0));
#2390=ORIENTED_EDGE('',*,*,#2522,.T.);
#2391=ORIENTED_EDGE('',*,*,#2889,.T.);
#2392=ORIENTED_EDGE('',*,*,#2892,.T.);
#2393=ORIENTED_EDGE('',*,*,#2890,.F.);
#2394=CARTESIAN_POINT('',(-3.4,4.17,1.19));
#2395=DIRECTION('',(-0.0,1.0,0.0));
#2396=DIRECTION('',(1.0,0.0,0.0));
#2397=ORIENTED_EDGE('',*,*,#2888,.F.);
#2398=ORIENTED_EDGE('',*,*,#2891,.F.);
#2399=ORIENTED_EDGE('',*,*,#2892,.F.);
#2400=CARTESIAN_POINT('',(0.0,0.0,1.19));
#2401=DIRECTION('',(0.0,0.0,-1.0));
#2402=DIRECTION('',(0.0,-1.0,0.0));
#2403=COLOUR_RGB('',0.596063196659088,0.666666686534882,0.686259269714355);
#2404=EDGE_CURVE('',#2893,#2894,#2895,.T.);
#2405=EDGE_CURVE('',#2893,#2896,#2897,.T.);
#2406=EDGE_CURVE('',#2896,#2898,#2899,.T.);
#2407=EDGE_CURVE('',#2898,#2900,#2901,.T.);
#2408=EDGE_CURVE('',#2900,#2902,#2903,.T.);
#2409=EDGE_CURVE('',#2904,#2902,#2905,.T.);
#2410=EDGE_CURVE('',#2906,#2904,#2907,.T.);
#2411=EDGE_CURVE('',#2906,#2908,#2909,.T.);
#2412=EDGE_CURVE('',#2908,#2910,#2911,.T.);
#2413=EDGE_CURVE('',#2912,#2910,#2913,.T.);
#2414=EDGE_CURVE('',#2914,#2912,#2915,.T.);
#2415=EDGE_CURVE('',#2914,#2916,#2917,.T.);
#2416=EDGE_CURVE('',#2916,#2918,#2919,.T.);
#2417=EDGE_CURVE('',#2920,#2918,#2921,.T.);
#2418=EDGE_CURVE('',#2922,#2920,#2923,.T.);
#2419=EDGE_CURVE('',#2922,#2924,#2925,.T.);
#2420=EDGE_CURVE('',#2924,#2926,#2927,.T.);
#2421=EDGE_CURVE('',#2928,#2926,#2929,.T.);
#2422=EDGE_CURVE('',#2930,#2928,#2931,.T.);
#2423=EDGE_CURVE('',#2930,#2894,#2932,.T.);
#2424=EDGE_CURVE('',#2933,#2934,#2935,.T.);
#2425=EDGE_CURVE('',#2933,#2936,#2937,.T.);
#2426=EDGE_CURVE('',#2936,#2938,#2939,.T.);
#2427=EDGE_CURVE('',#2940,#2938,#2941,.T.);
#2428=EDGE_CURVE('',#2942,#2940,#2943,.T.);
#2429=EDGE_CURVE('',#2944,#2942,#2945,.T.);
#2430=EDGE_CURVE('',#2946,#2944,#2947,.T.);
#2431=EDGE_CURVE('',#2946,#2948,#2949,.T.);
#2432=EDGE_CURVE('',#2950,#2948,#2951,.T.);
#2433=EDGE_CURVE('',#2950,#2952,#2953,.T.);
#2434=EDGE_CURVE('',#2952,#2954,#2955,.T.);
#2435=EDGE_CURVE('',#2956,#2954,#2957,.T.);
#2436=EDGE_CURVE('',#2958,#2956,#2959,.T.);
#2437=EDGE_CURVE('',#2958,#2960,#2961,.T.);
#2438=EDGE_CURVE('',#2960,#2962,#2963,.T.);
#2439=EDGE_CURVE('',#2964,#2962,#2965,.T.);
#2440=EDGE_CURVE('',#2966,#2964,#2967,.T.);
#2441=EDGE_CURVE('',#2966,#2968,#2969,.T.);
#2442=EDGE_CURVE('',#2968,#2970,#2971,.T.);
#2443=EDGE_CURVE('',#2934,#2970,#2972,.T.);
#2444=EDGE_CURVE('',#2973,#2974,#2975,.T.);
#2445=EDGE_CURVE('',#2974,#2976,#2977,.T.);
#2446=EDGE_CURVE('',#2976,#2978,#2979,.T.);
#2447=EDGE_CURVE('',#2980,#2978,#2981,.T.);
#2448=EDGE_CURVE('',#2980,#2982,#2983,.T.);
#2449=EDGE_CURVE('',#2982,#2984,#2985,.T.);
#2450=EDGE_CURVE('',#2984,#2986,#2987,.T.);
#2451=EDGE_CURVE('',#2988,#2986,#2989,.T.);
#2452=EDGE_CURVE('',#2988,#2990,#2991,.T.);
#2453=EDGE_CURVE('',#2990,#2992,#2993,.T.);
#2454=EDGE_CURVE('',#2992,#2994,#2995,.T.);
#2455=EDGE_CURVE('',#2996,#2994,#2997,.T.);
#2456=EDGE_CURVE('',#2996,#2998,#2999,.T.);
#2457=EDGE_CURVE('',#2998,#3000,#3001,.T.);
#2458=EDGE_CURVE('',#3000,#3002,#3003,.T.);
#2459=EDGE_CURVE('',#3002,#3004,#3005,.T.);
#2460=EDGE_CURVE('',#3006,#3004,#3007,.T.);
#2461=EDGE_CURVE('',#3008,#3006,#3009,.T.);
#2462=EDGE_CURVE('',#3008,#3010,#3011,.T.);
#2463=EDGE_CURVE('',#2973,#3010,#3012,.T.);
#2464=EDGE_CURVE('',#3013,#3014,#3015,.T.);
#2465=EDGE_CURVE('',#3013,#2933,#3016,.T.);
#2466=EDGE_CURVE('',#3014,#2934,#3017,.T.);
#2467=EDGE_CURVE('',#2976,#3013,#3018,.T.);
#2468=EDGE_CURVE('',#2978,#3014,#3019,.T.);
#2469=EDGE_CURVE('',#3020,#3021,#3022,.T.);
#2470=EDGE_CURVE('',#3020,#2966,#3023,.T.);
#2471=EDGE_CURVE('',#3021,#2964,#3024,.T.);
#2472=EDGE_CURVE('',#2984,#3020,#3025,.T.);
#2473=EDGE_CURVE('',#2986,#3021,#3026,.T.);
#2474=EDGE_CURVE('',#3027,#3028,#3029,.T.);
#2475=EDGE_CURVE('',#3027,#2958,#3030,.T.);
#2476=EDGE_CURVE('',#3028,#2956,#3031,.T.);
#2477=EDGE_CURVE('',#2992,#3027,#3032,.T.);
#2478=EDGE_CURVE('',#2994,#3028,#3033,.T.);
#2479=EDGE_CURVE('',#3034,#3035,#3036,.T.);
#2480=EDGE_CURVE('',#3037,#3034,#3038,.T.);
#2481=EDGE_CURVE('',#3037,#3039,#3040,.T.);
#2482=EDGE_CURVE('',#3039,#3035,#3041,.T.);
#2483=EDGE_CURVE('',#3042,#3043,#3044,.T.);
#2484=EDGE_CURVE('',#3042,#3045,#3046,.T.);
#2485=EDGE_CURVE('',#3047,#3045,#3048,.T.);
#2486=EDGE_CURVE('',#3043,#3047,#3049,.T.);
#2487=EDGE_CURVE('',#3050,#3051,#3052,.T.);
#2488=EDGE_CURVE('',#3053,#3051,#3054,.T.);
#2489=EDGE_CURVE('',#3055,#3053,#3056,.T.);
#2490=EDGE_CURVE('',#3055,#3050,#3057,.T.);
#2491=EDGE_CURVE('',#3058,#3059,#3060,.T.);
#2492=EDGE_CURVE('',#3058,#3061,#3062,.T.);
#2493=EDGE_CURVE('',#3063,#3061,#3064,.T.);
#2494=EDGE_CURVE('',#3059,#3063,#3065,.T.);
#2495=EDGE_CURVE('',#3066,#3067,#3068,.T.);
#2496=EDGE_CURVE('',#3066,#2950,#3069,.T.);
#2497=EDGE_CURVE('',#2948,#3067,#3070,.T.);
#2498=EDGE_CURVE('',#3000,#3066,#3071,.T.);
#2499=EDGE_CURVE('',#3067,#3002,#3072,.T.);
#2500=EDGE_CURVE('',#3073,#3074,#3075,.T.);
#2501=EDGE_CURVE('',#3074,#3076,#3077,.T.);
#2502=EDGE_CURVE('',#3076,#3078,#3079,.T.);
#2503=EDGE_CURVE('',#3078,#3073,#3080,.T.);
#2504=EDGE_CURVE('',#3076,#3081,#3082,.T.);
#2505=EDGE_CURVE('',#3081,#3083,#3084,.T.);
#2506=EDGE_CURVE('',#3083,#3085,#3086,.T.);
#2507=EDGE_CURVE('',#3085,#3087,#3088,.T.);
#2508=EDGE_CURVE('',#3087,#3089,#3090,.T.);
#2509=EDGE_CURVE('',#3089,#3091,#3092,.T.);
#2510=EDGE_CURVE('',#3091,#3078,#3093,.T.);
#2511=EDGE_CURVE('',#3094,#3095,#3096,.T.);
#2512=EDGE_CURVE('',#3094,#3074,#3097,.T.);
#2513=EDGE_CURVE('',#3098,#3073,#3099,.T.);
#2514=EDGE_CURVE('',#3098,#3100,#3101,.T.);
#2515=EDGE_CURVE('',#3100,#3102,#3103,.T.);
#2516=EDGE_CURVE('',#3102,#3104,#3105,.T.);
#2517=EDGE_CURVE('',#3104,#3106,#3107,.T.);
#2518=EDGE_CURVE('',#3108,#3106,#3109,.T.);
#2519=EDGE_CURVE('',#3108,#3110,#3111,.T.);
#2520=EDGE_CURVE('',#3095,#3110,#3112,.T.);
#2521=EDGE_CURVE('',#3113,#3114,#3115,.T.);
#2522=EDGE_CURVE('',#3116,#3113,#3117,.T.);
#2523=EDGE_CURVE('',#3114,#3116,#3118,.T.);
#2524=EDGE_CURVE('',#3119,#3120,#3121,.T.);
#2525=EDGE_CURVE('',#3119,#3122,#3123,.T.);
#2526=EDGE_CURVE('',#3122,#3124,#3125,.T.);
#2527=EDGE_CURVE('',#3124,#3126,#3127,.T.);
#2528=EDGE_CURVE('',#3126,#3128,#3129,.T.);
#2529=EDGE_CURVE('',#3128,#3130,#3131,.T.);
#2530=EDGE_CURVE('',#3130,#3132,#3133,.T.);
#2531=EDGE_CURVE('',#3132,#3134,#3135,.T.);
#2532=EDGE_CURVE('',#3136,#3134,#3137,.T.);
#2533=EDGE_CURVE('',#3136,#3138,#3139,.T.);
#2534=EDGE_CURVE('',#3140,#3138,#3141,.T.);
#2535=EDGE_CURVE('',#3142,#3140,#3143,.T.);
#2536=EDGE_CURVE('',#3142,#3144,#3145,.T.);
#2537=EDGE_CURVE('',#3144,#3146,#3147,.T.);
#2538=EDGE_CURVE('',#3146,#3148,#3149,.T.);
#2539=EDGE_CURVE('',#3148,#3150,#3151,.T.);
#2540=EDGE_CURVE('',#3150,#3152,#3153,.T.);
#2541=EDGE_CURVE('',#3152,#3154,#3155,.T.);
#2542=EDGE_CURVE('',#3154,#3156,#3157,.T.);
#2543=EDGE_CURVE('',#3158,#3156,#3159,.T.);
#2544=EDGE_CURVE('',#3160,#3158,#3161,.T.);
#2545=EDGE_CURVE('',#3120,#3160,#3162,.T.);
#2546=EDGE_CURVE('',#3163,#3164,#3165,.T.);
#2547=EDGE_CURVE('',#3039,#3163,#3166,.T.);
#2548=EDGE_CURVE('',#3164,#3037,#3167,.T.);
#2549=EDGE_CURVE('',#3156,#3168,#3169,.T.);
#2550=EDGE_CURVE('',#3154,#3035,#3170,.T.);
#2551=EDGE_CURVE('',#3168,#3163,#3171,.T.);
#2552=EDGE_CURVE('',#3172,#3173,#3174,.T.);
#2553=EDGE_CURVE('',#3175,#3172,#3176,.T.);
#2554=EDGE_CURVE('',#3175,#3177,#3178,.T.);
#2555=EDGE_CURVE('',#3179,#3177,#3180,.T.);
#2556=EDGE_CURVE('',#3179,#3181,#3182,.T.);
#2557=EDGE_CURVE('',#3181,#3102,#3183,.T.);
#2558=EDGE_CURVE('',#3184,#3100,#3185,.T.);
#2559=EDGE_CURVE('',#3186,#3184,#3187,.T.);
#2560=EDGE_CURVE('',#3188,#3186,#3189,.T.);
#2561=EDGE_CURVE('',#3190,#3188,#3191,.T.);
#2562=EDGE_CURVE('',#3173,#3190,#3192,.T.);
#2563=EDGE_CURVE('',#3179,#3193,#3194,.T.);
#2564=EDGE_CURVE('',#3177,#3195,#3196,.T.);
#2565=EDGE_CURVE('',#3004,#3195,#3197,.T.);
#2566=EDGE_CURVE('',#3150,#2946,#3198,.T.);
#2567=EDGE_CURVE('',#3148,#3199,#3200,.T.);
#2568=EDGE_CURVE('',#3199,#3108,#3201,.T.);
#2569=EDGE_CURVE('',#3106,#3193,#3202,.T.);
#2570=EDGE_CURVE('',#3034,#3050,#3203,.T.);
#2571=EDGE_CURVE('',#3152,#2944,#3204,.T.);
#2572=EDGE_CURVE('',#2942,#3205,#3206,.T.);
#2573=EDGE_CURVE('',#3205,#3008,#3207,.T.);
#2574=EDGE_CURVE('',#3006,#3208,#3209,.T.);
#2575=EDGE_CURVE('',#3208,#3175,#3210,.T.);
#2576=EDGE_CURVE('',#3051,#3172,#3211,.T.);
#2577=EDGE_CURVE('',#3134,#3212,#3213,.T.);
#2578=EDGE_CURVE('',#3212,#3214,#3215,.T.);
#2579=EDGE_CURVE('',#3214,#3216,#3217,.T.);
#2580=EDGE_CURVE('',#3218,#3216,#3219,.T.);
#2581=EDGE_CURVE('',#3220,#3218,#3221,.T.);
#2582=EDGE_CURVE('',#3222,#3220,#3223,.T.);
#2583=EDGE_CURVE('',#3138,#3222,#3224,.T.);
#2584=EDGE_CURVE('',#3225,#3226,#3227,.T.);
#2585=EDGE_CURVE('',#3225,#3228,#3229,.T.);
#2586=EDGE_CURVE('',#3228,#3230,#3231,.T.);
#2587=EDGE_CURVE('',#3226,#3230,#3232,.T.);
#2588=EDGE_CURVE('',#3233,#3234,#3235,.T.);
#2589=EDGE_CURVE('',#3233,#3119,#3236,.T.);
#2590=EDGE_CURVE('',#3120,#3237,#3238,.T.);
#2591=EDGE_CURVE('',#3239,#3237,#3240,.T.);
#2592=EDGE_CURVE('',#3241,#3239,#3242,.T.);
#2593=EDGE_CURVE('',#3226,#3241,#3243,.T.);
#2594=EDGE_CURVE('',#3230,#3234,#3244,.T.);
#2595=EDGE_CURVE('',#3245,#3246,#3247,.T.);
#2596=EDGE_CURVE('',#3245,#3188,#3248,.T.);
#2597=EDGE_CURVE('',#3246,#3186,#3249,.T.);
#2598=EDGE_CURVE('',#3246,#3250,#3251,.T.);
#2599=EDGE_CURVE('',#3250,#3184,#3252,.T.);
#2600=EDGE_CURVE('',#3250,#3098,#3253,.T.);
#2601=EDGE_CURVE('',#3254,#3255,#3256,.T.);
#2602=EDGE_CURVE('',#3255,#3257,#3258,.T.);
#2603=EDGE_CURVE('',#3257,#3164,#3259,.T.);
#2604=EDGE_CURVE('',#3055,#3190,#3260,.T.);
#2605=EDGE_CURVE('',#3254,#3245,#3261,.T.);
#2606=EDGE_CURVE('',#3262,#2906,#3263,.T.);
#2607=EDGE_CURVE('',#3262,#3264,#3265,.T.);
#2608=EDGE_CURVE('',#3264,#2900,#3266,.T.);
#2609=EDGE_CURVE('',#3267,#2898,#3268,.T.);
#2610=EDGE_CURVE('',#3269,#3267,#3270,.T.);
#2611=EDGE_CURVE('',#3234,#3269,#3271,.T.);
#2612=EDGE_CURVE('',#3272,#3228,#3273,.T.);
#2613=EDGE_CURVE('',#3254,#3272,#3274,.T.);
#2614=EDGE_CURVE('',#3216,#3091,#3275,.T.);
#2615=EDGE_CURVE('',#3276,#3214,#3277,.T.);
#2616=EDGE_CURVE('',#3278,#3276,#3279,.T.);
#2617=EDGE_CURVE('',#2894,#3278,#3280,.T.);
#2618=EDGE_CURVE('',#3281,#2930,#3282,.T.);
#2619=EDGE_CURVE('',#3281,#3283,#3284,.T.);
#2620=EDGE_CURVE('',#3283,#2924,#3285,.T.);
#2621=EDGE_CURVE('',#3286,#2922,#3287,.T.);
#2622=EDGE_CURVE('',#3286,#3288,#3289,.T.);
#2623=EDGE_CURVE('',#3288,#2916,#3290,.T.);
#2624=EDGE_CURVE('',#3291,#2914,#3292,.T.);
#2625=EDGE_CURVE('',#3291,#3293,#3294,.T.);
#2626=EDGE_CURVE('',#3293,#2908,#3295,.T.);
#2627=EDGE_CURVE('',#3160,#3296,#3297,.T.);
#2628=EDGE_CURVE('',#3296,#3237,#3298,.T.);
#2629=EDGE_CURVE('',#3299,#3300,#3301,.T.);
#2630=EDGE_CURVE('',#3300,#3302,#3303,.T.);
#2631=EDGE_CURVE('',#3302,#3272,#3304,.T.);
#2632=EDGE_CURVE('',#3225,#3305,#3306,.T.);
#2633=EDGE_CURVE('',#3305,#3307,#3308,.T.);
#2634=EDGE_CURVE('',#3307,#3299,#3309,.T.);
#2635=EDGE_CURVE('',#3302,#3255,#3310,.T.);
#2636=EDGE_CURVE('',#3089,#3218,#3311,.T.);
#2637=EDGE_CURVE('',#3212,#3312,#3313,.T.);
#2638=EDGE_CURVE('',#3312,#3276,#3314,.T.);
#2639=EDGE_CURVE('',#3312,#3315,#3316,.T.);
#2640=EDGE_CURVE('',#3315,#3317,#3318,.T.);
#2641=EDGE_CURVE('',#3317,#3319,#3320,.T.);
#2642=EDGE_CURVE('',#3319,#3278,#3321,.T.);
#2643=EDGE_CURVE('',#3319,#2893,#3322,.T.);
#2644=EDGE_CURVE('',#2896,#3323,#3324,.T.);
#2645=EDGE_CURVE('',#3323,#3267,#3325,.T.);
#2646=EDGE_CURVE('',#3326,#3327,#3328,.T.);
#2647=EDGE_CURVE('',#3327,#3329,#3330,.T.);
#2648=EDGE_CURVE('',#3329,#3269,#3331,.T.);
#2649=EDGE_CURVE('',#3323,#3326,#3332,.T.);
#2650=EDGE_CURVE('',#3329,#3233,#3333,.T.);
#2651=EDGE_CURVE('',#3334,#3335,#3336,.T.);
#2652=EDGE_CURVE('',#3335,#3095,#3337,.T.);
#2653=EDGE_CURVE('',#3334,#3110,#3338,.T.);
#2654=EDGE_CURVE('',#3146,#3339,#3340,.T.);
#2655=EDGE_CURVE('',#3339,#3335,#3341,.T.);
#2656=EDGE_CURVE('',#3199,#3334,#3342,.T.);
#2657=EDGE_CURVE('',#3343,#3344,#3345,.T.);
#2658=EDGE_CURVE('',#3343,#3346,#3347,.T.);
#2659=EDGE_CURVE('',#3346,#3348,#3349,.T.);
#2660=EDGE_CURVE('',#3348,#3344,#3350,.T.);
#2661=EDGE_CURVE('',#3351,#2940,#3352,.T.);
#2662=EDGE_CURVE('',#3205,#3351,#3353,.T.);
#2663=EDGE_CURVE('',#3010,#3351,#3354,.T.);
#2664=EDGE_CURVE('',#3195,#3208,#3355,.T.);
#2665=EDGE_CURVE('',#3305,#3241,#3356,.T.);
#2666=EDGE_CURVE('',#3307,#3239,#3357,.T.);
#2667=EDGE_CURVE('',#3158,#3296,#3358,.T.);
#2668=EDGE_CURVE('',#3359,#3168,#3360,.T.);
#2669=EDGE_CURVE('',#3359,#3299,#3361,.T.);
#2670=EDGE_CURVE('',#3085,#3222,#3362,.T.);
#2671=EDGE_CURVE('',#3087,#3220,#3363,.T.);
#2672=EDGE_CURVE('',#3083,#3364,#3365,.T.);
#2673=EDGE_CURVE('',#3364,#3339,#3366,.T.);
#2674=EDGE_CURVE('',#3144,#3140,#3367,.T.);
#2675=EDGE_CURVE('',#3173,#3053,#3368,.T.);
#2676=EDGE_CURVE('',#3369,#3181,#3370,.T.);
#2677=EDGE_CURVE('',#3104,#3369,#3371,.T.);
#2678=EDGE_CURVE('',#3369,#3193,#3372,.T.);
#2679=EDGE_CURVE('',#3373,#3374,#3375,.T.);
#2680=EDGE_CURVE('',#3373,#3376,#3377,.T.);
#2681=EDGE_CURVE('',#3376,#3378,#3379,.T.);
#2682=EDGE_CURVE('',#3378,#3374,#3380,.T.);
#2683=EDGE_CURVE('',#3364,#3381,#3382,.T.);
#2684=EDGE_CURVE('',#3381,#3094,#3383,.T.);
#2685=EDGE_CURVE('',#3257,#3384,#3385,.T.);
#2686=EDGE_CURVE('',#3384,#3359,#3386,.T.);
#2687=EDGE_CURVE('',#3387,#3388,#3389,.T.);
#2688=EDGE_CURVE('',#3390,#3388,#3391,.T.);
#2689=EDGE_CURVE('',#3392,#3390,#3393,.T.);
#2690=EDGE_CURVE('',#3392,#3387,#3394,.T.);
#2691=EDGE_CURVE('',#3388,#3395,#3396,.T.);
#2692=EDGE_CURVE('',#3397,#3395,#3398,.T.);
#2693=EDGE_CURVE('',#3390,#3397,#3399,.T.);
#2694=EDGE_CURVE('',#3395,#3400,#3401,.T.);
#2695=EDGE_CURVE('',#3402,#3400,#3403,.T.);
#2696=EDGE_CURVE('',#3397,#3402,#3404,.T.);
#2697=EDGE_CURVE('',#3400,#3405,#3406,.T.);
#2698=EDGE_CURVE('',#3407,#3405,#3408,.T.);
#2699=EDGE_CURVE('',#3402,#3407,#3409,.T.);
#2700=EDGE_CURVE('',#3405,#3410,#3411,.T.);
#2701=EDGE_CURVE('',#3412,#3410,#3413,.T.);
#2702=EDGE_CURVE('',#3407,#3412,#3414,.T.);
#2703=EDGE_CURVE('',#3410,#3415,#3416,.T.);
#2704=EDGE_CURVE('',#3417,#3415,#3418,.T.);
#2705=EDGE_CURVE('',#3412,#3417,#3419,.T.);
#2706=EDGE_CURVE('',#3415,#3420,#3421,.T.);
#2707=EDGE_CURVE('',#3422,#3420,#3423,.T.);
#2708=EDGE_CURVE('',#3417,#3422,#3424,.T.);
#2709=EDGE_CURVE('',#3420,#3425,#3426,.T.);
#2710=EDGE_CURVE('',#3427,#3425,#3428,.T.);
#2711=EDGE_CURVE('',#3422,#3427,#3429,.T.);
#2712=EDGE_CURVE('',#2998,#3392,#3430,.T.);
#2713=EDGE_CURVE('',#3427,#2952,#3431,.T.);
#2714=EDGE_CURVE('',#3425,#2954,#3432,.T.);
#2715=EDGE_CURVE('',#2996,#3387,#3433,.T.);
#2716=EDGE_CURVE('',#2928,#3434,#3435,.T.);
#2717=EDGE_CURVE('',#2926,#3436,#3437,.T.);
#2718=EDGE_CURVE('',#3434,#3436,#3438,.T.);
#2719=EDGE_CURVE('',#3434,#3281,#3439,.T.);
#2720=EDGE_CURVE('',#3436,#3283,#3440,.T.);
#2721=EDGE_CURVE('',#3441,#3442,#3443,.T.);
#2722=EDGE_CURVE('',#3444,#3442,#3445,.T.);
#2723=EDGE_CURVE('',#3446,#3444,#3447,.T.);
#2724=EDGE_CURVE('',#3446,#3441,#3448,.T.);
#2725=EDGE_CURVE('',#3442,#3449,#3450,.T.);
#2726=EDGE_CURVE('',#3451,#3449,#3452,.T.);
#2727=EDGE_CURVE('',#3444,#3451,#3453,.T.);
#2728=EDGE_CURVE('',#3449,#3454,#3455,.T.);
#2729=EDGE_CURVE('',#3456,#3454,#3457,.T.);
#2730=EDGE_CURVE('',#3451,#3456,#3458,.T.);
#2731=EDGE_CURVE('',#3454,#3376,#3459,.T.);
#2732=EDGE_CURVE('',#3378,#3441,#3460,.T.);
#2733=EDGE_CURVE('',#3456,#3373,#3461,.T.);
#2734=EDGE_CURVE('',#3374,#3446,#3462,.T.);
#2735=EDGE_CURVE('',#3348,#3463,#3464,.T.);
#2736=EDGE_CURVE('',#3465,#3463,#3466,.T.);
#2737=EDGE_CURVE('',#3344,#3465,#3467,.T.);
#2738=EDGE_CURVE('',#3468,#3343,#3469,.T.);
#2739=EDGE_CURVE('',#3465,#3470,#3471,.T.);
#2740=EDGE_CURVE('',#3470,#3472,#3473,.T.);
#2741=EDGE_CURVE('',#3472,#3468,#3474,.T.);
#2742=EDGE_CURVE('',#3475,#3346,#3476,.T.);
#2743=EDGE_CURVE('',#3477,#3475,#3478,.T.);
#2744=EDGE_CURVE('',#3479,#3477,#3480,.T.);
#2745=EDGE_CURVE('',#3463,#3479,#3481,.T.);
#2746=EDGE_CURVE('',#3472,#3477,#3482,.T.);
#2747=EDGE_CURVE('',#3470,#3479,#3483,.T.);
#2748=EDGE_CURVE('',#3468,#3475,#3484,.T.);
#2749=EDGE_CURVE('',#3485,#3486,#3487,.T.);
#2750=EDGE_CURVE('',#3488,#3485,#3489,.T.);
#2751=EDGE_CURVE('',#3488,#3490,#3491,.T.);
#2752=EDGE_CURVE('',#3490,#3486,#3492,.T.);
#2753=EDGE_CURVE('',#3493,#3485,#3494,.T.);
#2754=EDGE_CURVE('',#3495,#3493,#3496,.T.);
#2755=EDGE_CURVE('',#3495,#3488,#3497,.T.);
#2756=EDGE_CURVE('',#3498,#3493,#3499,.T.);
#2757=EDGE_CURVE('',#3500,#3498,#3501,.T.);
#2758=EDGE_CURVE('',#3500,#3495,#3502,.T.);
#2759=EDGE_CURVE('',#3486,#3059,#3503,.T.);
#2760=EDGE_CURVE('',#3063,#3498,#3504,.T.);
#2761=EDGE_CURVE('',#3490,#3058,#3505,.T.);
#2762=EDGE_CURVE('',#3061,#3500,#3506,.T.);
#2763=EDGE_CURVE('',#3047,#3507,#3508,.T.);
#2764=EDGE_CURVE('',#3045,#3509,#3510,.T.);
#2765=EDGE_CURVE('',#3509,#3507,#3511,.T.);
#2766=EDGE_CURVE('',#3512,#3042,#3513,.T.);
#2767=EDGE_CURVE('',#3514,#3512,#3515,.T.);
#2768=EDGE_CURVE('',#3516,#3514,#3517,.T.);
#2769=EDGE_CURVE('',#3509,#3516,#3518,.T.);
#2770=EDGE_CURVE('',#3519,#3043,#3520,.T.);
#2771=EDGE_CURVE('',#3507,#3521,#3522,.T.);
#2772=EDGE_CURVE('',#3521,#3523,#3524,.T.);
#2773=EDGE_CURVE('',#3523,#3519,#3525,.T.);
#2774=EDGE_CURVE('',#3516,#3521,#3526,.T.);
#2775=EDGE_CURVE('',#3514,#3523,#3527,.T.);
#2776=EDGE_CURVE('',#3512,#3519,#3528,.T.);
#2777=EDGE_CURVE('',#3529,#3530,#3531,.T.);
#2778=EDGE_CURVE('',#3532,#3530,#3533,.T.);
#2779=EDGE_CURVE('',#3534,#3532,#3535,.T.);
#2780=EDGE_CURVE('',#3534,#3529,#3536,.T.);
#2781=EDGE_CURVE('',#3530,#3537,#3538,.T.);
#2782=EDGE_CURVE('',#3539,#3537,#3540,.T.);
#2783=EDGE_CURVE('',#3532,#3539,#3541,.T.);
#2784=EDGE_CURVE('',#3537,#3542,#3543,.T.);
#2785=EDGE_CURVE('',#3544,#3542,#3545,.T.);
#2786=EDGE_CURVE('',#3539,#3544,#3546,.T.);
#2787=EDGE_CURVE('',#3542,#3547,#3548,.T.);
#2788=EDGE_CURVE('',#3549,#3547,#3550,.T.);
#2789=EDGE_CURVE('',#3544,#3549,#3551,.T.);
#2790=EDGE_CURVE('',#3547,#3552,#3553,.T.);
#2791=EDGE_CURVE('',#3554,#3552,#3555,.T.);
#2792=EDGE_CURVE('',#3549,#3554,#3556,.T.);
#2793=EDGE_CURVE('',#3552,#3557,#3558,.T.);
#2794=EDGE_CURVE('',#3559,#3557,#3560,.T.);
#2795=EDGE_CURVE('',#3554,#3559,#3561,.T.);
#2796=EDGE_CURVE('',#3557,#3562,#3563,.T.);
#2797=EDGE_CURVE('',#3564,#3562,#3565,.T.);
#2798=EDGE_CURVE('',#3559,#3564,#3566,.T.);
#2799=EDGE_CURVE('',#3562,#3567,#3568,.T.);
#2800=EDGE_CURVE('',#3569,#3567,#3570,.T.);
#2801=EDGE_CURVE('',#3564,#3569,#3571,.T.);
#2802=EDGE_CURVE('',#2990,#3534,#3572,.T.);
#2803=EDGE_CURVE('',#3569,#2960,#3573,.T.);
#2804=EDGE_CURVE('',#3567,#2962,#3574,.T.);
#2805=EDGE_CURVE('',#2988,#3529,#3575,.T.);
#2806=EDGE_CURVE('',#2920,#3576,#3577,.T.);
#2807=EDGE_CURVE('',#2918,#3578,#3579,.T.);
#2808=EDGE_CURVE('',#3576,#3578,#3580,.T.);
#2809=EDGE_CURVE('',#3576,#3286,#3581,.T.);
#2810=EDGE_CURVE('',#3578,#3288,#3582,.T.);
#2811=EDGE_CURVE('',#3583,#3584,#3585,.T.);
#2812=EDGE_CURVE('',#3586,#3584,#3587,.T.);
#2813=EDGE_CURVE('',#3588,#3586,#3589,.T.);
#2814=EDGE_CURVE('',#3588,#3583,#3590,.T.);
#2815=EDGE_CURVE('',#3584,#3591,#3592,.T.);
#2816=EDGE_CURVE('',#3593,#3591,#3594,.T.);
#2817=EDGE_CURVE('',#3586,#3593,#3595,.T.);
#2818=EDGE_CURVE('',#3591,#3596,#3597,.T.);
#2819=EDGE_CURVE('',#3598,#3596,#3599,.T.);
#2820=EDGE_CURVE('',#3593,#3598,#3600,.T.);
#2821=EDGE_CURVE('',#3596,#3601,#3602,.T.);
#2822=EDGE_CURVE('',#3603,#3601,#3604,.T.);
#2823=EDGE_CURVE('',#3598,#3603,#3605,.T.);
#2824=EDGE_CURVE('',#3601,#3606,#3607,.T.);
#2825=EDGE_CURVE('',#3608,#3606,#3609,.T.);
#2826=EDGE_CURVE('',#3603,#3608,#3610,.T.);
#2827=EDGE_CURVE('',#3606,#3611,#3612,.T.);
#2828=EDGE_CURVE('',#3613,#3611,#3614,.T.);
#2829=EDGE_CURVE('',#3608,#3613,#3615,.T.);
#2830=EDGE_CURVE('',#3611,#3616,#3617,.T.);
#2831=EDGE_CURVE('',#3618,#3616,#3619,.T.);
#2832=EDGE_CURVE('',#3613,#3618,#3620,.T.);
#2833=EDGE_CURVE('',#3616,#3621,#3622,.T.);
#2834=EDGE_CURVE('',#3623,#3621,#3624,.T.);
#2835=EDGE_CURVE('',#3618,#3623,#3625,.T.);
#2836=EDGE_CURVE('',#2982,#3588,#3626,.T.);
#2837=EDGE_CURVE('',#3623,#2968,#3627,.T.);
#2838=EDGE_CURVE('',#3621,#2970,#3628,.T.);
#2839=EDGE_CURVE('',#2980,#3583,#3629,.T.);
#2840=EDGE_CURVE('',#2912,#3630,#3631,.T.);
#2841=EDGE_CURVE('',#2910,#3632,#3633,.T.);
#2842=EDGE_CURVE('',#3630,#3632,#3634,.T.);
#2843=EDGE_CURVE('',#3630,#3291,#3635,.T.);
#2844=EDGE_CURVE('',#3632,#3293,#3636,.T.);
#2845=EDGE_CURVE('',#3637,#3638,#3639,.T.);
#2846=EDGE_CURVE('',#3640,#3638,#3641,.T.);
#2847=EDGE_CURVE('',#3642,#3640,#3643,.T.);
#2848=EDGE_CURVE('',#3642,#3637,#3644,.T.);
#2849=EDGE_CURVE('',#3638,#3645,#3646,.T.);
#2850=EDGE_CURVE('',#3647,#3645,#3648,.T.);
#2851=EDGE_CURVE('',#3640,#3647,#3649,.T.);
#2852=EDGE_CURVE('',#3645,#3650,#3651,.T.);
#2853=EDGE_CURVE('',#3652,#3650,#3653,.T.);
#2854=EDGE_CURVE('',#3647,#3652,#3654,.T.);
#2855=EDGE_CURVE('',#3650,#3655,#3656,.T.);
#2856=EDGE_CURVE('',#3657,#3655,#3658,.T.);
#2857=EDGE_CURVE('',#3652,#3657,#3659,.T.);
#2858=EDGE_CURVE('',#3655,#3660,#3661,.T.);
#2859=EDGE_CURVE('',#3662,#3660,#3663,.T.);
#2860=EDGE_CURVE('',#3657,#3662,#3664,.T.);
#2861=EDGE_CURVE('',#3660,#3665,#3666,.T.);
#2862=EDGE_CURVE('',#3667,#3665,#3668,.T.);
#2863=EDGE_CURVE('',#3662,#3667,#3669,.T.);
#2864=EDGE_CURVE('',#3665,#3670,#3671,.T.);
#2865=EDGE_CURVE('',#3672,#3670,#3673,.T.);
#2866=EDGE_CURVE('',#3667,#3672,#3674,.T.);
#2867=EDGE_CURVE('',#3670,#3675,#3676,.T.);
#2868=EDGE_CURVE('',#3677,#3675,#3678,.T.);
#2869=EDGE_CURVE('',#3672,#3677,#3679,.T.);
#2870=EDGE_CURVE('',#2974,#3642,#3680,.T.);
#2871=EDGE_CURVE('',#3677,#2936,#3681,.T.);
#2872=EDGE_CURVE('',#3675,#2938,#3682,.T.);
#2873=EDGE_CURVE('',#2973,#3637,#3683,.T.);
#2874=EDGE_CURVE('',#2904,#3684,#3685,.T.);
#2875=EDGE_CURVE('',#2902,#3686,#3687,.T.);
#2876=EDGE_CURVE('',#3684,#3686,#3688,.T.);
#2877=EDGE_CURVE('',#3684,#3262,#3689,.T.);
#2878=EDGE_CURVE('',#3686,#3264,#3690,.T.);
#2879=EDGE_CURVE('',#3300,#3384,#3691,.T.);
#2880=EDGE_CURVE('',#3381,#3081,#3692,.T.);
#2881=EDGE_CURVE('',#3315,#3132,#3693,.T.);
#2882=EDGE_CURVE('',#3317,#3130,#3694,.T.);
#2883=EDGE_CURVE('',#2893,#3128,#3695,.T.);
#2884=EDGE_CURVE('',#2896,#3126,#3696,.T.);
#2885=EDGE_CURVE('',#3326,#3124,#3697,.T.);
#2886=EDGE_CURVE('',#3327,#3122,#3698,.T.);
#2887=EDGE_CURVE('',#3114,#3699,#3700,.T.);
#2888=EDGE_CURVE('',#3699,#3701,#3702,.T.);
#2889=EDGE_CURVE('',#3113,#3701,#3703,.T.);
#2890=EDGE_CURVE('',#3116,#3704,#3705,.T.);
#2891=EDGE_CURVE('',#3704,#3699,#3706,.T.);
#2892=EDGE_CURVE('',#3701,#3704,#3707,.T.);
#2893=VERTEX_POINT('',#3708);
#2894=VERTEX_POINT('',#3709);
#2895=LINE('',#3710,#3711);
#2896=VERTEX_POINT('',#3712);
#2897=LINE('',#3713,#3714);
#2898=VERTEX_POINT('',#3715);
#2899=LINE('',#3716,#3717);
#2900=VERTEX_POINT('',#3718);
#2901=LINE('',#3719,#3720);
#2902=VERTEX_POINT('',#3721);
#2903=LINE('',#3722,#3723);
#2904=VERTEX_POINT('',#3724);
#2905=LINE('',#3725,#3726);
#2906=VERTEX_POINT('',#3727);
#2907=LINE('',#3728,#3729);
#2908=VERTEX_POINT('',#3730);
#2909=LINE('',#3731,#3732);
#2910=VERTEX_POINT('',#3733);
#2911=LINE('',#3734,#3735);
#2912=VERTEX_POINT('',#3736);
#2913=LINE('',#3737,#3738);
#2914=VERTEX_POINT('',#3739);
#2915=LINE('',#3740,#3741);
#2916=VERTEX_POINT('',#3742);
#2917=LINE('',#3743,#3744);
#2918=VERTEX_POINT('',#3745);
#2919=LINE('',#3746,#3747);
#2920=VERTEX_POINT('',#3748);
#2921=LINE('',#3749,#3750);
#2922=VERTEX_POINT('',#3751);
#2923=LINE('',#3752,#3753);
#2924=VERTEX_POINT('',#3754);
#2925=LINE('',#3755,#3756);
#2926=VERTEX_POINT('',#3757);
#2927=LINE('',#3758,#3759);
#2928=VERTEX_POINT('',#3760);
#2929=LINE('',#3761,#3762);
#2930=VERTEX_POINT('',#3763);
#2931=LINE('',#3764,#3765);
#2932=LINE('',#3766,#3767);
#2933=VERTEX_POINT('',#3768);
#2934=VERTEX_POINT('',#3769);
#2935=LINE('',#3770,#3771);
#2936=VERTEX_POINT('',#3772);
#2937=LINE('',#3773,#3774);
#2938=VERTEX_POINT('',#3775);
#2939=LINE('',#3776,#3777);
#2940=VERTEX_POINT('',#3778);
#2941=LINE('',#3779,#3780);
#2942=VERTEX_POINT('',#3781);
#2943=LINE('',#3782,#3783);
#2944=VERTEX_POINT('',#3784);
#2945=LINE('',#3785,#3786);
#2946=VERTEX_POINT('',#3787);
#2947=LINE('',#3788,#3789);
#2948=VERTEX_POINT('',#3790);
#2949=LINE('',#3791,#3792);
#2950=VERTEX_POINT('',#3793);
#2951=LINE('',#3794,#3795);
#2952=VERTEX_POINT('',#3796);
#2953=LINE('',#3797,#3798);
#2954=VERTEX_POINT('',#3799);
#2955=LINE('',#3800,#3801);
#2956=VERTEX_POINT('',#3802);
#2957=LINE('',#3803,#3804);
#2958=VERTEX_POINT('',#3805);
#2959=LINE('',#3806,#3807);
#2960=VERTEX_POINT('',#3808);
#2961=LINE('',#3809,#3810);
#2962=VERTEX_POINT('',#3811);
#2963=LINE('',#3812,#3813);
#2964=VERTEX_POINT('',#3814);
#2965=LINE('',#3815,#3816);
#2966=VERTEX_POINT('',#3817);
#2967=LINE('',#3818,#3819);
#2968=VERTEX_POINT('',#3820);
#2969=LINE('',#3821,#3822);
#2970=VERTEX_POINT('',#3823);
#2971=LINE('',#3824,#3825);
#2972=LINE('',#3826,#3827);
#2973=VERTEX_POINT('',#3828);
#2974=VERTEX_POINT('',#3829);
#2975=LINE('',#3830,#3831);
#2976=VERTEX_POINT('',#3832);
#2977=LINE('',#3833,#3834);
#2978=VERTEX_POINT('',#3835);
#2979=LINE('',#3836,#3837);
#2980=VERTEX_POINT('',#3838);
#2981=LINE('',#3839,#3840);
#2982=VERTEX_POINT('',#3841);
#2983=LINE('',#3842,#3843);
#2984=VERTEX_POINT('',#3844);
#2985=LINE('',#3845,#3846);
#2986=VERTEX_POINT('',#3847);
#2987=LINE('',#3848,#3849);
#2988=VERTEX_POINT('',#3850);
#2989=LINE('',#3851,#3852);
#2990=VERTEX_POINT('',#3853);
#2991=LINE('',#3854,#3855);
#2992=VERTEX_POINT('',#3856);
#2993=LINE('',#3857,#3858);
#2994=VERTEX_POINT('',#3859);
#2995=LINE('',#3860,#3861);
#2996=VERTEX_POINT('',#3862);
#2997=LINE('',#3863,#3864);
#2998=VERTEX_POINT('',#3865);
#2999=LINE('',#3866,#3867);
#3000=VERTEX_POINT('',#3868);
#3001=LINE('',#3869,#3870);
#3002=VERTEX_POINT('',#3871);
#3003=LINE('',#3872,#3873);
#3004=VERTEX_POINT('',#3874);
#3005=LINE('',#3875,#3876);
#3006=VERTEX_POINT('',#3877);
#3007=LINE('',#3878,#3879);
#3008=VERTEX_POINT('',#3880);
#3009=LINE('',#3881,#3882);
#3010=VERTEX_POINT('',#3883);
#3011=LINE('',#3884,#3885);
#3012=LINE('',#3886,#3887);
#3013=VERTEX_POINT('',#3888);
#3014=VERTEX_POINT('',#3889);
#3015=LINE('',#3890,#3891);
#3016=LINE('',#3892,#3893);
#3017=LINE('',#3894,#3895);
#3018=LINE('',#3896,#3897);
#3019=LINE('',#3898,#3899);
#3020=VERTEX_POINT('',#3900);
#3021=VERTEX_POINT('',#3901);
#3022=LINE('',#3902,#3903);
#3023=LINE('',#3904,#3905);
#3024=LINE('',#3906,#3907);
#3025=LINE('',#3908,#3909);
#3026=LINE('',#3910,#3911);
#3027=VERTEX_POINT('',#3912);
#3028=VERTEX_POINT('',#3913);
#3029=LINE('',#3914,#3915);
#3030=LINE('',#3916,#3917);
#3031=LINE('',#3918,#3919);
#3032=LINE('',#3920,#3921);
#3033=LINE('',#3922,#3923);
#3034=VERTEX_POINT('',#3924);
#3035=VERTEX_POINT('',#3925);
#3036=LINE('',#3926,#3927);
#3037=VERTEX_POINT('',#3928);
#3038=LINE('',#3929,#3930);
#3039=VERTEX_POINT('',#3931);
#3040=LINE('',#3932,#3933);
#3041=LINE('',#3934,#3935);
#3042=VERTEX_POINT('',#3936);
#3043=VERTEX_POINT('',#3937);
#3044=LINE('',#3938,#3939);
#3045=VERTEX_POINT('',#3940);
#3046=LINE('',#3941,#3942);
#3047=VERTEX_POINT('',#3943);
#3048=LINE('',#3944,#3945);
#3049=LINE('',#3946,#3947);
#3050=VERTEX_POINT('',#3948);
#3051=VERTEX_POINT('',#3949);
#3052=LINE('',#3950,#3951);
#3053=VERTEX_POINT('',#3952);
#3054=LINE('',#3953,#3954);
#3055=VERTEX_POINT('',#3955);
#3056=LINE('',#3956,#3957);
#3057=LINE('',#3958,#3959);
#3058=VERTEX_POINT('',#3960);
#3059=VERTEX_POINT('',#3961);
#3060=LINE('',#3962,#3963);
#3061=VERTEX_POINT('',#3964);
#3062=LINE('',#3965,#3966);
#3063=VERTEX_POINT('',#3967);
#3064=LINE('',#3968,#3969);
#3065=LINE('',#3970,#3971);
#3066=VERTEX_POINT('',#3972);
#3067=VERTEX_POINT('',#3973);
#3068=LINE('',#3974,#3975);
#3069=LINE('',#3976,#3977);
#3070=LINE('',#3978,#3979);
#3071=LINE('',#3980,#3981);
#3072=LINE('',#3982,#3983);
#3073=VERTEX_POINT('',#3984);
#3074=VERTEX_POINT('',#3985);
#3075=LINE('',#3986,#3987);
#3076=VERTEX_POINT('',#3988);
#3077=LINE('',#3989,#3990);
#3078=VERTEX_POINT('',#3991);
#3079=LINE('',#3992,#3993);
#3080=LINE('',#3994,#3995);
#3081=VERTEX_POINT('',#3996);
#3082=LINE('',#3997,#3998);
#3083=VERTEX_POINT('',#3999);
#3084=LINE('',#4000,#4001);
#3085=VERTEX_POINT('',#4002);
#3086=LINE('',#4003,#4004);
#3087=VERTEX_POINT('',#4005);
#3088=LINE('',#4006,#4007);
#3089=VERTEX_POINT('',#4008);
#3090=LINE('',#4009,#4010);
#3091=VERTEX_POINT('',#4011);
#3092=LINE('',#4012,#4013);
#3093=LINE('',#4014,#4015);
#3094=VERTEX_POINT('',#4016);
#3095=VERTEX_POINT('',#4017);
#3096=LINE('',#4018,#4019);
#3097=LINE('',#4020,#4021);
#3098=VERTEX_POINT('',#4022);
#3099=LINE('',#4023,#4024);
#3100=VERTEX_POINT('',#4025);
#3101=LINE('',#4026,#4027);
#3102=VERTEX_POINT('',#4028);
#3103=LINE('',#4029,#4030);
#3104=VERTEX_POINT('',#4031);
#3105=LINE('',#4032,#4033);
#3106=VERTEX_POINT('',#4034);
#3107=LINE('',#4035,#4036);
#3108=VERTEX_POINT('',#4037);
#3109=LINE('',#4038,#4039);
#3110=VERTEX_POINT('',#4040);
#3111=LINE('',#4041,#4042);
#3112=LINE('',#4043,#4044);
#3113=VERTEX_POINT('',#4045);
#3114=VERTEX_POINT('',#4046);
#3115=LINE('',#4047,#4048);
#3116=VERTEX_POINT('',#4049);
#3117=LINE('',#4050,#4051);
#3118=LINE('',#4052,#4053);
#3119=VERTEX_POINT('',#4054);
#3120=VERTEX_POINT('',#4055);
#3121=LINE('',#4056,#4057);
#3122=VERTEX_POINT('',#4058);
#3123=LINE('',#4059,#4060);
#3124=VERTEX_POINT('',#4061);
#3125=LINE('',#4062,#4063);
#3126=VERTEX_POINT('',#4064);
#3127=LINE('',#4065,#4066);
#3128=VERTEX_POINT('',#4067);
#3129=LINE('',#4068,#4069);
#3130=VERTEX_POINT('',#4070);
#3131=LINE('',#4071,#4072);
#3132=VERTEX_POINT('',#4073);
#3133=LINE('',#4074,#4075);
#3134=VERTEX_POINT('',#4076);
#3135=LINE('',#4077,#4078);
#3136=VERTEX_POINT('',#4079);
#3137=LINE('',#4080,#4081);
#3138=VERTEX_POINT('',#4082);
#3139=LINE('',#4083,#4084);
#3140=VERTEX_POINT('',#4085);
#3141=LINE('',#4086,#4087);
#3142=VERTEX_POINT('',#4088);
#3143=LINE('',#4089,#4090);
#3144=VERTEX_POINT('',#4091);
#3145=LINE('',#4092,#4093);
#3146=VERTEX_POINT('',#4094);
#3147=LINE('',#4095,#4096);
#3148=VERTEX_POINT('',#4097);
#3149=LINE('',#4098,#4099);
#3150=VERTEX_POINT('',#4100);
#3151=LINE('',#4101,#4102);
#3152=VERTEX_POINT('',#4103);
#3153=LINE('',#4104,#4105);
#3154=VERTEX_POINT('',#4106);
#3155=LINE('',#4107,#4108);
#3156=VERTEX_POINT('',#4109);
#3157=LINE('',#4110,#4111);
#3158=VERTEX_POINT('',#4112);
#3159=LINE('',#4113,#4114);
#3160=VERTEX_POINT('',#4115);
#3161=LINE('',#4116,#4117);
#3162=LINE('',#4118,#4119);
#3163=VERTEX_POINT('',#4120);
#3164=VERTEX_POINT('',#4121);
#3165=LINE('',#4122,#4123);
#3166=LINE('',#4124,#4125);
#3167=LINE('',#4126,#4127);
#3168=VERTEX_POINT('',#4128);
#3169=LINE('',#4129,#4130);
#3170=LINE('',#4131,#4132);
#3171=LINE('',#4133,#4134);
#3172=VERTEX_POINT('',#4135);
#3173=VERTEX_POINT('',#4136);
#3174=LINE('',#4137,#4138);
#3175=VERTEX_POINT('',#4139);
#3176=LINE('',#4140,#4141);
#3177=VERTEX_POINT('',#4142);
#3178=LINE('',#4143,#4144);
#3179=VERTEX_POINT('',#4145);
#3180=LINE('',#4146,#4147);
#3181=VERTEX_POINT('',#4148);
#3182=LINE('',#4149,#4150);
#3183=LINE('',#4151,#4152);
#3184=VERTEX_POINT('',#4153);
#3185=LINE('',#4154,#4155);
#3186=VERTEX_POINT('',#4156);
#3187=LINE('',#4157,#4158);
#3188=VERTEX_POINT('',#4159);
#3189=LINE('',#4160,#4161);
#3190=VERTEX_POINT('',#4162);
#3191=LINE('',#4163,#4164);
#3192=LINE('',#4165,#4166);
#3193=VERTEX_POINT('',#4167);
#3194=LINE('',#4168,#4169);
#3195=VERTEX_POINT('',#4170);
#3196=LINE('',#4171,#4172);
#3197=LINE('',#4173,#4174);
#3198=LINE('',#4175,#4176);
#3199=VERTEX_POINT('',#4177);
#3200=LINE('',#4178,#4179);
#3201=LINE('',#4180,#4181);
#3202=LINE('',#4182,#4183);
#3203=LINE('',#4184,#4185);
#3204=LINE('',#4186,#4187);
#3205=VERTEX_POINT('',#4188);
#3206=LINE('',#4189,#4190);
#3207=LINE('',#4191,#4192);
#3208=VERTEX_POINT('',#4193);
#3209=LINE('',#4194,#4195);
#3210=LINE('',#4196,#4197);
#3211=LINE('',#4198,#4199);
#3212=VERTEX_POINT('',#4200);
#3213=LINE('',#4201,#4202);
#3214=VERTEX_POINT('',#4203);
#3215=LINE('',#4204,#4205);
#3216=VERTEX_POINT('',#4206);
#3217=LINE('',#4207,#4208);
#3218=VERTEX_POINT('',#4209);
#3219=LINE('',#4210,#4211);
#3220=VERTEX_POINT('',#4212);
#3221=LINE('',#4213,#4214);
#3222=VERTEX_POINT('',#4215);
#3223=LINE('',#4216,#4217);
#3224=LINE('',#4218,#4219);
#3225=VERTEX_POINT('',#4220);
#3226=VERTEX_POINT('',#4221);
#3227=LINE('',#4222,#4223);
#3228=VERTEX_POINT('',#4224);
#3229=LINE('',#4225,#4226);
#3230=VERTEX_POINT('',#4227);
#3231=LINE('',#4228,#4229);
#3232=LINE('',#4230,#4231);
#3233=VERTEX_POINT('',#4232);
#3234=VERTEX_POINT('',#4233);
#3235=LINE('',#4234,#4235);
#3236=LINE('',#4236,#4237);
#3237=VERTEX_POINT('',#4238);
#3238=LINE('',#4239,#4240);
#3239=VERTEX_POINT('',#4241);
#3240=LINE('',#4242,#4243);
#3241=VERTEX_POINT('',#4244);
#3242=LINE('',#4245,#4246);
#3243=LINE('',#4247,#4248);
#3244=LINE('',#4249,#4250);
#3245=VERTEX_POINT('',#4251);
#3246=VERTEX_POINT('',#4252);
#3247=LINE('',#4253,#4254);
#3248=LINE('',#4255,#4256);
#3249=LINE('',#4257,#4258);
#3250=VERTEX_POINT('',#4259);
#3251=LINE('',#4260,#4261);
#3252=LINE('',#4262,#4263);
#3253=LINE('',#4264,#4265);
#3254=VERTEX_POINT('',#4266);
#3255=VERTEX_POINT('',#4267);
#3256=LINE('',#4268,#4269);
#3257=VERTEX_POINT('',#4270);
#3258=LINE('',#4271,#4272);
#3259=LINE('',#4273,#4274);
#3260=LINE('',#4275,#4276);
#3261=LINE('',#4277,#4278);
#3262=VERTEX_POINT('',#4279);
#3263=LINE('',#4280,#4281);
#3264=VERTEX_POINT('',#4282);
#3265=LINE('',#4283,#4284);
#3266=LINE('',#4285,#4286);
#3267=VERTEX_POINT('',#4287);
#3268=LINE('',#4288,#4289);
#3269=VERTEX_POINT('',#4290);
#3270=LINE('',#4291,#4292);
#3271=LINE('',#4293,#4294);
#3272=VERTEX_POINT('',#4295);
#3273=LINE('',#4296,#4297);
#3274=LINE('',#4298,#4299);
#3275=LINE('',#4300,#4301);
#3276=VERTEX_POINT('',#4302);
#3277=LINE('',#4303,#4304);
#3278=VERTEX_POINT('',#4305);
#3279=LINE('',#4306,#4307);
#3280=LINE('',#4308,#4309);
#3281=VERTEX_POINT('',#4310);
#3282=LINE('',#4311,#4312);
#3283=VERTEX_POINT('',#4313);
#3284=LINE('',#4314,#4315);
#3285=LINE('',#4316,#4317);
#3286=VERTEX_POINT('',#4318);
#3287=LINE('',#4319,#4320);
#3288=VERTEX_POINT('',#4321);
#3289=LINE('',#4322,#4323);
#3290=LINE('',#4324,#4325);
#3291=VERTEX_POINT('',#4326);
#3292=LINE('',#4327,#4328);
#3293=VERTEX_POINT('',#4329);
#3294=LINE('',#4330,#4331);
#3295=LINE('',#4332,#4333);
#3296=VERTEX_POINT('',#4334);
#3297=LINE('',#4335,#4336);
#3298=LINE('',#4337,#4338);
#3299=VERTEX_POINT('',#4339);
#3300=VERTEX_POINT('',#4340);
#3301=LINE('',#4341,#4342);
#3302=VERTEX_POINT('',#4343);
#3303=LINE('',#4344,#4345);
#3304=LINE('',#4346,#4347);
#3305=VERTEX_POINT('',#4348);
#3306=LINE('',#4349,#4350);
#3307=VERTEX_POINT('',#4351);
#3308=LINE('',#4352,#4353);
#3309=LINE('',#4354,#4355);
#3310=LINE('',#4356,#4357);
#3311=LINE('',#4358,#4359);
#3312=VERTEX_POINT('',#4360);
#3313=LINE('',#4361,#4362);
#3314=LINE('',#4363,#4364);
#3315=VERTEX_POINT('',#4365);
#3316=LINE('',#4366,#4367);
#3317=VERTEX_POINT('',#4368);
#3318=LINE('',#4369,#4370);
#3319=VERTEX_POINT('',#4371);
#3320=LINE('',#4372,#4373);
#3321=LINE('',#4374,#4375);
#3322=LINE('',#4376,#4377);
#3323=VERTEX_POINT('',#4378);
#3324=LINE('',#4379,#4380);
#3325=LINE('',#4381,#4382);
#3326=VERTEX_POINT('',#4383);
#3327=VERTEX_POINT('',#4384);
#3328=LINE('',#4385,#4386);
#3329=VERTEX_POINT('',#4387);
#3330=LINE('',#4388,#4389);
#3331=LINE('',#4390,#4391);
#3332=LINE('',#4392,#4393);
#3333=LINE('',#4394,#4395);
#3334=VERTEX_POINT('',#4396);
#3335=VERTEX_POINT('',#4397);
#3336=LINE('',#4398,#4399);
#3337=LINE('',#4400,#4401);
#3338=LINE('',#4402,#4403);
#3339=VERTEX_POINT('',#4404);
#3340=LINE('',#4405,#4406);
#3341=LINE('',#4407,#4408);
#3342=LINE('',#4409,#4410);
#3343=VERTEX_POINT('',#4411);
#3344=VERTEX_POINT('',#4412);
#3345=LINE('',#4413,#4414);
#3346=VERTEX_POINT('',#4415);
#3347=LINE('',#4416,#4417);
#3348=VERTEX_POINT('',#4418);
#3349=LINE('',#4419,#4420);
#3350=LINE('',#4421,#4422);
#3351=VERTEX_POINT('',#4423);
#3352=LINE('',#4424,#4425);
#3353=LINE('',#4426,#4427);
#3354=LINE('',#4428,#4429);
#3355=LINE('',#4430,#4431);
#3356=LINE('',#4432,#4433);
#3357=LINE('',#4434,#4435);
#3358=LINE('',#4436,#4437);
#3359=VERTEX_POINT('',#4438);
#3360=LINE('',#4439,#4440);
#3361=LINE('',#4441,#4442);
#3362=LINE('',#4443,#4444);
#3363=LINE('',#4445,#4446);
#3364=VERTEX_POINT('',#4447);
#3365=LINE('',#4448,#4449);
#3366=LINE('',#4450,#4451);
#3367=LINE('',#4452,#4453);
#3368=LINE('',#4454,#4455);
#3369=VERTEX_POINT('',#4456);
#3370=LINE('',#4457,#4458);
#3371=LINE('',#4459,#4460);
#3372=LINE('',#4461,#4462);
#3373=VERTEX_POINT('',#4463);
#3374=VERTEX_POINT('',#4464);
#3375=LINE('',#4465,#4466);
#3376=VERTEX_POINT('',#4467);
#3377=LINE('',#4468,#4469);
#3378=VERTEX_POINT('',#4470);
#3379=LINE('',#4471,#4472);
#3380=LINE('',#4473,#4474);
#3381=VERTEX_POINT('',#4475);
#3382=LINE('',#4476,#4477);
#3383=LINE('',#4478,#4479);
#3384=VERTEX_POINT('',#4480);
#3385=LINE('',#4481,#4482);
#3386=LINE('',#4483,#4484);
#3387=VERTEX_POINT('',#4485);
#3388=VERTEX_POINT('',#4486);
#3389=LINE('',#4487,#4488);
#3390=VERTEX_POINT('',#4489);
#3391=LINE('',#4490,#4491);
#3392=VERTEX_POINT('',#4492);
#3393=LINE('',#4493,#4494);
#3394=LINE('',#4495,#4496);
#3395=VERTEX_POINT('',#4497);
#3396=CIRCLE('',#4498,0.1);
#3397=VERTEX_POINT('',#4499);
#3398=LINE('',#4500,#4501);
#3399=CIRCLE('',#4502,0.1);
#3400=VERTEX_POINT('',#4503);
#3401=LINE('',#4504,#4505);
#3402=VERTEX_POINT('',#4506);
#3403=LINE('',#4507,#4508);
#3404=LINE('',#4509,#4510);
#3405=VERTEX_POINT('',#4511);
#3406=CIRCLE('',#4512,0.05);
#3407=VERTEX_POINT('',#4513);
#3408=LINE('',#4514,#4515);
#3409=CIRCLE('',#4516,0.05);
#3410=VERTEX_POINT('',#4517);
#3411=LINE('',#4518,#4519);
#3412=VERTEX_POINT('',#4520);
#3413=LINE('',#4521,#4522);
#3414=LINE('',#4523,#4524);
#3415=VERTEX_POINT('',#4525);
#3416=CIRCLE('',#4526,0.05);
#3417=VERTEX_POINT('',#4527);
#3418=LINE('',#4528,#4529);
#3419=CIRCLE('',#4530,0.05);
#3420=VERTEX_POINT('',#4531);
#3421=LINE('',#4532,#4533);
#3422=VERTEX_POINT('',#4534);
#3423=LINE('',#4535,#4536);
#3424=LINE('',#4537,#4538);
#3425=VERTEX_POINT('',#4539);
#3426=CIRCLE('',#4540,0.06);
#3427=VERTEX_POINT('',#4541);
#3428=LINE('',#4542,#4543);
#3429=CIRCLE('',#4544,0.06);
#3430=CIRCLE('',#4545,0.05);
#3431=LINE('',#4546,#4547);
#3432=LINE('',#4548,#4549);
#3433=CIRCLE('',#4550,0.05);
#3434=VERTEX_POINT('',#4551);
#3435=LINE('',#4552,#4553);
#3436=VERTEX_POINT('',#4554);
#3437=LINE('',#4555,#4556);
#3438=LINE('',#4557,#4558);
#3439=LINE('',#4559,#4560);
#3440=LINE('',#4561,#4562);
#3441=VERTEX_POINT('',#4563);
#3442=VERTEX_POINT('',#4564);
#3443=LINE('',#4565,#4566);
#3444=VERTEX_POINT('',#4567);
#3445=LINE('',#4568,#4569);
#3446=VERTEX_POINT('',#4570);
#3447=LINE('',#4571,#4572);
#3448=LINE('',#4573,#4574);
#3449=VERTEX_POINT('',#4575);
#3450=LINE('',#4576,#4577);
#3451=VERTEX_POINT('',#4578);
#3452=LINE('',#4579,#4580);
#3453=LINE('',#4581,#4582);
#3454=VERTEX_POINT('',#4583);
#3455=LINE('',#4584,#4585);
#3456=VERTEX_POINT('',#4586);
#3457=LINE('',#4587,#4588);
#3458=LINE('',#4589,#4590);
#3459=LINE('',#4591,#4592);
#3460=LINE('',#4593,#4594);
#3461=LINE('',#4595,#4596);
#3462=LINE('',#4597,#4598);
#3463=VERTEX_POINT('',#4599);
#3464=LINE('',#4600,#4601);
#3465=VERTEX_POINT('',#4602);
#3466=LINE('',#4603,#4604);
#3467=LINE('',#4605,#4606);
#3468=VERTEX_POINT('',#4607);
#3469=LINE('',#4608,#4609);
#3470=VERTEX_POINT('',#4610);
#3471=LINE('',#4611,#4612);
#3472=VERTEX_POINT('',#4613);
#3473=LINE('',#4614,#4615);
#3474=LINE('',#4616,#4617);
#3475=VERTEX_POINT('',#4618);
#3476=LINE('',#4619,#4620);
#3477=VERTEX_POINT('',#4621);
#3478=LINE('',#4622,#4623);
#3479=VERTEX_POINT('',#4624);
#3480=LINE('',#4625,#4626);
#3481=LINE('',#4627,#4628);
#3482=LINE('',#4629,#4630);
#3483=LINE('',#4631,#4632);
#3484=LINE('',#4633,#4634);
#3485=VERTEX_POINT('',#4635);
#3486=VERTEX_POINT('',#4636);
#3487=LINE('',#4637,#4638);
#3488=VERTEX_POINT('',#4639);
#3489=LINE('',#4640,#4641);
#3490=VERTEX_POINT('',#4642);
#3491=LINE('',#4643,#4644);
#3492=LINE('',#4645,#4646);
#3493=VERTEX_POINT('',#4647);
#3494=LINE('',#4648,#4649);
#3495=VERTEX_POINT('',#4650);
#3496=LINE('',#4651,#4652);
#3497=LINE('',#4653,#4654);
#3498=VERTEX_POINT('',#4655);
#3499=LINE('',#4656,#4657);
#3500=VERTEX_POINT('',#4658);
#3501=LINE('',#4659,#4660);
#3502=LINE('',#4661,#4662);
#3503=LINE('',#4663,#4664);
#3504=LINE('',#4665,#4666);
#3505=LINE('',#4667,#4668);
#3506=LINE('',#4669,#4670);
#3507=VERTEX_POINT('',#4671);
#3508=LINE('',#4672,#4673);
#3509=VERTEX_POINT('',#4674);
#3510=LINE('',#4675,#4676);
#3511=LINE('',#4677,#4678);
#3512=VERTEX_POINT('',#4679);
#3513=LINE('',#4680,#4681);
#3514=VERTEX_POINT('',#4682);
#3515=LINE('',#4683,#4684);
#3516=VERTEX_POINT('',#4685);
#3517=LINE('',#4686,#4687);
#3518=LINE('',#4688,#4689);
#3519=VERTEX_POINT('',#4690);
#3520=LINE('',#4691,#4692);
#3521=VERTEX_POINT('',#4693);
#3522=LINE('',#4694,#4695);
#3523=VERTEX_POINT('',#4696);
#3524=LINE('',#4697,#4698);
#3525=LINE('',#4699,#4700);
#3526=LINE('',#4701,#4702);
#3527=LINE('',#4703,#4704);
#3528=LINE('',#4705,#4706);
#3529=VERTEX_POINT('',#4707);
#3530=VERTEX_POINT('',#4708);
#3531=LINE('',#4709,#4710);
#3532=VERTEX_POINT('',#4711);
#3533=LINE('',#4712,#4713);
#3534=VERTEX_POINT('',#4714);
#3535=LINE('',#4715,#4716);
#3536=LINE('',#4717,#4718);
#3537=VERTEX_POINT('',#4719);
#3538=CIRCLE('',#4720,0.1);
#3539=VERTEX_POINT('',#4721);
#3540=LINE('',#4722,#4723);
#3541=CIRCLE('',#4724,0.1);
#3542=VERTEX_POINT('',#4725);
#3543=LINE('',#4726,#4727);
#3544=VERTEX_POINT('',#4728);
#3545=LINE('',#4729,#4730);
#3546=LINE('',#4731,#4732);
#3547=VERTEX_POINT('',#4733);
#3548=CIRCLE('',#4734,0.05);
#3549=VERTEX_POINT('',#4735);
#3550=LINE('',#4736,#4737);
#3551=CIRCLE('',#4738,0.05);
#3552=VERTEX_POINT('',#4739);
#3553=LINE('',#4740,#4741);
#3554=VERTEX_POINT('',#4742);
#3555=LINE('',#4743,#4744);
#3556=LINE('',#4745,#4746);
#3557=VERTEX_POINT('',#4747);
#3558=CIRCLE('',#4748,0.05);
#3559=VERTEX_POINT('',#4749);
#3560=LINE('',#4750,#4751);
#3561=CIRCLE('',#4752,0.05);
#3562=VERTEX_POINT('',#4753);
#3563=LINE('',#4754,#4755);
#3564=VERTEX_POINT('',#4756);
#3565=LINE('',#4757,#4758);
#3566=LINE('',#4759,#4760);
#3567=VERTEX_POINT('',#4761);
#3568=CIRCLE('',#4762,0.06);
#3569=VERTEX_POINT('',#4763);
#3570=LINE('',#4764,#4765);
#3571=CIRCLE('',#4766,0.06);
#3572=CIRCLE('',#4767,0.05);
#3573=LINE('',#4768,#4769);
#3574=LINE('',#4770,#4771);
#3575=CIRCLE('',#4772,0.05);
#3576=VERTEX_POINT('',#4773);
#3577=LINE('',#4774,#4775);
#3578=VERTEX_POINT('',#4776);
#3579=LINE('',#4777,#4778);
#3580=LINE('',#4779,#4780);
#3581=LINE('',#4781,#4782);
#3582=LINE('',#4783,#4784);
#3583=VERTEX_POINT('',#4785);
#3584=VERTEX_POINT('',#4786);
#3585=LINE('',#4787,#4788);
#3586=VERTEX_POINT('',#4789);
#3587=LINE('',#4790,#4791);
#3588=VERTEX_POINT('',#4792);
#3589=LINE('',#4793,#4794);
#3590=LINE('',#4795,#4796);
#3591=VERTEX_POINT('',#4797);
#3592=CIRCLE('',#4798,0.1);
#3593=VERTEX_POINT('',#4799);
#3594=LINE('',#4800,#4801);
#3595=CIRCLE('',#4802,0.1);
#3596=VERTEX_POINT('',#4803);
#3597=LINE('',#4804,#4805);
#3598=VERTEX_POINT('',#4806);
#3599=LINE('',#4807,#4808);
#3600=LINE('',#4809,#4810);
#3601=VERTEX_POINT('',#4811);
#3602=CIRCLE('',#4812,0.05);
#3603=VERTEX_POINT('',#4813);
#3604=LINE('',#4814,#4815);
#3605=CIRCLE('',#4816,0.05);
#3606=VERTEX_POINT('',#4817);
#3607=LINE('',#4818,#4819);
#3608=VERTEX_POINT('',#4820);
#3609=LINE('',#4821,#4822);
#3610=LINE('',#4823,#4824);
#3611=VERTEX_POINT('',#4825);
#3612=CIRCLE('',#4826,0.05);
#3613=VERTEX_POINT('',#4827);
#3614=LINE('',#4828,#4829);
#3615=CIRCLE('',#4830,0.05);
#3616=VERTEX_POINT('',#4831);
#3617=LINE('',#4832,#4833);
#3618=VERTEX_POINT('',#4834);
#3619=LINE('',#4835,#4836);
#3620=LINE('',#4837,#4838);
#3621=VERTEX_POINT('',#4839);
#3622=CIRCLE('',#4840,0.06);
#3623=VERTEX_POINT('',#4841);
#3624=LINE('',#4842,#4843);
#3625=CIRCLE('',#4844,0.06);
#3626=CIRCLE('',#4845,0.05);
#3627=LINE('',#4846,#4847);
#3628=LINE('',#4848,#4849);
#3629=CIRCLE('',#4850,0.05);
#3630=VERTEX_POINT('',#4851);
#3631=LINE('',#4852,#4853);
#3632=VERTEX_POINT('',#4854);
#3633=LINE('',#4855,#4856);
#3634=LINE('',#4857,#4858);
#3635=LINE('',#4859,#4860);
#3636=LINE('',#4861,#4862);
#3637=VERTEX_POINT('',#4863);
#3638=VERTEX_POINT('',#4864);
#3639=LINE('',#4865,#4866);
#3640=VERTEX_POINT('',#4867);
#3641=LINE('',#4868,#4869);
#3642=VERTEX_POINT('',#4870);
#3643=LINE('',#4871,#4872);
#3644=LINE('',#4873,#4874);
#3645=VERTEX_POINT('',#4875);
#3646=CIRCLE('',#4876,0.1);
#3647=VERTEX_POINT('',#4877);
#3648=LINE('',#4878,#4879);
#3649=CIRCLE('',#4880,0.1);
#3650=VERTEX_POINT('',#4881);
#3651=LINE('',#4882,#4883);
#3652=VERTEX_POINT('',#4884);
#3653=LINE('',#4885,#4886);
#3654=LINE('',#4887,#4888);
#3655=VERTEX_POINT('',#4889);
#3656=CIRCLE('',#4890,0.05);
#3657=VERTEX_POINT('',#4891);
#3658=LINE('',#4892,#4893);
#3659=CIRCLE('',#4894,0.05);
#3660=VERTEX_POINT('',#4895);
#3661=LINE('',#4896,#4897);
#3662=VERTEX_POINT('',#4898);
#3663=LINE('',#4899,#4900);
#3664=LINE('',#4901,#4902);
#3665=VERTEX_POINT('',#4903);
#3666=CIRCLE('',#4904,0.05);
#3667=VERTEX_POINT('',#4905);
#3668=LINE('',#4906,#4907);
#3669=CIRCLE('',#4908,0.05);
#3670=VERTEX_POINT('',#4909);
#3671=LINE('',#4910,#4911);
#3672=VERTEX_POINT('',#4912);
#3673=LINE('',#4913,#4914);
#3674=LINE('',#4915,#4916);
#3675=VERTEX_POINT('',#4917);
#3676=CIRCLE('',#4918,0.06);
#3677=VERTEX_POINT('',#4919);
#3678=LINE('',#4920,#4921);
#3679=CIRCLE('',#4922,0.06);
#3680=CIRCLE('',#4923,0.05);
#3681=LINE('',#4924,#4925);
#3682=LINE('',#4926,#4927);
#3683=CIRCLE('',#4928,0.05);
#3684=VERTEX_POINT('',#4929);
#3685=LINE('',#4930,#4931);
#3686=VERTEX_POINT('',#4932);
#3687=LINE('',#4933,#4934);
#3688=LINE('',#4935,#4936);
#3689=LINE('',#4937,#4938);
#3690=LINE('',#4939,#4940);
#3691=LINE('',#4941,#4942);
#3692=LINE('',#4943,#4944);
#3693=LINE('',#4945,#4946);
#3694=LINE('',#4947,#4948);
#3695=LINE('',#4949,#4950);
#3696=LINE('',#4951,#4952);
#3697=LINE('',#4953,#4954);
#3698=LINE('',#4955,#4956);
#3699=VERTEX_POINT('',#4957);
#3700=LINE('',#4958,#4959);
#3701=VERTEX_POINT('',#4960);
#3702=LINE('',#4961,#4962);
#3703=LINE('',#4963,#4964);
#3704=VERTEX_POINT('',#4965);
#3705=LINE('',#4966,#4967);
#3706=LINE('',#4968,#4969);
#3707=LINE('',#4970,#4971);
#3708=CARTESIAN_POINT('',(1.0,3.47,1.0));
#3709=CARTESIAN_POINT('',(1.0,3.47,0.0));
#3710=CARTESIAN_POINT('',(1.0,3.47,0.0));
#3711=VECTOR('',#4972,1.0);
#3712=CARTESIAN_POINT('',(-4.6,3.47,1.0));
#3713=CARTESIAN_POINT('',(-4.6,3.47,1.0));
#3714=VECTOR('',#4973,1.0);
#3715=CARTESIAN_POINT('',(-4.6,3.47,0.0));
#3716=CARTESIAN_POINT('',(-4.6,3.47,0.0));
#3717=VECTOR('',#4974,1.0);
#3718=CARTESIAN_POINT('',(-3.7,3.47,-4.06575814682064E-17));
#3719=CARTESIAN_POINT('',(1.0,3.47,0.0));
#3720=VECTOR('',#4975,1.0);
#3721=CARTESIAN_POINT('',(-3.7,3.47,0.72));
#3722=CARTESIAN_POINT('',(-3.7,3.47,0.0));
#3723=VECTOR('',#4976,1.0);
#3724=CARTESIAN_POINT('',(-3.5,3.47,0.72));
#3725=CARTESIAN_POINT('',(1.0,3.47,0.72));
#3726=VECTOR('',#4977,1.0);
#3727=CARTESIAN_POINT('',(-3.5,3.47,3.46944695195361E-17));
#3728=CARTESIAN_POINT('',(-3.5,3.47,0.0));
#3729=VECTOR('',#4978,1.0);
#3730=CARTESIAN_POINT('',(-2.5,3.47,-4.06575814682064E-17));
#3731=CARTESIAN_POINT('',(1.0,3.47,0.0));
#3732=VECTOR('',#4979,1.0);
#3733=CARTESIAN_POINT('',(-2.5,3.47,0.72));
#3734=CARTESIAN_POINT('',(-2.5,3.47,0.0));
#3735=VECTOR('',#4980,1.0);
#3736=CARTESIAN_POINT('',(-2.3,3.47,0.72));
#3737=CARTESIAN_POINT('',(1.0,3.47,0.72));
#3738=VECTOR('',#4981,1.0);
#3739=CARTESIAN_POINT('',(-2.3,3.47,3.46944695195361E-17));
#3740=CARTESIAN_POINT('',(-2.3,3.47,0.0));
#3741=VECTOR('',#4982,1.0);
#3742=CARTESIAN_POINT('',(-1.3,3.47,-4.06575814682064E-17));
#3743=CARTESIAN_POINT('',(1.0,3.47,0.0));
#3744=VECTOR('',#4983,1.0);
#3745=CARTESIAN_POINT('',(-1.3,3.47,0.72));
#3746=CARTESIAN_POINT('',(-1.3,3.47,0.0));
#3747=VECTOR('',#4984,1.0);
#3748=CARTESIAN_POINT('',(-1.1,3.47,0.72));
#3749=CARTESIAN_POINT('',(1.0,3.47,0.72));
#3750=VECTOR('',#4985,1.0);
#3751=CARTESIAN_POINT('',(-1.1,3.47,3.46944695195361E-17));
#3752=CARTESIAN_POINT('',(-1.1,3.47,0.0));
#3753=VECTOR('',#4986,1.0);
#3754=CARTESIAN_POINT('',(-0.1,3.47,-4.06575814682064E-17));
#3755=CARTESIAN_POINT('',(1.0,3.47,0.0));
#3756=VECTOR('',#4987,1.0);
#3757=CARTESIAN_POINT('',(-0.1,3.47,0.72));
#3758=CARTESIAN_POINT('',(-0.1,3.47,0.0));
#3759=VECTOR('',#4988,1.0);
#3760=CARTESIAN_POINT('',(0.1,3.47,0.72));
#3761=CARTESIAN_POINT('',(1.0,3.47,0.72));
#3762=VECTOR('',#4989,1.0);
#3763=CARTESIAN_POINT('',(0.1,3.47,3.46944695195361E-17));
#3764=CARTESIAN_POINT('',(0.1,3.47,0.0));
#3765=VECTOR('',#4990,1.0);
#3766=CARTESIAN_POINT('',(1.0,3.47,0.0));
#3767=VECTOR('',#4991,1.0);
#3768=CARTESIAN_POINT('',(-3.5,4.21,0.56));
#3769=CARTESIAN_POINT('',(-2.5,4.21,0.56));
#3770=CARTESIAN_POINT('',(1.5,4.21,0.56));
#3771=VECTOR('',#4992,1.0);
#3772=CARTESIAN_POINT('',(-3.5,4.22,0.56));
#3773=CARTESIAN_POINT('',(-3.5,4.29,0.56));
#3774=VECTOR('',#4993,1.0);
#3775=CARTESIAN_POINT('',(-3.7,4.22,0.56));
#3776=CARTESIAN_POINT('',(1.5,4.22,0.56));
#3777=VECTOR('',#4994,1.0);
#3778=CARTESIAN_POINT('',(-3.7,4.21,0.56));
#3779=CARTESIAN_POINT('',(-3.7,4.29,0.56));
#3780=VECTOR('',#4995,1.0);
#3781=CARTESIAN_POINT('',(-5.1,4.21,0.56));
#3782=CARTESIAN_POINT('',(1.5,4.21,0.56));
#3783=VECTOR('',#4996,1.0);
#3784=CARTESIAN_POINT('',(-5.1,4.29,0.56));
#3785=CARTESIAN_POINT('',(-5.1,4.29,0.56));
#3786=VECTOR('',#4997,1.0);
#3787=CARTESIAN_POINT('',(1.5,4.29,0.56));
#3788=CARTESIAN_POINT('',(1.5,4.29,0.56));
#3789=VECTOR('',#4998,1.0);
#3790=CARTESIAN_POINT('',(1.5,4.21,0.56));
#3791=CARTESIAN_POINT('',(1.5,4.29,0.56));
#3792=VECTOR('',#4999,1.0);
#3793=CARTESIAN_POINT('',(0.1,4.21,0.56));
#3794=CARTESIAN_POINT('',(1.5,4.21,0.56));
#3795=VECTOR('',#5000,1.0);
#3796=CARTESIAN_POINT('',(0.1,4.22,0.56));
#3797=CARTESIAN_POINT('',(0.1,4.29,0.56));
#3798=VECTOR('',#5001,1.0);
#3799=CARTESIAN_POINT('',(-0.1,4.22,0.56));
#3800=CARTESIAN_POINT('',(1.5,4.22,0.56));
#3801=VECTOR('',#5002,1.0);
#3802=CARTESIAN_POINT('',(-0.1,4.21,0.56));
#3803=CARTESIAN_POINT('',(-0.1,4.29,0.56));
#3804=VECTOR('',#5003,1.0);
#3805=CARTESIAN_POINT('',(-1.1,4.21,0.56));
#3806=CARTESIAN_POINT('',(1.5,4.21,0.56));
#3807=VECTOR('',#5004,1.0);
#3808=CARTESIAN_POINT('',(-1.1,4.22,0.56));
#3809=CARTESIAN_POINT('',(-1.1,4.29,0.56));
#3810=VECTOR('',#5005,1.0);
#3811=CARTESIAN_POINT('',(-1.3,4.22,0.56));
#3812=CARTESIAN_POINT('',(1.5,4.22,0.56));
#3813=VECTOR('',#5006,1.0);
#3814=CARTESIAN_POINT('',(-1.3,4.21,0.56));
#3815=CARTESIAN_POINT('',(-1.3,4.29,0.56));
#3816=VECTOR('',#5007,1.0);
#3817=CARTESIAN_POINT('',(-2.3,4.21,0.56));
#3818=CARTESIAN_POINT('',(1.5,4.21,0.56));
#3819=VECTOR('',#5008,1.0);
#3820=CARTESIAN_POINT('',(-2.3,4.22,0.56));
#3821=CARTESIAN_POINT('',(-2.3,4.29,0.56));
#3822=VECTOR('',#5009,1.0);
#3823=CARTESIAN_POINT('',(-2.5,4.22,0.56));
#3824=CARTESIAN_POINT('',(1.5,4.22,0.56));
#3825=VECTOR('',#5010,1.0);
#3826=CARTESIAN_POINT('',(-2.5,4.29,0.56));
#3827=VECTOR('',#5011,1.0);
#3828=CARTESIAN_POINT('',(-3.7,3.91,0.265825756949559));
#3829=CARTESIAN_POINT('',(-3.5,3.91,0.265825756949559));
#3830=CARTESIAN_POINT('',(-3.5,3.91,0.265825756949559));
#3831=VECTOR('',#5012,1.0);
#3832=CARTESIAN_POINT('',(-3.5,3.91,0.32));
#3833=CARTESIAN_POINT('',(-3.5,3.91,0.32));
#3834=VECTOR('',#5013,1.0);
#3835=CARTESIAN_POINT('',(-2.5,3.91,0.32));
#3836=CARTESIAN_POINT('',(1.5,3.91,0.32));
#3837=VECTOR('',#5014,1.0);
#3838=CARTESIAN_POINT('',(-2.5,3.91,0.265825756949559));
#3839=CARTESIAN_POINT('',(-2.5,3.91,0.32));
#3840=VECTOR('',#5015,1.0);
#3841=CARTESIAN_POINT('',(-2.3,3.91,0.265825756949559));
#3842=CARTESIAN_POINT('',(-2.3,3.91,0.265825756949559));
#3843=VECTOR('',#5016,1.0);
#3844=CARTESIAN_POINT('',(-2.3,3.91,0.32));
#3845=CARTESIAN_POINT('',(-2.3,3.91,0.32));
#3846=VECTOR('',#5017,1.0);
#3847=CARTESIAN_POINT('',(-1.3,3.91,0.32));
#3848=CARTESIAN_POINT('',(1.5,3.91,0.32));
#3849=VECTOR('',#5018,1.0);
#3850=CARTESIAN_POINT('',(-1.3,3.91,0.265825756949559));
#3851=CARTESIAN_POINT('',(-1.3,3.91,0.32));
#3852=VECTOR('',#5019,1.0);
#3853=CARTESIAN_POINT('',(-1.1,3.91,0.265825756949559));
#3854=CARTESIAN_POINT('',(-1.1,3.91,0.265825756949559));
#3855=VECTOR('',#5020,1.0);
#3856=CARTESIAN_POINT('',(-1.1,3.91,0.32));
#3857=CARTESIAN_POINT('',(-1.1,3.91,0.32));
#3858=VECTOR('',#5021,1.0);
#3859=CARTESIAN_POINT('',(-0.1,3.91,0.32));
#3860=CARTESIAN_POINT('',(1.5,3.91,0.32));
#3861=VECTOR('',#5022,1.0);
#3862=CARTESIAN_POINT('',(-0.1,3.91,0.265825756949559));
#3863=CARTESIAN_POINT('',(-0.1,3.91,0.32));
#3864=VECTOR('',#5023,1.0);
#3865=CARTESIAN_POINT('',(0.1,3.91,0.265825756949559));
#3866=CARTESIAN_POINT('',(0.1,3.91,0.265825756949559));
#3867=VECTOR('',#5024,1.0);
#3868=CARTESIAN_POINT('',(0.1,3.91,0.32));
#3869=CARTESIAN_POINT('',(0.1,3.91,0.32));
#3870=VECTOR('',#5025,1.0);
#3871=CARTESIAN_POINT('',(1.5,3.91,0.32));
#3872=CARTESIAN_POINT('',(1.5,3.91,0.32));
#3873=VECTOR('',#5026,1.0);
#3874=CARTESIAN_POINT('',(1.5,3.91,-0.1));
#3875=CARTESIAN_POINT('',(1.5,3.91,0.32));
#3876=VECTOR('',#5027,1.0);
#3877=CARTESIAN_POINT('',(-5.1,3.91,-0.1));
#3878=CARTESIAN_POINT('',(1.5,3.91,-0.1));
#3879=VECTOR('',#5028,1.0);
#3880=CARTESIAN_POINT('',(-5.1,3.91,0.32));
#3881=CARTESIAN_POINT('',(-5.1,3.91,0.32));
#3882=VECTOR('',#5029,1.0);
#3883=CARTESIAN_POINT('',(-3.7,3.91,0.32));
#3884=CARTESIAN_POINT('',(1.5,3.91,0.32));
#3885=VECTOR('',#5030,1.0);
#3886=CARTESIAN_POINT('',(-3.7,3.91,0.32));
#3887=VECTOR('',#5031,1.0);
#3888=CARTESIAN_POINT('',(-3.5,4.21,0.32));
#3889=CARTESIAN_POINT('',(-2.5,4.21,0.32));
#3890=CARTESIAN_POINT('',(1.5,4.21,0.32));
#3891=VECTOR('',#5032,1.0);
#3892=CARTESIAN_POINT('',(-3.5,4.21,0.56));
#3893=VECTOR('',#5033,1.0);
#3894=CARTESIAN_POINT('',(-2.5,4.21,0.56));
#3895=VECTOR('',#5034,1.0);
#3896=CARTESIAN_POINT('',(-3.5,4.21,0.32));
#3897=VECTOR('',#5035,1.0);
#3898=CARTESIAN_POINT('',(-2.5,4.21,0.32));
#3899=VECTOR('',#5036,1.0);
#3900=CARTESIAN_POINT('',(-2.3,4.21,0.32));
#3901=CARTESIAN_POINT('',(-1.3,4.21,0.32));
#3902=CARTESIAN_POINT('',(1.5,4.21,0.32));
#3903=VECTOR('',#5037,1.0);
#3904=CARTESIAN_POINT('',(-2.3,4.21,0.56));
#3905=VECTOR('',#5038,1.0);
#3906=CARTESIAN_POINT('',(-1.3,4.21,0.56));
#3907=VECTOR('',#5039,1.0);
#3908=CARTESIAN_POINT('',(-2.3,4.21,0.32));
#3909=VECTOR('',#5040,1.0);
#3910=CARTESIAN_POINT('',(-1.3,4.21,0.32));
#3911=VECTOR('',#5041,1.0);
#3912=CARTESIAN_POINT('',(-1.1,4.21,0.32));
#3913=CARTESIAN_POINT('',(-0.1,4.21,0.32));
#3914=CARTESIAN_POINT('',(1.5,4.21,0.32));
#3915=VECTOR('',#5042,1.0);
#3916=CARTESIAN_POINT('',(-1.1,4.21,0.56));
#3917=VECTOR('',#5043,1.0);
#3918=CARTESIAN_POINT('',(-0.1,4.21,0.56));
#3919=VECTOR('',#5044,1.0);
#3920=CARTESIAN_POINT('',(-1.1,4.21,0.32));
#3921=VECTOR('',#5045,1.0);
#3922=CARTESIAN_POINT('',(-0.1,4.21,0.32));
#3923=VECTOR('',#5046,1.0);
#3924=CARTESIAN_POINT('',(-5.1,-0.21,0.55));
#3925=CARTESIAN_POINT('',(-5.1,0.649999999999999,0.55));
#3926=CARTESIAN_POINT('',(-5.1,0.649999999999999,0.55));
#3927=VECTOR('',#5047,1.0);
#3928=CARTESIAN_POINT('',(-4.55,-0.21,0.55));
#3929=CARTESIAN_POINT('',(-5.1,-0.21,0.55));
#3930=VECTOR('',#5048,1.0);
#3931=CARTESIAN_POINT('',(-4.55,0.65,0.55));
#3932=CARTESIAN_POINT('',(-4.55,-0.21,0.55));
#3933=VECTOR('',#5049,1.0);
#3934=CARTESIAN_POINT('',(-4.55,0.65,0.55));
#3935=VECTOR('',#5050,1.0);
#3936=CARTESIAN_POINT('',(-4.815,0.22,0.55));
#3937=CARTESIAN_POINT('',(-4.615,0.22,0.55));
#3938=CARTESIAN_POINT('',(0.0,0.22,0.55));
#3939=VECTOR('',#5051,1.0);
#3940=CARTESIAN_POINT('',(-4.815,0.640000000000001,0.55));
#3941=CARTESIAN_POINT('',(-4.815,0.0,0.55));
#3942=VECTOR('',#5052,1.0);
#3943=CARTESIAN_POINT('',(-4.615,0.640000000000001,0.55));
#3944=CARTESIAN_POINT('',(0.0,0.640000000000001,0.55));
#3945=VECTOR('',#5053,1.0);
#3946=CARTESIAN_POINT('',(-4.615,0.0,0.55));
#3947=VECTOR('',#5054,1.0);
#3948=CARTESIAN_POINT('',(-5.1,-0.209999999999999,-0.1));
#3949=CARTESIAN_POINT('',(-5.1,0.720000000000001,-0.1));
#3950=CARTESIAN_POINT('',(-5.1,-0.209999999999999,-0.1));
#3951=VECTOR('',#5055,1.0);
#3952=CARTESIAN_POINT('',(-4.43,0.719999999999999,-0.1));
#3953=CARTESIAN_POINT('',(-5.1,0.720000000000001,-0.1));
#3954=VECTOR('',#5056,1.0);
#3955=CARTESIAN_POINT('',(-4.43,-0.209999999999999,-0.1));
#3956=CARTESIAN_POINT('',(-4.43,0.719999999999999,-0.1));
#3957=VECTOR('',#5057,1.0);
#3958=CARTESIAN_POINT('',(-4.43,-0.209999999999999,-0.1));
#3959=VECTOR('',#5058,1.0);
#3960=CARTESIAN_POINT('',(-4.815,0.639999999999998,-0.1));
#3961=CARTESIAN_POINT('',(-4.615,0.640000000000002,-0.1));
#3962=CARTESIAN_POINT('',(0.0,0.639999999999998,-0.1));
#3963=VECTOR('',#5059,1.0);
#3964=CARTESIAN_POINT('',(-4.815,0.200000000000003,-0.1));
#3965=CARTESIAN_POINT('',(-4.815,0.0,-0.1));
#3966=VECTOR('',#5060,1.0);
#3967=CARTESIAN_POINT('',(-4.615,0.200000000000003,-0.1));
#3968=CARTESIAN_POINT('',(0.0,0.200000000000003,-0.1));
#3969=VECTOR('',#5061,1.0);
#3970=CARTESIAN_POINT('',(-4.615,0.0,-0.1));
#3971=VECTOR('',#5062,1.0);
#3972=CARTESIAN_POINT('',(0.1,4.21,0.32));
#3973=CARTESIAN_POINT('',(1.5,4.21,0.32));
#3974=CARTESIAN_POINT('',(1.5,4.21,0.32));
#3975=VECTOR('',#5063,1.0);
#3976=CARTESIAN_POINT('',(0.1,4.21,0.56));
#3977=VECTOR('',#5064,1.0);
#3978=CARTESIAN_POINT('',(1.5,4.21,0.56));
#3979=VECTOR('',#5065,1.0);
#3980=CARTESIAN_POINT('',(0.1,4.21,0.32));
#3981=VECTOR('',#5066,1.0);
#3982=CARTESIAN_POINT('',(1.5,4.21,0.32));
#3983=VECTOR('',#5067,1.0);
#3984=CARTESIAN_POINT('',(0.700000000000001,-0.21,0.0));
#3985=CARTESIAN_POINT('',(0.700000000000001,-0.21,0.87));
#3986=CARTESIAN_POINT('',(0.700000000000001,-0.21,0.0));
#3987=VECTOR('',#5068,1.0);
#3988=CARTESIAN_POINT('',(0.700000000000001,0.870000000000001,0.87));
#3989=CARTESIAN_POINT('',(0.700000000000001,-0.21,0.87));
#3990=VECTOR('',#5069,1.0);
#3991=CARTESIAN_POINT('',(0.700000000000001,0.870000000000001,0.0));
#3992=CARTESIAN_POINT('',(0.700000000000001,0.870000000000001,0.0));
#3993=VECTOR('',#5070,1.0);
#3994=CARTESIAN_POINT('',(0.700000000000001,-0.21,0.0));
#3995=VECTOR('',#5071,1.0);
#3996=CARTESIAN_POINT('',(0.800000000000001,0.870000000000001,0.97));
#3997=CARTESIAN_POINT('',(0.880000000000001,0.870000000000001,1.05));
#3998=VECTOR('',#5072,1.0);
#3999=CARTESIAN_POINT('',(1.13206024333193,0.870000000000001,0.97));
#4000=CARTESIAN_POINT('',(0.700000000000001,0.870000000000001,0.97));
#4001=VECTOR('',#5073,1.0);
#4002=CARTESIAN_POINT('',(1.09,0.870000000000001,0.9));
#4003=CARTESIAN_POINT('',(1.27,0.870000000000001,1.19957030682309));
#4004=VECTOR('',#5074,1.0);
#4005=CARTESIAN_POINT('',(1.09,0.870000000000001,0.76));
#4006=CARTESIAN_POINT('',(1.09,0.870000000000001,0.9));
#4007=VECTOR('',#5075,1.0);
#4008=CARTESIAN_POINT('',(1.27,0.870000000000001,0.656076951545867));
#4009=CARTESIAN_POINT('',(1.09,0.870000000000001,0.76));
#4010=VECTOR('',#5076,1.0);
#4011=CARTESIAN_POINT('',(1.27,0.870000000000001,0.0));
#4012=CARTESIAN_POINT('',(1.27,0.870000000000001,0.0));
#4013=VECTOR('',#5077,1.0);
#4014=CARTESIAN_POINT('',(0.700000000000001,0.870000000000001,0.0));
#4015=VECTOR('',#5078,1.0);
#4016=CARTESIAN_POINT('',(0.880000000000001,-0.209999999999999,1.05));
#4017=CARTESIAN_POINT('',(0.950000000000001,-0.209999999999999,1.05));
#4018=CARTESIAN_POINT('',(0.700000000000001,-0.209999999999999,1.05));
#4019=VECTOR('',#5079,1.0);
#4020=CARTESIAN_POINT('',(0.880000000000001,-0.21,1.05));
#4021=VECTOR('',#5080,1.0);
#4022=CARTESIAN_POINT('',(0.150000000000001,-0.209999999999999,0.0));
#4023=CARTESIAN_POINT('',(-4.3,-0.21,0.0));
#4024=VECTOR('',#5081,1.0);
#4025=CARTESIAN_POINT('',(0.150000000000002,-0.21,-0.2));
#4026=CARTESIAN_POINT('',(0.150000000000002,-0.21,1.2));
#4027=VECTOR('',#5082,1.0);
#4028=CARTESIAN_POINT('',(0.83,-0.21,-0.2));
#4029=CARTESIAN_POINT('',(0.150000000000002,-0.21,-0.2));
#4030=VECTOR('',#5083,1.0);
#4031=CARTESIAN_POINT('',(0.83,-0.21,-0.1));
#4032=CARTESIAN_POINT('',(0.83,-0.21,-0.1));
#4033=VECTOR('',#5084,1.0);
#4034=CARTESIAN_POINT('',(1.5,-0.209999999999998,-0.1));
#4035=CARTESIAN_POINT('',(1.5,-0.209999999999998,-0.1));
#4036=VECTOR('',#5085,1.0);
#4037=CARTESIAN_POINT('',(1.5,-0.209999999999998,0.55));
#4038=CARTESIAN_POINT('',(1.5,-0.21,1.2));
#4039=VECTOR('',#5086,1.0);
#4040=CARTESIAN_POINT('',(0.950000000000001,-0.209999999999999,0.55));
#4041=CARTESIAN_POINT('',(0.950000000000001,-0.209999999999999,0.55));
#4042=VECTOR('',#5087,1.0);
#4043=CARTESIAN_POINT('',(0.950000000000001,-0.209999999999999,0.55));
#4044=VECTOR('',#5088,1.0);
#4045=CARTESIAN_POINT('',(-3.8,4.17,1.2));
#4046=CARTESIAN_POINT('',(-3.6,3.77,1.2));
#4047=CARTESIAN_POINT('',(-3.8,4.17,1.2));
#4048=VECTOR('',#5089,1.0);
#4049=CARTESIAN_POINT('',(-3.4,4.17,1.2));
#4050=CARTESIAN_POINT('',(-3.4,4.17,1.2));
#4051=VECTOR('',#5090,1.0);
#4052=CARTESIAN_POINT('',(-3.6,3.77,1.2));
#4053=VECTOR('',#5091,1.0);
#4054=CARTESIAN_POINT('',(-4.49,2.44,1.2));
#4055=CARTESIAN_POINT('',(-4.87,2.44,1.2));
#4056=CARTESIAN_POINT('',(-4.29,2.44,1.2));
#4057=VECTOR('',#5092,1.0);
#4058=CARTESIAN_POINT('',(-4.49,2.64,1.2));
#4059=CARTESIAN_POINT('',(-4.49,2.84,1.2));
#4060=VECTOR('',#5093,1.0);
#4061=CARTESIAN_POINT('',(-4.8,2.64,1.2));
#4062=CARTESIAN_POINT('',(-4.6,2.64,1.2));
#4063=VECTOR('',#5094,1.0);
#4064=CARTESIAN_POINT('',(-4.8,3.67,1.2));
#4065=CARTESIAN_POINT('',(-4.8,3.47,1.2));
#4066=VECTOR('',#5095,1.0);
#4067=CARTESIAN_POINT('',(1.2,3.67,1.2));
#4068=CARTESIAN_POINT('',(1.0,3.67,1.2));
#4069=VECTOR('',#5096,1.0);
#4070=CARTESIAN_POINT('',(1.2,2.64,1.2));
#4071=CARTESIAN_POINT('',(1.2,2.84,1.2));
#4072=VECTOR('',#5097,1.0);
#4073=CARTESIAN_POINT('',(0.890000000000001,2.64,1.2));
#4074=CARTESIAN_POINT('',(0.690000000000001,2.64,1.2));
#4075=VECTOR('',#5098,1.0);
#4076=CARTESIAN_POINT('',(0.890000000000001,2.44,1.2));
#4077=CARTESIAN_POINT('',(0.890000000000001,2.44,1.2));
#4078=VECTOR('',#5099,1.0);
#4079=CARTESIAN_POINT('',(1.27,2.44,1.2));
#4080=CARTESIAN_POINT('',(1.27,2.44,1.2));
#4081=VECTOR('',#5100,1.0);
#4082=CARTESIAN_POINT('',(1.27,2.44,1.19957030682309));
#4083=CARTESIAN_POINT('',(1.27,2.44,0.0));
#4084=VECTOR('',#5101,1.0);
#4085=CARTESIAN_POINT('',(1.27,0.870000000000001,1.19957030682309));
#4086=CARTESIAN_POINT('',(1.27,-13.103,1.19957030682309));
#4087=VECTOR('',#5102,1.0);
#4088=CARTESIAN_POINT('',(1.27,0.870000000000001,1.2));
#4089=CARTESIAN_POINT('',(1.27,0.870000000000001,0.0));
#4090=VECTOR('',#5103,1.0);
#4091=CARTESIAN_POINT('',(1.27025818570827,0.870000000000001,1.2));
#4092=CARTESIAN_POINT('',(1.27025818570827,0.870000000000001,1.2));
#4093=VECTOR('',#5104,1.0);
#4094=CARTESIAN_POINT('',(1.27025818570827,0.650000000000001,1.2));
#4095=CARTESIAN_POINT('',(1.27025818570827,10.482,1.2));
#4096=VECTOR('',#5105,1.0);
#4097=CARTESIAN_POINT('',(1.5,0.650000000000002,1.2));
#4098=CARTESIAN_POINT('',(1.5,0.650000000000002,1.2));
#4099=VECTOR('',#5106,1.0);
#4100=CARTESIAN_POINT('',(1.5,4.29,1.2));
#4101=CARTESIAN_POINT('',(1.5,-0.21,1.2));
#4102=VECTOR('',#5107,1.0);
#4103=CARTESIAN_POINT('',(-5.1,4.29,1.2));
#4104=CARTESIAN_POINT('',(1.5,4.29,1.2));
#4105=VECTOR('',#5108,1.0);
#4106=CARTESIAN_POINT('',(-5.1,0.649999999999999,1.2));
#4107=CARTESIAN_POINT('',(-5.1,4.29,1.2));
#4108=VECTOR('',#5109,1.0);
#4109=CARTESIAN_POINT('',(-4.87025818570827,0.65,1.2));
#4110=CARTESIAN_POINT('',(-4.55,0.65,1.2));
#4111=VECTOR('',#5110,1.0);
#4112=CARTESIAN_POINT('',(-4.87025818570827,0.870000000000001,1.2));
#4113=CARTESIAN_POINT('',(-4.87025818570827,10.482,1.2));
#4114=VECTOR('',#5111,1.0);
#4115=CARTESIAN_POINT('',(-4.87,0.870000000000001,1.2));
#4116=CARTESIAN_POINT('',(-4.87025818570827,0.870000000000001,1.2));
#4117=VECTOR('',#5112,1.0);
#4118=CARTESIAN_POINT('',(-4.87,2.44,1.2));
#4119=VECTOR('',#5113,1.0);
#4120=CARTESIAN_POINT('',(-4.55,0.65,1.05));
#4121=CARTESIAN_POINT('',(-4.55,-0.21,1.05));
#4122=CARTESIAN_POINT('',(-4.55,-0.21,1.05));
#4123=VECTOR('',#5114,1.0);
#4124=CARTESIAN_POINT('',(-4.55,0.65,0.55));
#4125=VECTOR('',#5115,1.0);
#4126=CARTESIAN_POINT('',(-4.55,-0.21,0.55));
#4127=VECTOR('',#5116,1.0);
#4128=CARTESIAN_POINT('',(-4.78012909285414,0.65,1.05));
#4129=CARTESIAN_POINT('',(-4.4983471806447,0.65,0.581036145012343));
#4130=VECTOR('',#5117,1.0);
#4131=CARTESIAN_POINT('',(-5.1,0.649999999999999,0.55));
#4132=VECTOR('',#5118,1.0);
#4133=CARTESIAN_POINT('',(-4.55,0.65,1.05));
#4134=VECTOR('',#5119,1.0);
#4135=CARTESIAN_POINT('',(-5.1,0.720000000000001,-0.2));
#4136=CARTESIAN_POINT('',(-4.43,0.719999999999999,-0.2));
#4137=CARTESIAN_POINT('',(-5.1,0.720000000000001,-0.2));
#4138=VECTOR('',#5120,1.0);
#4139=CARTESIAN_POINT('',(-5.1,3.52857864376269,-0.2));
#4140=CARTESIAN_POINT('',(-5.1,4.29,-0.2));
#4141=VECTOR('',#5121,1.0);
#4142=CARTESIAN_POINT('',(1.5,3.52857864376269,-0.2));
#4143=CARTESIAN_POINT('',(0.0,3.52857864376269,-0.2));
#4144=VECTOR('',#5122,1.0);
#4145=CARTESIAN_POINT('',(1.5,0.720000000000001,-0.2));
#4146=CARTESIAN_POINT('',(1.5,-0.21,-0.2));
#4147=VECTOR('',#5123,1.0);
#4148=CARTESIAN_POINT('',(0.83,0.719999999999999,-0.2));
#4149=CARTESIAN_POINT('',(0.83,0.719999999999999,-0.2));
#4150=VECTOR('',#5124,1.0);
#4151=CARTESIAN_POINT('',(0.83,-0.21,-0.2));
#4152=VECTOR('',#5125,1.0);
#4153=CARTESIAN_POINT('',(-0.389999999999999,0.470000000000001,-0.2));
#4154=CARTESIAN_POINT('',(-0.389999999999999,0.470000000000001,-0.2));
#4155=VECTOR('',#5126,1.0);
#4156=CARTESIAN_POINT('',(-3.21,0.47,-0.2));
#4157=CARTESIAN_POINT('',(-3.21,0.47,-0.2));
#4158=VECTOR('',#5127,1.0);
#4159=CARTESIAN_POINT('',(-3.75,-0.21,-0.2));
#4160=CARTESIAN_POINT('',(-3.75,-0.21,-0.2));
#4161=VECTOR('',#5128,1.0);
#4162=CARTESIAN_POINT('',(-4.43,-0.209999999999999,-0.2));
#4163=CARTESIAN_POINT('',(-5.1,-0.21,-0.2));
#4164=VECTOR('',#5129,1.0);
#4165=CARTESIAN_POINT('',(-4.43,0.719999999999999,-0.2));
#4166=VECTOR('',#5130,1.0);
#4167=CARTESIAN_POINT('',(1.5,0.720000000000001,-0.1));
#4168=CARTESIAN_POINT('',(1.5,0.720000000000001,-0.1));
#4169=VECTOR('',#5131,1.0);
#4170=CARTESIAN_POINT('',(1.5,3.77,-0.1));
#4171=CARTESIAN_POINT('',(1.5,0.832476913210033,-1.31676190233249));
#4172=VECTOR('',#5132,1.0);
#4173=CARTESIAN_POINT('',(1.5,3.91,-0.1));
#4174=VECTOR('',#5133,1.0);
#4175=CARTESIAN_POINT('',(1.5,4.29,1.2));
#4176=VECTOR('',#5134,1.0);
#4177=CARTESIAN_POINT('',(1.5,0.650000000000002,0.55));
#4178=CARTESIAN_POINT('',(1.5,0.650000000000002,0.55));
#4179=VECTOR('',#5135,1.0);
#4180=CARTESIAN_POINT('',(1.5,-0.209999999999998,0.55));
#4181=VECTOR('',#5136,1.0);
#4182=CARTESIAN_POINT('',(1.5,0.720000000000001,-0.1));
#4183=VECTOR('',#5137,1.0);
#4184=CARTESIAN_POINT('',(-5.1,-0.21,1.2));
#4185=VECTOR('',#5138,1.0);
#4186=CARTESIAN_POINT('',(-5.1,4.29,1.2));
#4187=VECTOR('',#5139,1.0);
#4188=CARTESIAN_POINT('',(-5.1,4.21,0.32));
#4189=CARTESIAN_POINT('',(-5.1,4.21,0.56));
#4190=VECTOR('',#5140,1.0);
#4191=CARTESIAN_POINT('',(-5.1,4.21,0.32));
#4192=VECTOR('',#5141,1.0);
#4193=CARTESIAN_POINT('',(-5.1,3.77,-0.1));
#4194=CARTESIAN_POINT('',(-5.1,3.91,-0.1));
#4195=VECTOR('',#5142,1.0);
#4196=CARTESIAN_POINT('',(-5.1,4.67346717087976,0.274228355337248));
#4197=VECTOR('',#5143,1.0);
#4198=CARTESIAN_POINT('',(-5.1,0.720000000000001,-0.1));
#4199=VECTOR('',#5144,1.0);
#4200=CARTESIAN_POINT('',(0.690000000000001,2.44,1.0));
#4201=CARTESIAN_POINT('',(0.690000000000001,2.44,1.0));
#4202=VECTOR('',#5145,1.0);
#4203=CARTESIAN_POINT('',(0.690000000000001,2.44,0.0));
#4204=CARTESIAN_POINT('',(0.690000000000001,2.44,0.0));
#4205=VECTOR('',#5146,1.0);
#4206=CARTESIAN_POINT('',(1.27,2.44,0.0));
#4207=CARTESIAN_POINT('',(1.27,2.44,0.0));
#4208=VECTOR('',#5147,1.0);
#4209=CARTESIAN_POINT('',(1.27,2.44,0.656076951545868));
#4210=CARTESIAN_POINT('',(1.27,2.44,0.0));
#4211=VECTOR('',#5148,1.0);
#4212=CARTESIAN_POINT('',(1.09,2.44,0.76));
#4213=CARTESIAN_POINT('',(1.09,2.44,0.76));
#4214=VECTOR('',#5149,1.0);
#4215=CARTESIAN_POINT('',(1.09,2.44,0.9));
#4216=CARTESIAN_POINT('',(1.09,2.44,0.9));
#4217=VECTOR('',#5150,1.0);
#4218=CARTESIAN_POINT('',(1.27,2.44,1.19957030682309));
#4219=VECTOR('',#5151,1.0);
#4220=CARTESIAN_POINT('',(-4.87,0.870000000000001,0.656076951545867));
#4221=CARTESIAN_POINT('',(-4.87,2.44,0.656076951545867));
#4222=CARTESIAN_POINT('',(-4.87,-13.103,0.656076951545867));
#4223=VECTOR('',#5152,1.0);
#4224=CARTESIAN_POINT('',(-4.87,0.87,0.0));
#4225=CARTESIAN_POINT('',(-4.87,0.87,0.0));
#4226=VECTOR('',#5153,1.0);
#4227=CARTESIAN_POINT('',(-4.87,2.44,0.0));
#4228=CARTESIAN_POINT('',(-4.87,2.44,0.0));
#4229=VECTOR('',#5154,1.0);
#4230=CARTESIAN_POINT('',(-4.87,2.44,0.0));
#4231=VECTOR('',#5155,1.0);
#4232=CARTESIAN_POINT('',(-4.29,2.44,1.0));
#4233=CARTESIAN_POINT('',(-4.29,2.44,0.0));
#4234=CARTESIAN_POINT('',(-4.29,2.44,0.0));
#4235=VECTOR('',#5156,1.0);
#4236=CARTESIAN_POINT('',(-4.29,2.44,1.0));
#4237=VECTOR('',#5157,1.0);
#4238=CARTESIAN_POINT('',(-4.87,2.44,1.19957030682309));
#4239=CARTESIAN_POINT('',(-4.87,2.44,0.0));
#4240=VECTOR('',#5158,1.0);
#4241=CARTESIAN_POINT('',(-4.69,2.44,0.9));
#4242=CARTESIAN_POINT('',(-4.69,2.44,0.9));
#4243=VECTOR('',#5159,1.0);
#4244=CARTESIAN_POINT('',(-4.69,2.44,0.76));
#4245=CARTESIAN_POINT('',(-4.69,2.44,0.76));
#4246=VECTOR('',#5160,1.0);
#4247=CARTESIAN_POINT('',(-4.87,2.44,0.656076951545867));
#4248=VECTOR('',#5161,1.0);
#4249=CARTESIAN_POINT('',(-4.29,2.44,0.0));
#4250=VECTOR('',#5162,1.0);
#4251=CARTESIAN_POINT('',(-3.75,-0.21,0.0));
#4252=CARTESIAN_POINT('',(-3.21,0.47,0.0));
#4253=CARTESIAN_POINT('',(-3.75,-0.21,0.0));
#4254=VECTOR('',#5163,1.0);
#4255=CARTESIAN_POINT('',(-3.75,-0.21,1.2));
#4256=VECTOR('',#5164,1.0);
#4257=CARTESIAN_POINT('',(-3.21,0.47,1.2));
#4258=VECTOR('',#5165,1.0);
#4259=CARTESIAN_POINT('',(-0.389999999999999,0.470000000000001,0.0));
#4260=CARTESIAN_POINT('',(-3.21,0.47,0.0));
#4261=VECTOR('',#5166,1.0);
#4262=CARTESIAN_POINT('',(-0.389999999999999,0.470000000000001,1.2));
#4263=VECTOR('',#5167,1.0);
#4264=CARTESIAN_POINT('',(-0.389999999999999,0.470000000000001,0.0));
#4265=VECTOR('',#5168,1.0);
#4266=CARTESIAN_POINT('',(-4.3,-0.209999999999999,0.0));
#4267=CARTESIAN_POINT('',(-4.3,-0.209999999999999,0.87));
#4268=CARTESIAN_POINT('',(-4.3,-0.209999999999999,0.0));
#4269=VECTOR('',#5169,1.0);
#4270=CARTESIAN_POINT('',(-4.48,-0.21,1.05));
#4271=CARTESIAN_POINT('',(-4.3,-0.21,0.87));
#4272=VECTOR('',#5170,1.0);
#4273=CARTESIAN_POINT('',(-4.3,-0.21,1.05));
#4274=VECTOR('',#5171,1.0);
#4275=CARTESIAN_POINT('',(-4.43,-0.209999999999999,-0.1));
#4276=VECTOR('',#5172,1.0);
#4277=CARTESIAN_POINT('',(-4.3,-0.21,0.0));
#4278=VECTOR('',#5173,1.0);
#4279=CARTESIAN_POINT('',(-3.5,2.42,3.46944695195361E-17));
#4280=CARTESIAN_POINT('',(-3.5,-6.92499999999999,3.46944695195361E-17));
#4281=VECTOR('',#5174,1.0);
#4282=CARTESIAN_POINT('',(-3.7,2.42,0.0));
#4283=CARTESIAN_POINT('',(-3.7,2.42,-4.16333634234434E-17));
#4284=VECTOR('',#5175,1.0);
#4285=CARTESIAN_POINT('',(-3.7,-6.92499999999999,-4.06575814682064E-17));
#4286=VECTOR('',#5176,1.0);
#4287=CARTESIAN_POINT('',(-4.6,2.92391217433221,0.0));
#4288=CARTESIAN_POINT('',(-4.6,3.47,0.0));
#4289=VECTOR('',#5177,1.0);
#4290=CARTESIAN_POINT('',(-4.29,2.92391217433221,0.0));
#4291=CARTESIAN_POINT('',(-4.6,2.92391217433221,0.0));
#4292=VECTOR('',#5178,1.0);
#4293=CARTESIAN_POINT('',(-4.29,2.84,0.0));
#4294=VECTOR('',#5179,1.0);
#4295=CARTESIAN_POINT('',(-4.3,0.870000000000001,0.0));
#4296=CARTESIAN_POINT('',(-4.87,0.87,0.0));
#4297=VECTOR('',#5180,1.0);
#4298=CARTESIAN_POINT('',(-4.3,0.870000000000001,0.0));
#4299=VECTOR('',#5181,1.0);
#4300=CARTESIAN_POINT('',(1.27,0.870000000000001,0.0));
#4301=VECTOR('',#5182,1.0);
#4302=CARTESIAN_POINT('',(0.690000000000001,2.92391217433221,0.0));
#4303=CARTESIAN_POINT('',(0.690000000000001,2.44,0.0));
#4304=VECTOR('',#5183,1.0);
#4305=CARTESIAN_POINT('',(1.0,2.92391217433221,0.0));
#4306=CARTESIAN_POINT('',(0.690000000000001,2.92391217433221,0.0));
#4307=VECTOR('',#5184,1.0);
#4308=CARTESIAN_POINT('',(1.0,2.84,0.0));
#4309=VECTOR('',#5185,1.0);
#4310=CARTESIAN_POINT('',(0.1,2.42,3.46944695195361E-17));
#4311=CARTESIAN_POINT('',(0.1,-6.92499999999999,3.46944695195361E-17));
#4312=VECTOR('',#5186,1.0);
#4313=CARTESIAN_POINT('',(-0.1,2.42,0.0));
#4314=CARTESIAN_POINT('',(-0.1,2.42,-4.16333634234434E-17));
#4315=VECTOR('',#5187,1.0);
#4316=CARTESIAN_POINT('',(-0.1,-6.92499999999999,-4.06575814682064E-17));
#4317=VECTOR('',#5188,1.0);
#4318=CARTESIAN_POINT('',(-1.1,2.42,3.46944695195361E-17));
#4319=CARTESIAN_POINT('',(-1.1,-6.92499999999999,3.46944695195361E-17));
#4320=VECTOR('',#5189,1.0);
#4321=CARTESIAN_POINT('',(-1.3,2.42,0.0));
#4322=CARTESIAN_POINT('',(-1.3,2.42,-4.16333634234434E-17));
#4323=VECTOR('',#5190,1.0);
#4324=CARTESIAN_POINT('',(-1.3,-6.92499999999999,-4.06575814682064E-17));
#4325=VECTOR('',#5191,1.0);
#4326=CARTESIAN_POINT('',(-2.3,2.42,3.46944695195361E-17));
#4327=CARTESIAN_POINT('',(-2.3,-6.92499999999999,3.46944695195361E-17));
#4328=VECTOR('',#5192,1.0);
#4329=CARTESIAN_POINT('',(-2.5,2.42,0.0));
#4330=CARTESIAN_POINT('',(-2.5,2.42,-4.16333634234434E-17));
#4331=VECTOR('',#5193,1.0);
#4332=CARTESIAN_POINT('',(-2.5,-6.92499999999999,-4.06575814682064E-17));
#4333=VECTOR('',#5194,1.0);
#4334=CARTESIAN_POINT('',(-4.87,0.870000000000001,1.19957030682309));
#4335=CARTESIAN_POINT('',(-4.87,0.87,0.0));
#4336=VECTOR('',#5195,1.0);
#4337=CARTESIAN_POINT('',(-4.87,-13.103,1.19957030682309));
#4338=VECTOR('',#5196,1.0);
#4339=CARTESIAN_POINT('',(-4.73206024333193,0.870000000000001,0.97));
#4340=CARTESIAN_POINT('',(-4.4,0.870000000000001,0.97));
#4341=CARTESIAN_POINT('',(-4.3,0.870000000000001,0.97));
#4342=VECTOR('',#5197,1.0);
#4343=CARTESIAN_POINT('',(-4.3,0.870000000000001,0.87));
#4344=CARTESIAN_POINT('',(-4.3,0.870000000000001,0.87));
#4345=VECTOR('',#5198,1.0);
#4346=CARTESIAN_POINT('',(-4.3,0.870000000000001,0.0));
#4347=VECTOR('',#5199,1.0);
#4348=CARTESIAN_POINT('',(-4.69,0.87,0.76));
#4349=CARTESIAN_POINT('',(-4.87,0.870000000000001,0.656076951545867));
#4350=VECTOR('',#5200,1.0);
#4351=CARTESIAN_POINT('',(-4.69,0.87,0.9));
#4352=CARTESIAN_POINT('',(-4.69,0.870000000000001,0.76));
#4353=VECTOR('',#5201,1.0);
#4354=CARTESIAN_POINT('',(-4.69,0.870000000000001,0.9));
#4355=VECTOR('',#5202,1.0);
#4356=CARTESIAN_POINT('',(-4.3,-0.209999999999999,0.87));
#4357=VECTOR('',#5203,1.0);
#4358=CARTESIAN_POINT('',(1.27,-13.103,0.656076951545867));
#4359=VECTOR('',#5204,1.0);
#4360=CARTESIAN_POINT('',(0.690000000000001,2.8539853623887,1.0));
#4361=CARTESIAN_POINT('',(0.690000000000001,2.84,1.0));
#4362=VECTOR('',#5205,1.0);
#4363=CARTESIAN_POINT('',(0.690000000000001,2.92155747432435,0.0336737789470709));
#4364=VECTOR('',#5206,1.0);
#4365=CARTESIAN_POINT('',(0.690487189948036,2.85395129474883,1.00048718994804));
#4366=CARTESIAN_POINT('',(0.704439036586804,2.85297568659265,1.0144390365868));
#4367=VECTOR('',#5207,1.0);
#4368=CARTESIAN_POINT('',(1.00048718994804,2.85395129474883,1.00048718994804));
#4369=CARTESIAN_POINT('',(1.0,2.85395129474883,1.00048718994804));
#4370=VECTOR('',#5208,1.0);
#4371=CARTESIAN_POINT('',(1.0,2.8539853623887,1.0));
#4372=CARTESIAN_POINT('',(0.945621923747516,2.85778784790066,0.945621923747514));
#4373=VECTOR('',#5209,1.0);
#4374=CARTESIAN_POINT('',(1.0,2.92350386057604,0.00583915875505781));
#4375=VECTOR('',#5210,1.0);
#4376=CARTESIAN_POINT('',(1.0,3.47,1.0));
#4377=VECTOR('',#5211,1.0);
#4378=CARTESIAN_POINT('',(-4.6,2.8539853623887,1.0));
#4379=CARTESIAN_POINT('',(-4.6,2.84,1.0));
#4380=VECTOR('',#5212,1.0);
#4381=CARTESIAN_POINT('',(-4.6,2.84,1.2));
#4382=VECTOR('',#5213,1.0);
#4383=CARTESIAN_POINT('',(-4.60048718994804,2.85395129474883,1.00048718994803));
#4384=CARTESIAN_POINT('',(-4.29048718994804,2.85395129474883,1.00048718994803));
#4385=CARTESIAN_POINT('',(-4.29,2.85395129474883,1.00048718994803));
#4386=VECTOR('',#5214,1.0);
#4387=CARTESIAN_POINT('',(-4.29,2.8539853623887,1.0));
#4388=CARTESIAN_POINT('',(-4.29048778333139,2.85395125325542,1.00048778333138));
#4389=VECTOR('',#5215,1.0);
#4390=CARTESIAN_POINT('',(-4.29,2.84,1.2));
#4391=VECTOR('',#5216,1.0);
#4392=CARTESIAN_POINT('',(-4.70024389166569,2.84697562662771,1.10024389166569));
#4393=VECTOR('',#5217,1.0);
#4394=CARTESIAN_POINT('',(-4.29,2.44,1.0));
#4395=VECTOR('',#5218,1.0);
#4396=CARTESIAN_POINT('',(0.950000000000001,0.650000000000002,0.55));
#4397=CARTESIAN_POINT('',(0.950000000000001,0.650000000000002,1.05));
#4398=CARTESIAN_POINT('',(0.950000000000001,0.650000000000002,0.55));
#4399=VECTOR('',#5219,1.0);
#4400=CARTESIAN_POINT('',(0.950000000000001,0.650000000000002,1.05));
#4401=VECTOR('',#5220,1.0);
#4402=CARTESIAN_POINT('',(0.950000000000001,0.650000000000002,0.55));
#4403=VECTOR('',#5221,1.0);
#4404=CARTESIAN_POINT('',(1.18012909285414,0.650000000000002,1.05));
#4405=CARTESIAN_POINT('',(1.04424250087858,0.650000000000002,0.82384673304855));
#4406=VECTOR('',#5222,1.0);
#4407=CARTESIAN_POINT('',(1.5,0.650000000000002,1.05));
#4408=VECTOR('',#5223,1.0);
#4409=CARTESIAN_POINT('',(1.5,0.650000000000002,0.55));
#4410=VECTOR('',#5224,1.0);
#4411=CARTESIAN_POINT('',(1.215,0.22,0.55));
#4412=CARTESIAN_POINT('',(1.215,0.640000000000001,0.55));
#4413=CARTESIAN_POINT('',(1.215,0.0,0.55));
#4414=VECTOR('',#5225,1.0);
#4415=CARTESIAN_POINT('',(1.015,0.22,0.55));
#4416=CARTESIAN_POINT('',(0.0,0.22,0.55));
#4417=VECTOR('',#5226,1.0);
#4418=CARTESIAN_POINT('',(1.015,0.640000000000002,0.55));
#4419=CARTESIAN_POINT('',(1.015,0.0,0.55));
#4420=VECTOR('',#5227,1.0);
#4421=CARTESIAN_POINT('',(0.0,0.640000000000001,0.55));
#4422=VECTOR('',#5228,1.0);
#4423=CARTESIAN_POINT('',(-3.7,4.21,0.32));
#4424=CARTESIAN_POINT('',(-3.7,4.21,0.56));
#4425=VECTOR('',#5229,1.0);
#4426=CARTESIAN_POINT('',(1.5,4.21,0.32));
#4427=VECTOR('',#5230,1.0);
#4428=CARTESIAN_POINT('',(-3.7,4.21,0.32));
#4429=VECTOR('',#5231,1.0);
#4430=CARTESIAN_POINT('',(-5.1,3.77,-0.1));
#4431=VECTOR('',#5232,1.0);
#4432=CARTESIAN_POINT('',(-4.69,-13.103,0.76));
#4433=VECTOR('',#5233,1.0);
#4434=CARTESIAN_POINT('',(-4.69,-13.103,0.9));
#4435=VECTOR('',#5234,1.0);
#4436=CARTESIAN_POINT('',(-4.78012909285414,0.870000000000001,1.05));
#4437=VECTOR('',#5235,1.0);
#4438=CARTESIAN_POINT('',(-4.78012909285414,0.790000000000001,1.05));
#4439=CARTESIAN_POINT('',(-4.78012909285414,10.482,1.05));
#4440=VECTOR('',#5236,1.0);
#4441=CARTESIAN_POINT('',(-8.26381025384788,-5.00781907929295,6.84781907929296));
#4442=VECTOR('',#5237,1.0);
#4443=CARTESIAN_POINT('',(1.09,-13.103,0.9));
#4444=VECTOR('',#5238,1.0);
#4445=CARTESIAN_POINT('',(1.09,-13.103,0.76));
#4446=VECTOR('',#5239,1.0);
#4447=CARTESIAN_POINT('',(1.18012909285414,0.790000000000001,1.05));
#4448=CARTESIAN_POINT('',(4.7675724532161,-5.18050837874493,7.02050837874495));
#4449=VECTOR('',#5240,1.0);
#4450=CARTESIAN_POINT('',(1.18012909285414,10.482,1.05));
#4451=VECTOR('',#5241,1.0);
#4452=CARTESIAN_POINT('',(1.18012909285414,0.870000000000001,1.05));
#4453=VECTOR('',#5242,1.0);
#4454=CARTESIAN_POINT('',(-4.43,0.719999999999999,-0.1));
#4455=VECTOR('',#5243,1.0);
#4456=CARTESIAN_POINT('',(0.83,0.719999999999999,-0.1));
#4457=CARTESIAN_POINT('',(0.83,0.719999999999999,-0.1));
#4458=VECTOR('',#5244,1.0);
#4459=CARTESIAN_POINT('',(0.83,-0.21,-0.1));
#4460=VECTOR('',#5245,1.0);
#4461=CARTESIAN_POINT('',(0.83,0.719999999999999,-0.1));
#4462=VECTOR('',#5246,1.0);
#4463=CARTESIAN_POINT('',(1.215,0.639999999999998,-0.1));
#4464=CARTESIAN_POINT('',(1.215,0.200000000000003,-0.1));
#4465=CARTESIAN_POINT('',(1.215,0.0,-0.1));
#4466=VECTOR('',#5247,1.0);
#4467=CARTESIAN_POINT('',(1.015,0.639999999999998,-0.1));
#4468=CARTESIAN_POINT('',(0.0,0.639999999999998,-0.1));
#4469=VECTOR('',#5248,1.0);
#4470=CARTESIAN_POINT('',(1.015,0.200000000000003,-0.1));
#4471=CARTESIAN_POINT('',(1.015,0.0,-0.1));
#4472=VECTOR('',#5249,1.0);
#4473=CARTESIAN_POINT('',(0.0,0.200000000000003,-0.1));
#4474=VECTOR('',#5250,1.0);
#4475=CARTESIAN_POINT('',(0.880000000000001,0.790000000000001,1.05));
#4476=CARTESIAN_POINT('',(0.700000000000001,0.790000000000001,1.05));
#4477=VECTOR('',#5251,1.0);
#4478=CARTESIAN_POINT('',(0.880000000000001,10.482,1.05));
#4479=VECTOR('',#5252,1.0);
#4480=CARTESIAN_POINT('',(-4.48,0.790000000000001,1.05));
#4481=CARTESIAN_POINT('',(-4.48,0.870000000000001,1.05));
#4482=VECTOR('',#5253,1.0);
#4483=CARTESIAN_POINT('',(-4.78012909285414,0.790000000000001,1.05));
#4484=VECTOR('',#5254,1.0);
#4485=CARTESIAN_POINT('',(-0.1,3.94,0.220000000000001));
#4486=CARTESIAN_POINT('',(-0.1,3.94,-0.15));
#4487=CARTESIAN_POINT('',(-0.1,3.94,0.22));
#4488=VECTOR('',#5255,1.0);
#4489=CARTESIAN_POINT('',(0.1,3.94,-0.15));
#4490=CARTESIAN_POINT('',(0.1,3.94,-0.15));
#4491=VECTOR('',#5256,1.0);
#4492=CARTESIAN_POINT('',(0.1,3.94,0.220000000000001));
#4493=CARTESIAN_POINT('',(0.1,3.94,0.22));
#4494=VECTOR('',#5257,1.0);
#4495=CARTESIAN_POINT('',(0.1,3.94,0.220000000000001));
#4496=VECTOR('',#5258,1.0);
#4497=CARTESIAN_POINT('',(-0.1,4.04,-0.25));
#4498=AXIS2_PLACEMENT_3D('',#5259,#5260,#5261);
#4499=CARTESIAN_POINT('',(0.1,4.04,-0.25));
#4500=CARTESIAN_POINT('',(0.1,4.04,-0.25));
#4501=VECTOR('',#5262,1.0);
#4502=AXIS2_PLACEMENT_3D('',#5263,#5264,#5265);
#4503=CARTESIAN_POINT('',(-0.1,4.27,-0.25));
#4504=CARTESIAN_POINT('',(-0.1,4.04,-0.25));
#4505=VECTOR('',#5266,1.0);
#4506=CARTESIAN_POINT('',(0.1,4.27,-0.25));
#4507=CARTESIAN_POINT('',(0.1,4.27,-0.25));
#4508=VECTOR('',#5267,1.0);
#4509=CARTESIAN_POINT('',(0.1,4.04,-0.25));
#4510=VECTOR('',#5268,1.0);
#4511=CARTESIAN_POINT('',(-0.1,4.32,-0.2));
#4512=AXIS2_PLACEMENT_3D('',#5269,#5270,#5271);
#4513=CARTESIAN_POINT('',(0.1,4.32,-0.2));
#4514=CARTESIAN_POINT('',(0.1,4.32,-0.2));
#4515=VECTOR('',#5272,1.0);
#4516=AXIS2_PLACEMENT_3D('',#5273,#5274,#5275);
#4517=CARTESIAN_POINT('',(-0.1,4.32,-0.00999999999999959));
#4518=CARTESIAN_POINT('',(-0.1,4.32,-0.2));
#4519=VECTOR('',#5276,1.0);
#4520=CARTESIAN_POINT('',(0.1,4.32,-0.00999999999999959));
#4521=CARTESIAN_POINT('',(0.1,4.32,-0.00999999999999959));
#4522=VECTOR('',#5277,1.0);
#4523=CARTESIAN_POINT('',(0.1,4.32,-0.2));
#4524=VECTOR('',#5278,1.0);
#4525=CARTESIAN_POINT('',(-0.1,4.30059003597152,0.0295505966991807));
#4526=AXIS2_PLACEMENT_3D('',#5279,#5280,#5281);
#4527=CARTESIAN_POINT('',(0.1,4.30059003597152,0.0295505966991807));
#4528=CARTESIAN_POINT('',(0.1,4.30059003597152,0.0295505966991807));
#4529=VECTOR('',#5282,1.0);
#4530=AXIS2_PLACEMENT_3D('',#5283,#5284,#5285);
#4531=CARTESIAN_POINT('',(-0.1,4.19329195683418,0.112539283960983));
#4532=CARTESIAN_POINT('',(-0.1,4.30059003597152,0.0295505966991821));
#4533=VECTOR('',#5286,1.0);
#4534=CARTESIAN_POINT('',(0.1,4.19329195683418,0.112539283960983));
#4535=CARTESIAN_POINT('',(0.1,4.19329195683418,0.112539283960983));
#4536=VECTOR('',#5287,1.0);
#4537=CARTESIAN_POINT('',(0.1,4.30059003597152,0.0295505966991821));
#4538=VECTOR('',#5288,1.0);
#4539=CARTESIAN_POINT('',(-0.1,4.22,0.219160797830997));
#4540=AXIS2_PLACEMENT_3D('',#5289,#5290,#5291);
#4541=CARTESIAN_POINT('',(0.1,4.22,0.219160797830997));
#4542=CARTESIAN_POINT('',(0.1,4.22,0.219160797830997));
#4543=VECTOR('',#5292,1.0);
#4544=AXIS2_PLACEMENT_3D('',#5293,#5294,#5295);
#4545=AXIS2_PLACEMENT_3D('',#5296,#5297,#5298);
#4546=CARTESIAN_POINT('',(0.1,4.22,0.219160797830996));
#4547=VECTOR('',#5299,1.0);
#4548=CARTESIAN_POINT('',(-0.1,4.22,0.219160797830996));
#4549=VECTOR('',#5300,1.0);
#4550=AXIS2_PLACEMENT_3D('',#5301,#5302,#5303);
#4551=CARTESIAN_POINT('',(0.1,2.42,0.719999999999999));
#4552=CARTESIAN_POINT('',(0.1,4.22,0.72));
#4553=VECTOR('',#5304,1.0);
#4554=CARTESIAN_POINT('',(-0.1,2.42,0.719999999999999));
#4555=CARTESIAN_POINT('',(-0.1,4.22,0.72));
#4556=VECTOR('',#5305,1.0);
#4557=CARTESIAN_POINT('',(0.1,2.42,0.719999999999999));
#4558=VECTOR('',#5306,1.0);
#4559=CARTESIAN_POINT('',(0.1,2.42,0.719999999999999));
#4560=VECTOR('',#5307,1.0);
#4561=CARTESIAN_POINT('',(-0.1,2.42,0.719999999999999));
#4562=VECTOR('',#5308,1.0);
#4563=CARTESIAN_POINT('',(1.015,0.200000000000003,-0.2));
#4564=CARTESIAN_POINT('',(1.015,0.250000000000003,-0.25));
#4565=CARTESIAN_POINT('',(1.015,0.200000000000002,-0.2));
#4566=VECTOR('',#5309,1.0);
#4567=CARTESIAN_POINT('',(1.215,0.250000000000003,-0.25));
#4568=CARTESIAN_POINT('',(1.215,0.250000000000003,-0.25));
#4569=VECTOR('',#5310,1.0);
#4570=CARTESIAN_POINT('',(1.215,0.200000000000003,-0.2));
#4571=CARTESIAN_POINT('',(1.215,0.200000000000002,-0.2));
#4572=VECTOR('',#5311,1.0);
#4573=CARTESIAN_POINT('',(1.215,0.200000000000003,-0.2));
#4574=VECTOR('',#5312,1.0);
#4575=CARTESIAN_POINT('',(1.015,0.589999999999998,-0.25));
#4576=CARTESIAN_POINT('',(1.015,0.250000000000003,-0.25));
#4577=VECTOR('',#5313,1.0);
#4578=CARTESIAN_POINT('',(1.215,0.589999999999998,-0.25));
#4579=CARTESIAN_POINT('',(1.215,0.589999999999998,-0.25));
#4580=VECTOR('',#5314,1.0);
#4581=CARTESIAN_POINT('',(1.215,0.250000000000003,-0.25));
#4582=VECTOR('',#5315,1.0);
#4583=CARTESIAN_POINT('',(1.015,0.640000000000001,-0.170000000000002));
#4584=CARTESIAN_POINT('',(1.015,0.589999999999998,-0.25));
#4585=VECTOR('',#5316,1.0);
#4586=CARTESIAN_POINT('',(1.215,0.640000000000001,-0.170000000000002));
#4587=CARTESIAN_POINT('',(1.215,0.640000000000001,-0.170000000000002));
#4588=VECTOR('',#5317,1.0);
#4589=CARTESIAN_POINT('',(1.215,0.589999999999998,-0.25));
#4590=VECTOR('',#5318,1.0);
#4591=CARTESIAN_POINT('',(1.015,0.639999999999998,-0.17));
#4592=VECTOR('',#5319,1.0);
#4593=CARTESIAN_POINT('',(1.015,0.200000000000003,0.340000000000001));
#4594=VECTOR('',#5320,1.0);
#4595=CARTESIAN_POINT('',(1.215,0.639999999999998,-0.17));
#4596=VECTOR('',#5321,1.0);
#4597=CARTESIAN_POINT('',(1.215,0.200000000000003,0.340000000000001));
#4598=VECTOR('',#5322,1.0);
#4599=CARTESIAN_POINT('',(1.015,0.640000000000002,1.0));
#4600=CARTESIAN_POINT('',(1.015,0.639999999999998,-0.17));
#4601=VECTOR('',#5323,1.0);
#4602=CARTESIAN_POINT('',(1.215,0.640000000000002,1.0));
#4603=CARTESIAN_POINT('',(1.215,0.640000000000002,1.0));
#4604=VECTOR('',#5324,1.0);
#4605=CARTESIAN_POINT('',(1.215,0.639999999999998,-0.17));
#4606=VECTOR('',#5325,1.0);
#4607=CARTESIAN_POINT('',(1.215,0.22,0.600000000000001));
#4608=CARTESIAN_POINT('',(1.215,0.22,0.600000000000001));
#4609=VECTOR('',#5326,1.0);
#4610=CARTESIAN_POINT('',(1.215,-0.0299999999999977,1.0));
#4611=CARTESIAN_POINT('',(1.215,0.640000000000002,1.0));
#4612=VECTOR('',#5327,1.0);
#4613=CARTESIAN_POINT('',(1.215,-0.0299999999999985,0.600000000000001));
#4614=CARTESIAN_POINT('',(1.215,-0.0299999999999977,1.0));
#4615=VECTOR('',#5328,1.0);
#4616=CARTESIAN_POINT('',(1.215,-0.0299999999999984,0.600000000000001));
#4617=VECTOR('',#5329,1.0);
#4618=CARTESIAN_POINT('',(1.015,0.22,0.600000000000001));
#4619=CARTESIAN_POINT('',(1.015,0.22,0.600000000000001));
#4620=VECTOR('',#5330,1.0);
#4621=CARTESIAN_POINT('',(1.015,-0.0299999999999985,0.600000000000001));
#4622=CARTESIAN_POINT('',(1.015,-0.0299999999999984,0.600000000000001));
#4623=VECTOR('',#5331,1.0);
#4624=CARTESIAN_POINT('',(1.015,-0.0299999999999977,1.0));
#4625=CARTESIAN_POINT('',(1.015,-0.0299999999999977,1.0));
#4626=VECTOR('',#5332,1.0);
#4627=CARTESIAN_POINT('',(1.015,0.640000000000002,1.0));
#4628=VECTOR('',#5333,1.0);
#4629=CARTESIAN_POINT('',(1.215,-0.0299999999999985,0.600000000000001));
#4630=VECTOR('',#5334,1.0);
#4631=CARTESIAN_POINT('',(1.215,-0.0299999999999977,1.0));
#4632=VECTOR('',#5335,1.0);
#4633=CARTESIAN_POINT('',(1.215,0.22,0.600000000000001));
#4634=VECTOR('',#5336,1.0);
#4635=CARTESIAN_POINT('',(-4.615,0.589999999999998,-0.25));
#4636=CARTESIAN_POINT('',(-4.615,0.640000000000001,-0.170000000000002));
#4637=CARTESIAN_POINT('',(-4.615,0.589999999999998,-0.25));
#4638=VECTOR('',#5337,1.0);
#4639=CARTESIAN_POINT('',(-4.815,0.589999999999998,-0.25));
#4640=CARTESIAN_POINT('',(-4.815,0.589999999999998,-0.25));
#4641=VECTOR('',#5338,1.0);
#4642=CARTESIAN_POINT('',(-4.815,0.640000000000001,-0.170000000000002));
#4643=CARTESIAN_POINT('',(-4.815,0.589999999999998,-0.25));
#4644=VECTOR('',#5339,1.0);
#4645=CARTESIAN_POINT('',(-4.815,0.640000000000001,-0.170000000000002));
#4646=VECTOR('',#5340,1.0);
#4647=CARTESIAN_POINT('',(-4.615,0.250000000000003,-0.25));
#4648=CARTESIAN_POINT('',(-4.615,0.250000000000003,-0.25));
#4649=VECTOR('',#5341,1.0);
#4650=CARTESIAN_POINT('',(-4.815,0.250000000000003,-0.25));
#4651=CARTESIAN_POINT('',(-4.815,0.250000000000003,-0.25));
#4652=VECTOR('',#5342,1.0);
#4653=CARTESIAN_POINT('',(-4.815,0.250000000000003,-0.25));
#4654=VECTOR('',#5343,1.0);
#4655=CARTESIAN_POINT('',(-4.615,0.200000000000003,-0.2));
#4656=CARTESIAN_POINT('',(-4.615,0.200000000000002,-0.2));
#4657=VECTOR('',#5344,1.0);
#4658=CARTESIAN_POINT('',(-4.815,0.200000000000003,-0.2));
#4659=CARTESIAN_POINT('',(-4.815,0.200000000000003,-0.2));
#4660=VECTOR('',#5345,1.0);
#4661=CARTESIAN_POINT('',(-4.815,0.200000000000002,-0.2));
#4662=VECTOR('',#5346,1.0);
#4663=CARTESIAN_POINT('',(-4.615,0.639999999999998,-0.17));
#4664=VECTOR('',#5347,1.0);
#4665=CARTESIAN_POINT('',(-4.615,0.200000000000003,0.340000000000001));
#4666=VECTOR('',#5348,1.0);
#4667=CARTESIAN_POINT('',(-4.815,0.639999999999998,-0.17));
#4668=VECTOR('',#5349,1.0);
#4669=CARTESIAN_POINT('',(-4.815,0.200000000000003,0.340000000000001));
#4670=VECTOR('',#5350,1.0);
#4671=CARTESIAN_POINT('',(-4.615,0.640000000000002,1.0));
#4672=CARTESIAN_POINT('',(-4.615,0.639999999999998,-0.17));
#4673=VECTOR('',#5351,1.0);
#4674=CARTESIAN_POINT('',(-4.815,0.640000000000002,1.0));
#4675=CARTESIAN_POINT('',(-4.815,0.639999999999998,-0.17));
#4676=VECTOR('',#5352,1.0);
#4677=CARTESIAN_POINT('',(-4.815,0.640000000000002,1.0));
#4678=VECTOR('',#5353,1.0);
#4679=CARTESIAN_POINT('',(-4.815,0.22,0.600000000000001));
#4680=CARTESIAN_POINT('',(-4.815,0.22,0.600000000000001));
#4681=VECTOR('',#5354,1.0);
#4682=CARTESIAN_POINT('',(-4.815,-0.0299999999999985,0.600000000000001));
#4683=CARTESIAN_POINT('',(-4.815,-0.0299999999999984,0.600000000000001));
#4684=VECTOR('',#5355,1.0);
#4685=CARTESIAN_POINT('',(-4.815,-0.0299999999999977,1.0));
#4686=CARTESIAN_POINT('',(-4.815,-0.0299999999999977,1.0));
#4687=VECTOR('',#5356,1.0);
#4688=CARTESIAN_POINT('',(-4.815,0.640000000000002,1.0));
#4689=VECTOR('',#5357,1.0);
#4690=CARTESIAN_POINT('',(-4.615,0.22,0.600000000000001));
#4691=CARTESIAN_POINT('',(-4.615,0.22,0.600000000000001));
#4692=VECTOR('',#5358,1.0);
#4693=CARTESIAN_POINT('',(-4.615,-0.0299999999999977,1.0));
#4694=CARTESIAN_POINT('',(-4.615,0.640000000000002,1.0));
#4695=VECTOR('',#5359,1.0);
#4696=CARTESIAN_POINT('',(-4.615,-0.0299999999999985,0.600000000000001));
#4697=CARTESIAN_POINT('',(-4.615,-0.0299999999999977,1.0));
#4698=VECTOR('',#5360,1.0);
#4699=CARTESIAN_POINT('',(-4.615,-0.0299999999999984,0.600000000000001));
#4700=VECTOR('',#5361,1.0);
#4701=CARTESIAN_POINT('',(-4.815,-0.0299999999999977,1.0));
#4702=VECTOR('',#5362,1.0);
#4703=CARTESIAN_POINT('',(-4.815,-0.0299999999999985,0.600000000000001));
#4704=VECTOR('',#5363,1.0);
#4705=CARTESIAN_POINT('',(-4.815,0.22,0.600000000000001));
#4706=VECTOR('',#5364,1.0);
#4707=CARTESIAN_POINT('',(-1.3,3.94,0.220000000000001));
#4708=CARTESIAN_POINT('',(-1.3,3.94,-0.15));
#4709=CARTESIAN_POINT('',(-1.3,3.94,0.22));
#4710=VECTOR('',#5365,1.0);
#4711=CARTESIAN_POINT('',(-1.1,3.94,-0.15));
#4712=CARTESIAN_POINT('',(-1.1,3.94,-0.15));
#4713=VECTOR('',#5366,1.0);
#4714=CARTESIAN_POINT('',(-1.1,3.94,0.220000000000001));
#4715=CARTESIAN_POINT('',(-1.1,3.94,0.22));
#4716=VECTOR('',#5367,1.0);
#4717=CARTESIAN_POINT('',(-1.1,3.94,0.220000000000001));
#4718=VECTOR('',#5368,1.0);
#4719=CARTESIAN_POINT('',(-1.3,4.04,-0.25));
#4720=AXIS2_PLACEMENT_3D('',#5369,#5370,#5371);
#4721=CARTESIAN_POINT('',(-1.1,4.04,-0.25));
#4722=CARTESIAN_POINT('',(-1.1,4.04,-0.25));
#4723=VECTOR('',#5372,1.0);
#4724=AXIS2_PLACEMENT_3D('',#5373,#5374,#5375);
#4725=CARTESIAN_POINT('',(-1.3,4.27,-0.25));
#4726=CARTESIAN_POINT('',(-1.3,4.04,-0.25));
#4727=VECTOR('',#5376,1.0);
#4728=CARTESIAN_POINT('',(-1.1,4.27,-0.25));
#4729=CARTESIAN_POINT('',(-1.1,4.27,-0.25));
#4730=VECTOR('',#5377,1.0);
#4731=CARTESIAN_POINT('',(-1.1,4.04,-0.25));
#4732=VECTOR('',#5378,1.0);
#4733=CARTESIAN_POINT('',(-1.3,4.32,-0.2));
#4734=AXIS2_PLACEMENT_3D('',#5379,#5380,#5381);
#4735=CARTESIAN_POINT('',(-1.1,4.32,-0.2));
#4736=CARTESIAN_POINT('',(-1.1,4.32,-0.2));
#4737=VECTOR('',#5382,1.0);
#4738=AXIS2_PLACEMENT_3D('',#5383,#5384,#5385);
#4739=CARTESIAN_POINT('',(-1.3,4.32,-0.00999999999999959));
#4740=CARTESIAN_POINT('',(-1.3,4.32,-0.2));
#4741=VECTOR('',#5386,1.0);
#4742=CARTESIAN_POINT('',(-1.1,4.32,-0.00999999999999959));
#4743=CARTESIAN_POINT('',(-1.1,4.32,-0.00999999999999959));
#4744=VECTOR('',#5387,1.0);
#4745=CARTESIAN_POINT('',(-1.1,4.32,-0.2));
#4746=VECTOR('',#5388,1.0);
#4747=CARTESIAN_POINT('',(-1.3,4.30059003597152,0.0295505966991807));
#4748=AXIS2_PLACEMENT_3D('',#5389,#5390,#5391);
#4749=CARTESIAN_POINT('',(-1.1,4.30059003597152,0.0295505966991807));
#4750=CARTESIAN_POINT('',(-1.1,4.30059003597152,0.0295505966991807));
#4751=VECTOR('',#5392,1.0);
#4752=AXIS2_PLACEMENT_3D('',#5393,#5394,#5395);
#4753=CARTESIAN_POINT('',(-1.3,4.19329195683418,0.112539283960983));
#4754=CARTESIAN_POINT('',(-1.3,4.30059003597152,0.0295505966991821));
#4755=VECTOR('',#5396,1.0);
#4756=CARTESIAN_POINT('',(-1.1,4.19329195683418,0.112539283960983));
#4757=CARTESIAN_POINT('',(-1.1,4.19329195683418,0.112539283960983));
#4758=VECTOR('',#5397,1.0);
#4759=CARTESIAN_POINT('',(-1.1,4.30059003597152,0.0295505966991821));
#4760=VECTOR('',#5398,1.0);
#4761=CARTESIAN_POINT('',(-1.3,4.22,0.219160797830997));
#4762=AXIS2_PLACEMENT_3D('',#5399,#5400,#5401);
#4763=CARTESIAN_POINT('',(-1.1,4.22,0.219160797830997));
#4764=CARTESIAN_POINT('',(-1.1,4.22,0.219160797830997));
#4765=VECTOR('',#5402,1.0);
#4766=AXIS2_PLACEMENT_3D('',#5403,#5404,#5405);
#4767=AXIS2_PLACEMENT_3D('',#5406,#5407,#5408);
#4768=CARTESIAN_POINT('',(-1.1,4.22,0.219160797830996));
#4769=VECTOR('',#5409,1.0);
#4770=CARTESIAN_POINT('',(-1.3,4.22,0.219160797830996));
#4771=VECTOR('',#5410,1.0);
#4772=AXIS2_PLACEMENT_3D('',#5411,#5412,#5413);
#4773=CARTESIAN_POINT('',(-1.1,2.42,0.719999999999999));
#4774=CARTESIAN_POINT('',(-1.1,4.22,0.72));
#4775=VECTOR('',#5414,1.0);
#4776=CARTESIAN_POINT('',(-1.3,2.42,0.719999999999999));
#4777=CARTESIAN_POINT('',(-1.3,4.22,0.72));
#4778=VECTOR('',#5415,1.0);
#4779=CARTESIAN_POINT('',(-1.1,2.42,0.719999999999999));
#4780=VECTOR('',#5416,1.0);
#4781=CARTESIAN_POINT('',(-1.1,2.42,0.719999999999999));
#4782=VECTOR('',#5417,1.0);
#4783=CARTESIAN_POINT('',(-1.3,2.42,0.719999999999999));
#4784=VECTOR('',#5418,1.0);
#4785=CARTESIAN_POINT('',(-2.5,3.94,0.220000000000001));
#4786=CARTESIAN_POINT('',(-2.5,3.94,-0.15));
#4787=CARTESIAN_POINT('',(-2.5,3.94,0.22));
#4788=VECTOR('',#5419,1.0);
#4789=CARTESIAN_POINT('',(-2.3,3.94,-0.15));
#4790=CARTESIAN_POINT('',(-2.3,3.94,-0.15));
#4791=VECTOR('',#5420,1.0);
#4792=CARTESIAN_POINT('',(-2.3,3.94,0.220000000000001));
#4793=CARTESIAN_POINT('',(-2.3,3.94,0.22));
#4794=VECTOR('',#5421,1.0);
#4795=CARTESIAN_POINT('',(-2.3,3.94,0.220000000000001));
#4796=VECTOR('',#5422,1.0);
#4797=CARTESIAN_POINT('',(-2.5,4.04,-0.25));
#4798=AXIS2_PLACEMENT_3D('',#5423,#5424,#5425);
#4799=CARTESIAN_POINT('',(-2.3,4.04,-0.25));
#4800=CARTESIAN_POINT('',(-2.3,4.04,-0.25));
#4801=VECTOR('',#5426,1.0);
#4802=AXIS2_PLACEMENT_3D('',#5427,#5428,#5429);
#4803=CARTESIAN_POINT('',(-2.5,4.27,-0.25));
#4804=CARTESIAN_POINT('',(-2.5,4.04,-0.25));
#4805=VECTOR('',#5430,1.0);
#4806=CARTESIAN_POINT('',(-2.3,4.27,-0.25));
#4807=CARTESIAN_POINT('',(-2.3,4.27,-0.25));
#4808=VECTOR('',#5431,1.0);
#4809=CARTESIAN_POINT('',(-2.3,4.04,-0.25));
#4810=VECTOR('',#5432,1.0);
#4811=CARTESIAN_POINT('',(-2.5,4.32,-0.2));
#4812=AXIS2_PLACEMENT_3D('',#5433,#5434,#5435);
#4813=CARTESIAN_POINT('',(-2.3,4.32,-0.2));
#4814=CARTESIAN_POINT('',(-2.3,4.32,-0.2));
#4815=VECTOR('',#5436,1.0);
#4816=AXIS2_PLACEMENT_3D('',#5437,#5438,#5439);
#4817=CARTESIAN_POINT('',(-2.5,4.32,-0.00999999999999959));
#4818=CARTESIAN_POINT('',(-2.5,4.32,-0.2));
#4819=VECTOR('',#5440,1.0);
#4820=CARTESIAN_POINT('',(-2.3,4.32,-0.00999999999999959));
#4821=CARTESIAN_POINT('',(-2.3,4.32,-0.00999999999999959));
#4822=VECTOR('',#5441,1.0);
#4823=CARTESIAN_POINT('',(-2.3,4.32,-0.2));
#4824=VECTOR('',#5442,1.0);
#4825=CARTESIAN_POINT('',(-2.5,4.30059003597152,0.0295505966991807));
#4826=AXIS2_PLACEMENT_3D('',#5443,#5444,#5445);
#4827=CARTESIAN_POINT('',(-2.3,4.30059003597152,0.0295505966991807));
#4828=CARTESIAN_POINT('',(-2.3,4.30059003597152,0.0295505966991807));
#4829=VECTOR('',#5446,1.0);
#4830=AXIS2_PLACEMENT_3D('',#5447,#5448,#5449);
#4831=CARTESIAN_POINT('',(-2.5,4.19329195683418,0.112539283960983));
#4832=CARTESIAN_POINT('',(-2.5,4.30059003597152,0.0295505966991821));
#4833=VECTOR('',#5450,1.0);
#4834=CARTESIAN_POINT('',(-2.3,4.19329195683418,0.112539283960983));
#4835=CARTESIAN_POINT('',(-2.3,4.19329195683418,0.112539283960983));
#4836=VECTOR('',#5451,1.0);
#4837=CARTESIAN_POINT('',(-2.3,4.30059003597152,0.0295505966991821));
#4838=VECTOR('',#5452,1.0);
#4839=CARTESIAN_POINT('',(-2.5,4.22,0.219160797830997));
#4840=AXIS2_PLACEMENT_3D('',#5453,#5454,#5455);
#4841=CARTESIAN_POINT('',(-2.3,4.22,0.219160797830997));
#4842=CARTESIAN_POINT('',(-2.3,4.22,0.219160797830997));
#4843=VECTOR('',#5456,1.0);
#4844=AXIS2_PLACEMENT_3D('',#5457,#5458,#5459);
#4845=AXIS2_PLACEMENT_3D('',#5460,#5461,#5462);
#4846=CARTESIAN_POINT('',(-2.3,4.22,0.219160797830996));
#4847=VECTOR('',#5463,1.0);
#4848=CARTESIAN_POINT('',(-2.5,4.22,0.219160797830996));
#4849=VECTOR('',#5464,1.0);
#4850=AXIS2_PLACEMENT_3D('',#5465,#5466,#5467);
#4851=CARTESIAN_POINT('',(-2.3,2.42,0.719999999999999));
#4852=CARTESIAN_POINT('',(-2.3,4.22,0.72));
#4853=VECTOR('',#5468,1.0);
#4854=CARTESIAN_POINT('',(-2.5,2.42,0.719999999999999));
#4855=CARTESIAN_POINT('',(-2.5,4.22,0.72));
#4856=VECTOR('',#5469,1.0);
#4857=CARTESIAN_POINT('',(-2.3,2.42,0.719999999999999));
#4858=VECTOR('',#5470,1.0);
#4859=CARTESIAN_POINT('',(-2.3,2.42,0.719999999999999));
#4860=VECTOR('',#5471,1.0);
#4861=CARTESIAN_POINT('',(-2.5,2.42,0.719999999999999));
#4862=VECTOR('',#5472,1.0);
#4863=CARTESIAN_POINT('',(-3.7,3.94,0.220000000000001));
#4864=CARTESIAN_POINT('',(-3.7,3.94,-0.15));
#4865=CARTESIAN_POINT('',(-3.7,3.94,0.22));
#4866=VECTOR('',#5473,1.0);
#4867=CARTESIAN_POINT('',(-3.5,3.94,-0.15));
#4868=CARTESIAN_POINT('',(-3.5,3.94,-0.15));
#4869=VECTOR('',#5474,1.0);
#4870=CARTESIAN_POINT('',(-3.5,3.94,0.220000000000001));
#4871=CARTESIAN_POINT('',(-3.5,3.94,0.22));
#4872=VECTOR('',#5475,1.0);
#4873=CARTESIAN_POINT('',(-3.5,3.94,0.220000000000001));
#4874=VECTOR('',#5476,1.0);
#4875=CARTESIAN_POINT('',(-3.7,4.04,-0.25));
#4876=AXIS2_PLACEMENT_3D('',#5477,#5478,#5479);
#4877=CARTESIAN_POINT('',(-3.5,4.04,-0.25));
#4878=CARTESIAN_POINT('',(-3.5,4.04,-0.25));
#4879=VECTOR('',#5480,1.0);
#4880=AXIS2_PLACEMENT_3D('',#5481,#5482,#5483);
#4881=CARTESIAN_POINT('',(-3.7,4.27,-0.25));
#4882=CARTESIAN_POINT('',(-3.7,4.04,-0.25));
#4883=VECTOR('',#5484,1.0);
#4884=CARTESIAN_POINT('',(-3.5,4.27,-0.25));
#4885=CARTESIAN_POINT('',(-3.5,4.27,-0.25));
#4886=VECTOR('',#5485,1.0);
#4887=CARTESIAN_POINT('',(-3.5,4.04,-0.25));
#4888=VECTOR('',#5486,1.0);
#4889=CARTESIAN_POINT('',(-3.7,4.32,-0.2));
#4890=AXIS2_PLACEMENT_3D('',#5487,#5488,#5489);
#4891=CARTESIAN_POINT('',(-3.5,4.32,-0.2));
#4892=CARTESIAN_POINT('',(-3.5,4.32,-0.2));
#4893=VECTOR('',#5490,1.0);
#4894=AXIS2_PLACEMENT_3D('',#5491,#5492,#5493);
#4895=CARTESIAN_POINT('',(-3.7,4.32,-0.00999999999999959));
#4896=CARTESIAN_POINT('',(-3.7,4.32,-0.2));
#4897=VECTOR('',#5494,1.0);
#4898=CARTESIAN_POINT('',(-3.5,4.32,-0.00999999999999959));
#4899=CARTESIAN_POINT('',(-3.5,4.32,-0.00999999999999959));
#4900=VECTOR('',#5495,1.0);
#4901=CARTESIAN_POINT('',(-3.5,4.32,-0.2));
#4902=VECTOR('',#5496,1.0);
#4903=CARTESIAN_POINT('',(-3.7,4.30059003597152,0.0295505966991807));
#4904=AXIS2_PLACEMENT_3D('',#5497,#5498,#5499);
#4905=CARTESIAN_POINT('',(-3.5,4.30059003597152,0.0295505966991807));
#4906=CARTESIAN_POINT('',(-3.5,4.30059003597152,0.0295505966991807));
#4907=VECTOR('',#5500,1.0);
#4908=AXIS2_PLACEMENT_3D('',#5501,#5502,#5503);
#4909=CARTESIAN_POINT('',(-3.7,4.19329195683418,0.112539283960983));
#4910=CARTESIAN_POINT('',(-3.7,4.30059003597152,0.0295505966991821));
#4911=VECTOR('',#5504,1.0);
#4912=CARTESIAN_POINT('',(-3.5,4.19329195683418,0.112539283960983));
#4913=CARTESIAN_POINT('',(-3.5,4.19329195683418,0.112539283960983));
#4914=VECTOR('',#5505,1.0);
#4915=CARTESIAN_POINT('',(-3.5,4.30059003597152,0.0295505966991821));
#4916=VECTOR('',#5506,1.0);
#4917=CARTESIAN_POINT('',(-3.7,4.22,0.219160797830997));
#4918=AXIS2_PLACEMENT_3D('',#5507,#5508,#5509);
#4919=CARTESIAN_POINT('',(-3.5,4.22,0.219160797830997));
#4920=CARTESIAN_POINT('',(-3.5,4.22,0.219160797830997));
#4921=VECTOR('',#5510,1.0);
#4922=AXIS2_PLACEMENT_3D('',#5511,#5512,#5513);
#4923=AXIS2_PLACEMENT_3D('',#5514,#5515,#5516);
#4924=CARTESIAN_POINT('',(-3.5,4.22,0.219160797830996));
#4925=VECTOR('',#5517,1.0);
#4926=CARTESIAN_POINT('',(-3.7,4.22,0.219160797830996));
#4927=VECTOR('',#5518,1.0);
#4928=AXIS2_PLACEMENT_3D('',#5519,#5520,#5521);
#4929=CARTESIAN_POINT('',(-3.5,2.42,0.719999999999999));
#4930=CARTESIAN_POINT('',(-3.5,4.22,0.72));
#4931=VECTOR('',#5522,1.0);
#4932=CARTESIAN_POINT('',(-3.7,2.42,0.719999999999999));
#4933=CARTESIAN_POINT('',(-3.7,4.22,0.72));
#4934=VECTOR('',#5523,1.0);
#4935=CARTESIAN_POINT('',(-3.5,2.42,0.719999999999999));
#4936=VECTOR('',#5524,1.0);
#4937=CARTESIAN_POINT('',(-3.5,2.42,0.719999999999999));
#4938=VECTOR('',#5525,1.0);
#4939=CARTESIAN_POINT('',(-3.7,2.42,0.719999999999999));
#4940=VECTOR('',#5526,1.0);
#4941=CARTESIAN_POINT('',(-4.55666666666667,0.713333333333333,1.12666666666667));
#4942=VECTOR('',#5527,1.0);
#4943=CARTESIAN_POINT('',(0.820000000000001,0.850000000000001,0.99));
#4944=VECTOR('',#5528,1.0);
#4945=CARTESIAN_POINT('',(0.831102301257909,2.70316004922348,1.14110230125791));
#4946=VECTOR('',#5529,0.999999999999999);
#4947=CARTESIAN_POINT('',(1.00492740093698,2.84918975141837,1.00492740093698));
#4948=VECTOR('',#5530,0.999999999999999);
#4949=CARTESIAN_POINT('',(1.0,3.47,1.0));
#4950=VECTOR('',#5531,1.0);
#4951=CARTESIAN_POINT('',(-4.6,3.47,1.0));
#4952=VECTOR('',#5532,1.0);
#4953=CARTESIAN_POINT('',(-4.6003325252278,2.85411715235535,1.0003325252278));
#4954=VECTOR('',#5533,1.0);
#4955=CARTESIAN_POINT('',(-4.38874601562728,2.74858160460664,1.09874601562728));
#4956=VECTOR('',#5534,1.0);
#4957=CARTESIAN_POINT('',(-3.6,3.77,1.19));
#4958=CARTESIAN_POINT('',(-3.6,3.77,1.19));
#4959=VECTOR('',#5535,1.0);
#4960=CARTESIAN_POINT('',(-3.8,4.17,1.19));
#4961=CARTESIAN_POINT('',(-3.8,4.17,1.19));
#4962=VECTOR('',#5536,1.0);
#4963=CARTESIAN_POINT('',(-3.8,4.17,1.19));
#4964=VECTOR('',#5537,1.0);
#4965=CARTESIAN_POINT('',(-3.4,4.17,1.19));
#4966=CARTESIAN_POINT('',(-3.4,4.17,1.19));
#4967=VECTOR('',#5538,1.0);
#4968=CARTESIAN_POINT('',(-3.6,3.77,1.19));
#4969=VECTOR('',#5539,1.0);
#4970=CARTESIAN_POINT('',(-3.4,4.17,1.19));
#4971=VECTOR('',#5540,1.0);
#4972=DIRECTION('',(0.0,0.0,-1.0));
#4973=DIRECTION('',(-1.0,0.0,0.0));
#4974=DIRECTION('',(0.0,0.0,-1.0));
#4975=DIRECTION('',(1.0,0.0,0.0));
#4976=DIRECTION('',(0.0,0.0,1.0));
#4977=DIRECTION('',(-1.0,0.0,0.0));
#4978=DIRECTION('',(0.0,0.0,1.0));
#4979=DIRECTION('',(1.0,0.0,0.0));
#4980=DIRECTION('',(0.0,0.0,1.0));
#4981=DIRECTION('',(-1.0,0.0,0.0));
#4982=DIRECTION('',(0.0,0.0,1.0));
#4983=DIRECTION('',(1.0,0.0,0.0));
#4984=DIRECTION('',(0.0,0.0,1.0));
#4985=DIRECTION('',(-1.0,0.0,0.0));
#4986=DIRECTION('',(0.0,0.0,1.0));
#4987=DIRECTION('',(1.0,0.0,0.0));
#4988=DIRECTION('',(0.0,0.0,1.0));
#4989=DIRECTION('',(-1.0,0.0,0.0));
#4990=DIRECTION('',(0.0,0.0,1.0));
#4991=DIRECTION('',(1.0,0.0,0.0));
#4992=DIRECTION('',(1.0,0.0,0.0));
#4993=DIRECTION('',(0.0,1.0,0.0));
#4994=DIRECTION('',(-1.0,0.0,0.0));
#4995=DIRECTION('',(0.0,1.0,0.0));
#4996=DIRECTION('',(1.0,0.0,0.0));
#4997=DIRECTION('',(0.0,-1.0,0.0));
#4998=DIRECTION('',(-1.0,0.0,0.0));
#4999=DIRECTION('',(0.0,-1.0,0.0));
#5000=DIRECTION('',(1.0,0.0,0.0));
#5001=DIRECTION('',(0.0,1.0,0.0));
#5002=DIRECTION('',(-1.0,0.0,0.0));
#5003=DIRECTION('',(0.0,1.0,0.0));
#5004=DIRECTION('',(1.0,0.0,0.0));
#5005=DIRECTION('',(0.0,1.0,0.0));
#5006=DIRECTION('',(-1.0,0.0,0.0));
#5007=DIRECTION('',(0.0,1.0,0.0));
#5008=DIRECTION('',(1.0,0.0,0.0));
#5009=DIRECTION('',(0.0,1.0,0.0));
#5010=DIRECTION('',(-1.0,0.0,0.0));
#5011=DIRECTION('',(0.0,1.0,0.0));
#5012=DIRECTION('',(1.0,0.0,0.0));
#5013=DIRECTION('',(0.0,0.0,1.0));
#5014=DIRECTION('',(1.0,0.0,0.0));
#5015=DIRECTION('',(0.0,0.0,1.0));
#5016=DIRECTION('',(1.0,0.0,0.0));
#5017=DIRECTION('',(0.0,0.0,1.0));
#5018=DIRECTION('',(1.0,0.0,0.0));
#5019=DIRECTION('',(0.0,0.0,1.0));
#5020=DIRECTION('',(1.0,0.0,0.0));
#5021=DIRECTION('',(0.0,0.0,1.0));
#5022=DIRECTION('',(1.0,0.0,0.0));
#5023=DIRECTION('',(0.0,0.0,1.0));
#5024=DIRECTION('',(1.0,0.0,0.0));
#5025=DIRECTION('',(0.0,0.0,1.0));
#5026=DIRECTION('',(1.0,0.0,0.0));
#5027=DIRECTION('',(0.0,0.0,-1.0));
#5028=DIRECTION('',(1.0,0.0,0.0));
#5029=DIRECTION('',(0.0,0.0,-1.0));
#5030=DIRECTION('',(1.0,0.0,0.0));
#5031=DIRECTION('',(0.0,0.0,1.0));
#5032=DIRECTION('',(1.0,0.0,0.0));
#5033=DIRECTION('',(0.0,0.0,1.0));
#5034=DIRECTION('',(0.0,0.0,1.0));
#5035=DIRECTION('',(0.0,1.0,1.0842021724855E-15));
#5036=DIRECTION('',(0.0,1.0,1.0842021724855E-15));
#5037=DIRECTION('',(1.0,0.0,0.0));
#5038=DIRECTION('',(0.0,0.0,1.0));
#5039=DIRECTION('',(0.0,0.0,1.0));
#5040=DIRECTION('',(0.0,1.0,1.0842021724855E-15));
#5041=DIRECTION('',(0.0,1.0,1.0842021724855E-15));
#5042=DIRECTION('',(1.0,0.0,0.0));
#5043=DIRECTION('',(0.0,0.0,1.0));
#5044=DIRECTION('',(0.0,0.0,1.0));
#5045=DIRECTION('',(0.0,1.0,1.0842021724855E-15));
#5046=DIRECTION('',(0.0,1.0,1.0842021724855E-15));
#5047=DIRECTION('',(0.0,1.0,0.0));
#5048=DIRECTION('',(-1.0,-2.46409584655798E-16,0.0));
#5049=DIRECTION('',(0.0,1.0,0.0));
#5050=DIRECTION('',(-1.0,-3.94255335449276E-16,0.0));
#5051=DIRECTION('',(1.0,0.0,0.0));
#5052=DIRECTION('',(0.0,1.0,0.0));
#5053=DIRECTION('',(-1.0,0.0,0.0));
#5054=DIRECTION('',(0.0,1.0,0.0));
#5055=DIRECTION('',(0.0,1.0,0.0));
#5056=DIRECTION('',(-1.0,2.91278195593121E-15,0.0));
#5057=DIRECTION('',(0.0,1.0,0.0));
#5058=DIRECTION('',(-1.0,2.02276524717445E-16,0.0));
#5059=DIRECTION('',(1.0,0.0,0.0));
#5060=DIRECTION('',(0.0,-1.0,0.0));
#5061=DIRECTION('',(-1.0,0.0,0.0));
#5062=DIRECTION('',(0.0,-1.0,0.0));
#5063=DIRECTION('',(1.0,0.0,0.0));
#5064=DIRECTION('',(0.0,0.0,1.0));
#5065=DIRECTION('',(0.0,0.0,-1.0));
#5066=DIRECTION('',(0.0,1.0,1.0842021724855E-15));
#5067=DIRECTION('',(0.0,-1.0,-1.0842021724855E-15));
#5068=DIRECTION('',(0.0,0.0,1.0));
#5069=DIRECTION('',(0.0,1.0,0.0));
#5070=DIRECTION('',(0.0,0.0,-1.0));
#5071=DIRECTION('',(0.0,-1.0,0.0));
#5072=DIRECTION('',(0.707106781186548,0.0,0.707106781186548));
#5073=DIRECTION('',(1.0,0.0,0.0));
#5074=DIRECTION('',(-0.515038074910058,0.0,-0.85716730070211));
#5075=DIRECTION('',(-1.39397422176708E-14,0.0,-1.0));
#5076=DIRECTION('',(0.866025403784439,0.0,-0.499999999999999));
#5077=DIRECTION('',(0.0,0.0,-1.0));
#5078=DIRECTION('',(-1.0,0.0,0.0));
#5079=DIRECTION('',(1.0,0.0,0.0));
#5080=DIRECTION('',(-0.707106781186548,0.0,-0.707106781186548));
#5081=DIRECTION('',(1.0,0.0,0.0));
#5082=DIRECTION('',(0.0,0.0,-1.0));
#5083=DIRECTION('',(1.0,0.0,0.0));
#5084=DIRECTION('',(0.0,0.0,1.0));
#5085=DIRECTION('',(1.0,1.98230994223096E-15,0.0));
#5086=DIRECTION('',(0.0,0.0,-1.0));
#5087=DIRECTION('',(-1.0,-7.88510670898549E-16,0.0));
#5088=DIRECTION('',(0.0,0.0,-1.0));
#5089=DIRECTION('',(0.447213595499957,-0.894427190999916,0.0));
#5090=DIRECTION('',(-1.0,0.0,0.0));
#5091=DIRECTION('',(0.447213595499958,0.894427190999916,0.0));
#5092=DIRECTION('',(-1.0,0.0,0.0));
#5093=DIRECTION('',(0.0,1.0,0.0));
#5094=DIRECTION('',(-1.0,0.0,0.0));
#5095=DIRECTION('',(0.0,1.0,0.0));
#5096=DIRECTION('',(1.0,0.0,0.0));
#5097=DIRECTION('',(0.0,-1.0,0.0));
#5098=DIRECTION('',(-1.0,0.0,0.0));
#5099=DIRECTION('',(0.0,-1.0,0.0));
#5100=DIRECTION('',(-1.0,-7.47725636196901E-16,0.0));
#5101=DIRECTION('',(0.0,0.0,-1.0));
#5102=DIRECTION('',(0.0,1.0,0.0));
#5103=DIRECTION('',(0.0,0.0,-1.0));
#5104=DIRECTION('',(1.0,0.0,0.0));
#5105=DIRECTION('',(0.0,-1.0,0.0));
#5106=DIRECTION('',(1.0,9.85638338623186E-16,0.0));
#5107=DIRECTION('',(-2.4093381610789E-16,1.0,0.0));
#5108=DIRECTION('',(-1.0,-3.94255335449274E-16,0.0));
#5109=DIRECTION('',(0.0,-1.0,0.0));
#5110=DIRECTION('',(1.0,3.94255335449276E-16,0.0));
#5111=DIRECTION('',(0.0,-1.0,0.0));
#5112=DIRECTION('',(-1.0,0.0,0.0));
#5113=DIRECTION('',(0.0,-1.0,0.0));
#5114=DIRECTION('',(0.0,-1.0,0.0));
#5115=DIRECTION('',(0.0,0.0,1.0));
#5116=DIRECTION('',(0.0,0.0,-1.0));
#5117=DIRECTION('',(0.515038074910053,2.03056508992812E-16,-0.857167300702113));
#5118=DIRECTION('',(0.0,0.0,-1.0));
#5119=DIRECTION('',(1.0,3.94255335449276E-16,4.5162944242368E-16));
#5120=DIRECTION('',(1.0,-2.91278195593121E-15,0.0));
#5121=DIRECTION('',(0.0,-1.0,0.0));
#5122=DIRECTION('',(1.0,0.0,0.0));
#5123=DIRECTION('',(-2.4093381610789E-16,1.0,0.0));
#5124=DIRECTION('',(-1.0,-2.91278195593121E-15,0.0));
#5125=DIRECTION('',(0.0,-1.0,0.0));
#5126=DIRECTION('',(0.621882143601586,-0.783110847498294,0.0));
#5127=DIRECTION('',(1.0,5.95926726011536E-16,0.0));
#5128=DIRECTION('',(0.621882143601587,0.783110847498294,0.0));
#5129=DIRECTION('',(1.0,-2.00778180089909E-16,0.0));
#5130=DIRECTION('',(0.0,-1.0,0.0));
#5131=DIRECTION('',(0.0,0.0,1.0));
#5132=DIRECTION('',(-2.22593821391917E-16,0.923879532511286,0.382683432365091));
#5133=DIRECTION('',(0.0,-1.0,-1.11609047167625E-15));
#5134=DIRECTION('',(0.0,0.0,-1.0));
#5135=DIRECTION('',(0.0,0.0,-1.0));
#5136=DIRECTION('',(-5.04280080225816E-16,-1.0,0.0));
#5137=DIRECTION('',(-1.16580878761882E-15,1.0,0.0));
#5138=DIRECTION('',(0.0,0.0,-1.0));
#5139=DIRECTION('',(0.0,0.0,-1.0));
#5140=DIRECTION('',(0.0,0.0,-1.0));
#5141=DIRECTION('',(0.0,-1.0,-1.0842021724855E-15));
#5142=DIRECTION('',(0.0,-1.0,-1.11609047167625E-15));
#5143=DIRECTION('',(0.0,-0.923879532511286,-0.382683432365091));
#5144=DIRECTION('',(0.0,0.0,-1.0));
#5145=DIRECTION('',(-0.707106781186547,-5.28721867821854E-16,-0.707106781186548));
#5146=DIRECTION('',(0.0,0.0,-1.0));
#5147=DIRECTION('',(1.0,7.47725636196901E-16,0.0));
#5148=DIRECTION('',(0.0,0.0,-1.0));
#5149=DIRECTION('',(0.866025403784439,0.0,-0.499999999999999));
#5150=DIRECTION('',(-1.39397422176708E-14,0.0,-1.0));
#5151=DIRECTION('',(-0.515038074910058,0.0,-0.85716730070211));
#5152=DIRECTION('',(0.0,1.0,0.0));
#5153=DIRECTION('',(0.0,0.0,-1.0));
#5154=DIRECTION('',(0.0,1.0,0.0));
#5155=DIRECTION('',(0.0,0.0,-1.0));
#5156=DIRECTION('',(0.0,0.0,-1.0));
#5157=DIRECTION('',(-0.707106781186547,0.0,0.707106781186548));
#5158=DIRECTION('',(0.0,0.0,-1.0));
#5159=DIRECTION('',(-0.515038074910052,0.0,0.857167300702113));
#5160=DIRECTION('',(0.0,0.0,1.0));
#5161=DIRECTION('',(0.866025403784437,0.0,0.500000000000002));
#5162=DIRECTION('',(1.0,0.0,0.0));
#5163=DIRECTION('',(0.621882143601587,0.783110847498294,0.0));
#5164=DIRECTION('',(0.0,0.0,-1.0));
#5165=DIRECTION('',(0.0,0.0,-1.0));
#5166=DIRECTION('',(1.0,5.95926726011536E-16,0.0));
#5167=DIRECTION('',(0.0,0.0,-1.0));
#5168=DIRECTION('',(0.621882143601586,-0.783110847498294,0.0));
#5169=DIRECTION('',(0.0,0.0,1.0));
#5170=DIRECTION('',(-0.707106781186548,1.41971612655868E-16,0.707106781186547));
#5171=DIRECTION('',(-1.0,0.0,-4.5162944242368E-16));
#5172=DIRECTION('',(0.0,0.0,-1.0));
#5173=DIRECTION('',(1.0,0.0,0.0));
#5174=DIRECTION('',(0.0,1.0,0.0));
#5175=DIRECTION('',(-1.0,-8.27548022978891E-31,-3.81639164714897E-16));
#5176=DIRECTION('',(0.0,1.0,0.0));
#5177=DIRECTION('',(0.0,1.0,0.0));
#5178=DIRECTION('',(-1.0,0.0,0.0));
#5179=DIRECTION('',(0.0,1.0,0.0));
#5180=DIRECTION('',(-1.0,-3.80421814907194E-16,0.0));
#5181=DIRECTION('',(8.03112720359633E-16,1.0,0.0));
#5182=DIRECTION('',(0.0,-1.0,0.0));
#5183=DIRECTION('',(0.0,-1.0,0.0));
#5184=DIRECTION('',(-1.0,0.0,0.0));
#5185=DIRECTION('',(0.0,-1.0,0.0));
#5186=DIRECTION('',(0.0,1.0,0.0));
#5187=DIRECTION('',(-1.0,-8.27548022978891E-31,-3.81639164714898E-16));
#5188=DIRECTION('',(0.0,1.0,0.0));
#5189=DIRECTION('',(0.0,1.0,0.0));
#5190=DIRECTION('',(-1.0,-8.2754802297889E-31,-3.81639164714897E-16));
#5191=DIRECTION('',(0.0,1.0,0.0));
#5192=DIRECTION('',(0.0,1.0,0.0));
#5193=DIRECTION('',(-1.0,-8.27548022978891E-31,-3.81639164714897E-16));
#5194=DIRECTION('',(0.0,1.0,0.0));
#5195=DIRECTION('',(0.0,0.0,-1.0));
#5196=DIRECTION('',(0.0,1.0,0.0));
#5197=DIRECTION('',(1.0,3.80421814907194E-16,4.5162944242368E-16));
#5198=DIRECTION('',(0.707106781186548,2.68998845032171E-16,-0.707106781186547));
#5199=DIRECTION('',(0.0,0.0,-1.0));
#5200=DIRECTION('',(0.866025403784437,0.0,0.500000000000002));
#5201=DIRECTION('',(0.0,0.0,1.0));
#5202=DIRECTION('',(-0.515038074910052,0.0,0.857167300702114));
#5203=DIRECTION('',(-8.03112720359633E-16,-1.0,-3.62709350099386E-31));
#5204=DIRECTION('',(0.0,1.0,0.0));
#5205=DIRECTION('',(0.0,1.0,0.0));
#5206=DIRECTION('',(0.0,0.0697564737441253,-0.997564050259824));
#5207=DIRECTION('',(0.706243967529309,-0.0493853891036607,0.70624396752931));
#5208=DIRECTION('',(1.0,0.0,0.0));
#5209=DIRECTION('',(-0.706243967529309,0.0493853891036607,-0.706243967529309));
#5210=DIRECTION('',(0.0,0.0697564737441253,-0.997564050259824));
#5211=DIRECTION('',(0.0,1.0,0.0));
#5212=DIRECTION('',(0.0,-1.0,0.0));
#5213=DIRECTION('',(0.0,0.0697564737441253,-0.997564050259824));
#5214=DIRECTION('',(1.0,0.0,0.0));
#5215=DIRECTION('',(0.706243967529309,0.0493853891036607,-0.70624396752931));
#5216=DIRECTION('',(0.0,0.0697564737441253,-0.997564050259824));
#5217=DIRECTION('',(-0.706243967529309,-0.0493853891036607,0.70624396752931));
#5218=DIRECTION('',(0.0,-1.0,0.0));
#5219=DIRECTION('',(0.0,0.0,1.0));
#5220=DIRECTION('',(0.0,-1.0,0.0));
#5221=DIRECTION('',(0.0,-1.0,0.0));
#5222=DIRECTION('',(-0.515038074910058,-5.07641272482034E-16,-0.85716730070211));
#5223=DIRECTION('',(-1.0,-9.85638338623186E-16,0.0));
#5224=DIRECTION('',(-1.0,-9.85638338623186E-16,0.0));
#5225=DIRECTION('',(0.0,1.0,0.0));
#5226=DIRECTION('',(-1.0,0.0,0.0));
#5227=DIRECTION('',(0.0,1.0,0.0));
#5228=DIRECTION('',(1.0,0.0,0.0));
#5229=DIRECTION('',(0.0,0.0,1.0));
#5230=DIRECTION('',(1.0,0.0,0.0));
#5231=DIRECTION('',(0.0,1.0,1.0842021724855E-15));
#5232=DIRECTION('',(-1.0,0.0,0.0));
#5233=DIRECTION('',(0.0,1.0,0.0));
#5234=DIRECTION('',(0.0,1.0,0.0));
#5235=DIRECTION('',(0.515038074910053,0.0,-0.857167300702113));
#5236=DIRECTION('',(0.0,-1.0,0.0));
#5237=DIRECTION('',(0.391041335811246,0.650802071941598,-0.650802071941599));
#5238=DIRECTION('',(0.0,1.0,0.0));
#5239=DIRECTION('',(0.0,1.0,0.0));
#5240=DIRECTION('',(0.391041335811251,-0.650802071941597,0.650802071941598));
#5241=DIRECTION('',(0.0,-1.0,0.0));
#5242=DIRECTION('',(-0.515038074910058,0.0,-0.85716730070211));
#5243=DIRECTION('',(0.0,0.0,1.0));
#5244=DIRECTION('',(0.0,0.0,-1.0));
#5245=DIRECTION('',(0.0,1.0,0.0));
#5246=DIRECTION('',(1.0,2.91278195593121E-15,0.0));
#5247=DIRECTION('',(0.0,-1.0,0.0));
#5248=DIRECTION('',(-1.0,0.0,0.0));
#5249=DIRECTION('',(0.0,-1.0,0.0));
#5250=DIRECTION('',(1.0,0.0,0.0));
#5251=DIRECTION('',(-1.0,0.0,0.0));
#5252=DIRECTION('',(0.0,-1.0,0.0));
#5253=DIRECTION('',(8.03112720359633E-16,1.0,3.62709350099386E-31));
#5254=DIRECTION('',(-1.0,-3.80421814907194E-16,-4.5162944242368E-16));
#5255=DIRECTION('',(0.0,0.0,-1.0));
#5256=DIRECTION('',(-1.0,0.0,0.0));
#5257=DIRECTION('',(0.0,0.0,-1.0));
#5258=DIRECTION('',(-1.0,0.0,0.0));
#5259=CARTESIAN_POINT('',(-0.1,4.04,-0.15));
#5260=DIRECTION('',(1.0,0.0,0.0));
#5261=DIRECTION('',(0.0,0.0,-1.0));
#5262=DIRECTION('',(-1.0,0.0,0.0));
#5263=CARTESIAN_POINT('',(0.1,4.04,-0.15));
#5264=DIRECTION('',(1.0,0.0,0.0));
#5265=DIRECTION('',(0.0,0.0,-1.0));
#5266=DIRECTION('',(0.0,1.0,9.42784497813485E-16));
#5267=DIRECTION('',(-1.0,0.0,0.0));
#5268=DIRECTION('',(0.0,1.0,9.42784497813485E-16));
#5269=CARTESIAN_POINT('',(-0.1,4.27,-0.2));
#5270=DIRECTION('',(1.0,0.0,0.0));
#5271=DIRECTION('',(0.0,0.0,-1.0));
#5272=DIRECTION('',(-1.0,0.0,0.0));
#5273=CARTESIAN_POINT('',(0.1,4.27,-0.2));
#5274=DIRECTION('',(1.0,0.0,0.0));
#5275=DIRECTION('',(0.0,0.0,-1.0));
#5276=DIRECTION('',(0.0,0.0,1.0));
#5277=DIRECTION('',(-1.0,0.0,0.0));
#5278=DIRECTION('',(0.0,0.0,1.0));
#5279=CARTESIAN_POINT('',(-0.1,4.27,-0.00999999999999959));
#5280=DIRECTION('',(1.0,0.0,0.0));
#5281=DIRECTION('',(0.0,0.0,-1.0));
#5282=DIRECTION('',(-1.0,0.0,0.0));
#5283=CARTESIAN_POINT('',(0.1,4.27,-0.00999999999999959));
#5284=DIRECTION('',(1.0,0.0,0.0));
#5285=DIRECTION('',(0.0,0.0,-1.0));
#5286=DIRECTION('',(0.0,-0.791011933983614,0.611800719430358));
#5287=DIRECTION('',(-1.0,0.0,0.0));
#5288=DIRECTION('',(0.0,-0.791011933983614,0.611800719430358));
#5289=CARTESIAN_POINT('',(-0.1,4.23,0.16));
#5290=DIRECTION('',(-1.0,0.0,0.0));
#5291=DIRECTION('',(0.0,0.0,-1.0));
#5292=DIRECTION('',(-1.0,0.0,0.0));
#5293=CARTESIAN_POINT('',(0.1,4.23,0.16));
#5294=DIRECTION('',(-1.0,0.0,0.0));
#5295=DIRECTION('',(0.0,0.0,-1.0));
#5296=CARTESIAN_POINT('',(0.1,3.89,0.220000000000001));
#5297=DIRECTION('',(-1.0,0.0,0.0));
#5298=DIRECTION('',(0.0,0.0,-1.0));
#5299=DIRECTION('',(0.0,0.0,1.0));
#5300=DIRECTION('',(0.0,0.0,1.0));
#5301=CARTESIAN_POINT('',(-0.1,3.89,0.220000000000001));
#5302=DIRECTION('',(-1.0,0.0,0.0));
#5303=DIRECTION('',(0.0,0.0,-1.0));
#5304=DIRECTION('',(0.0,-1.0,-3.61400724161835E-16));
#5305=DIRECTION('',(0.0,-1.0,-3.61400724161835E-16));
#5306=DIRECTION('',(-1.0,0.0,0.0));
#5307=DIRECTION('',(0.0,-2.16840434497101E-15,-1.0));
#5308=DIRECTION('',(0.0,-2.16840434497101E-15,-1.0));
#5309=DIRECTION('',(0.0,0.707106781186548,-0.707106781186547));
#5310=DIRECTION('',(-1.0,0.0,0.0));
#5311=DIRECTION('',(0.0,0.707106781186548,-0.707106781186547));
#5312=DIRECTION('',(-1.0,0.0,0.0));
#5313=DIRECTION('',(0.0,1.0,0.0));
#5314=DIRECTION('',(-1.0,0.0,0.0));
#5315=DIRECTION('',(0.0,1.0,0.0));
#5316=DIRECTION('',(0.0,0.529998940003217,0.847998304005065));
#5317=DIRECTION('',(-1.0,0.0,0.0));
#5318=DIRECTION('',(0.0,0.529998940003217,0.847998304005065));
#5319=DIRECTION('',(0.0,3.70667409396754E-15,1.0));
#5320=DIRECTION('',(0.0,-1.00389090044954E-15,-1.0));
#5321=DIRECTION('',(0.0,3.70667409396754E-15,1.0));
#5322=DIRECTION('',(0.0,-1.00389090044954E-15,-1.0));
#5323=DIRECTION('',(0.0,3.70667409396754E-15,1.0));
#5324=DIRECTION('',(-1.0,0.0,0.0));
#5325=DIRECTION('',(0.0,3.70667409396754E-15,1.0));
#5326=DIRECTION('',(0.0,-6.2550125335702E-16,-1.0));
#5327=DIRECTION('',(0.0,-1.0,9.70927318643735E-16));
#5328=DIRECTION('',(0.0,-1.89735380184963E-15,-1.0));
#5329=DIRECTION('',(0.0,1.0,0.0));
#5330=DIRECTION('',(0.0,-6.2550125335702E-16,-1.0));
#5331=DIRECTION('',(0.0,1.0,0.0));
#5332=DIRECTION('',(0.0,-1.89735380184963E-15,-1.0));
#5333=DIRECTION('',(0.0,-1.0,9.70927318643735E-16));
#5334=DIRECTION('',(-1.0,0.0,0.0));
#5335=DIRECTION('',(-1.0,0.0,0.0));
#5336=DIRECTION('',(-1.0,0.0,0.0));
#5337=DIRECTION('',(0.0,0.529998940003217,0.847998304005065));
#5338=DIRECTION('',(1.0,0.0,0.0));
#5339=DIRECTION('',(0.0,0.529998940003217,0.847998304005065));
#5340=DIRECTION('',(1.0,0.0,0.0));
#5341=DIRECTION('',(0.0,1.0,0.0));
#5342=DIRECTION('',(1.0,0.0,0.0));
#5343=DIRECTION('',(0.0,1.0,0.0));
#5344=DIRECTION('',(0.0,0.707106781186548,-0.707106781186547));
#5345=DIRECTION('',(1.0,0.0,0.0));
#5346=DIRECTION('',(0.0,0.707106781186548,-0.707106781186547));
#5347=DIRECTION('',(0.0,3.70667409396754E-15,1.0));
#5348=DIRECTION('',(0.0,-1.00389090044954E-15,-1.0));
#5349=DIRECTION('',(0.0,3.70667409396754E-15,1.0));
#5350=DIRECTION('',(0.0,-1.00389090044954E-15,-1.0));
#5351=DIRECTION('',(0.0,3.70667409396754E-15,1.0));
#5352=DIRECTION('',(0.0,3.70667409396754E-15,1.0));
#5353=DIRECTION('',(1.0,0.0,0.0));
#5354=DIRECTION('',(0.0,-6.2550125335702E-16,-1.0));
#5355=DIRECTION('',(0.0,1.0,0.0));
#5356=DIRECTION('',(0.0,-1.89735380184963E-15,-1.0));
#5357=DIRECTION('',(0.0,-1.0,9.70927318643735E-16));
#5358=DIRECTION('',(0.0,-6.2550125335702E-16,-1.0));
#5359=DIRECTION('',(0.0,-1.0,9.70927318643735E-16));
#5360=DIRECTION('',(0.0,-1.89735380184963E-15,-1.0));
#5361=DIRECTION('',(0.0,1.0,0.0));
#5362=DIRECTION('',(1.0,0.0,0.0));
#5363=DIRECTION('',(1.0,0.0,0.0));
#5364=DIRECTION('',(1.0,0.0,0.0));
#5365=DIRECTION('',(0.0,0.0,-1.0));
#5366=DIRECTION('',(-1.0,0.0,0.0));
#5367=DIRECTION('',(0.0,0.0,-1.0));
#5368=DIRECTION('',(-1.0,0.0,0.0));
#5369=CARTESIAN_POINT('',(-1.3,4.04,-0.15));
#5370=DIRECTION('',(1.0,0.0,0.0));
#5371=DIRECTION('',(0.0,0.0,-1.0));
#5372=DIRECTION('',(-1.0,0.0,0.0));
#5373=CARTESIAN_POINT('',(-1.1,4.04,-0.15));
#5374=DIRECTION('',(1.0,0.0,0.0));
#5375=DIRECTION('',(0.0,0.0,-1.0));
#5376=DIRECTION('',(0.0,1.0,9.42784497813485E-16));
#5377=DIRECTION('',(-1.0,0.0,0.0));
#5378=DIRECTION('',(0.0,1.0,9.42784497813485E-16));
#5379=CARTESIAN_POINT('',(-1.3,4.27,-0.2));
#5380=DIRECTION('',(1.0,0.0,0.0));
#5381=DIRECTION('',(0.0,0.0,-1.0));
#5382=DIRECTION('',(-1.0,0.0,0.0));
#5383=CARTESIAN_POINT('',(-1.1,4.27,-0.2));
#5384=DIRECTION('',(1.0,0.0,0.0));
#5385=DIRECTION('',(0.0,0.0,-1.0));
#5386=DIRECTION('',(0.0,0.0,1.0));
#5387=DIRECTION('',(-1.0,0.0,0.0));
#5388=DIRECTION('',(0.0,0.0,1.0));
#5389=CARTESIAN_POINT('',(-1.3,4.27,-0.00999999999999959));
#5390=DIRECTION('',(1.0,0.0,0.0));
#5391=DIRECTION('',(0.0,0.0,-1.0));
#5392=DIRECTION('',(-1.0,0.0,0.0));
#5393=CARTESIAN_POINT('',(-1.1,4.27,-0.00999999999999959));
#5394=DIRECTION('',(1.0,0.0,0.0));
#5395=DIRECTION('',(0.0,0.0,-1.0));
#5396=DIRECTION('',(0.0,-0.791011933983614,0.611800719430358));
#5397=DIRECTION('',(-1.0,0.0,0.0));
#5398=DIRECTION('',(0.0,-0.791011933983614,0.611800719430358));
#5399=CARTESIAN_POINT('',(-1.3,4.23,0.16));
#5400=DIRECTION('',(-1.0,0.0,0.0));
#5401=DIRECTION('',(0.0,0.0,-1.0));
#5402=DIRECTION('',(-1.0,0.0,0.0));
#5403=CARTESIAN_POINT('',(-1.1,4.23,0.16));
#5404=DIRECTION('',(-1.0,0.0,0.0));
#5405=DIRECTION('',(0.0,0.0,-1.0));
#5406=CARTESIAN_POINT('',(-1.1,3.89,0.220000000000001));
#5407=DIRECTION('',(-1.0,0.0,0.0));
#5408=DIRECTION('',(0.0,0.0,-1.0));
#5409=DIRECTION('',(0.0,0.0,1.0));
#5410=DIRECTION('',(0.0,0.0,1.0));
#5411=CARTESIAN_POINT('',(-1.3,3.89,0.220000000000001));
#5412=DIRECTION('',(-1.0,0.0,0.0));
#5413=DIRECTION('',(0.0,0.0,-1.0));
#5414=DIRECTION('',(0.0,-1.0,-3.61400724161835E-16));
#5415=DIRECTION('',(0.0,-1.0,-3.61400724161835E-16));
#5416=DIRECTION('',(-1.0,0.0,0.0));
#5417=DIRECTION('',(0.0,-2.16840434497101E-15,-1.0));
#5418=DIRECTION('',(0.0,-2.16840434497101E-15,-1.0));
#5419=DIRECTION('',(0.0,0.0,-1.0));
#5420=DIRECTION('',(-1.0,0.0,0.0));
#5421=DIRECTION('',(0.0,0.0,-1.0));
#5422=DIRECTION('',(-1.0,0.0,0.0));
#5423=CARTESIAN_POINT('',(-2.5,4.04,-0.15));
#5424=DIRECTION('',(1.0,0.0,0.0));
#5425=DIRECTION('',(0.0,0.0,-1.0));
#5426=DIRECTION('',(-1.0,0.0,0.0));
#5427=CARTESIAN_POINT('',(-2.3,4.04,-0.15));
#5428=DIRECTION('',(1.0,0.0,0.0));
#5429=DIRECTION('',(0.0,0.0,-1.0));
#5430=DIRECTION('',(0.0,1.0,9.42784497813485E-16));
#5431=DIRECTION('',(-1.0,0.0,0.0));
#5432=DIRECTION('',(0.0,1.0,9.42784497813485E-16));
#5433=CARTESIAN_POINT('',(-2.5,4.27,-0.2));
#5434=DIRECTION('',(1.0,0.0,0.0));
#5435=DIRECTION('',(0.0,0.0,-1.0));
#5436=DIRECTION('',(-1.0,0.0,0.0));
#5437=CARTESIAN_POINT('',(-2.3,4.27,-0.2));
#5438=DIRECTION('',(1.0,0.0,0.0));
#5439=DIRECTION('',(0.0,0.0,-1.0));
#5440=DIRECTION('',(0.0,0.0,1.0));
#5441=DIRECTION('',(-1.0,0.0,0.0));
#5442=DIRECTION('',(0.0,0.0,1.0));
#5443=CARTESIAN_POINT('',(-2.5,4.27,-0.00999999999999959));
#5444=DIRECTION('',(1.0,0.0,0.0));
#5445=DIRECTION('',(0.0,0.0,-1.0));
#5446=DIRECTION('',(-1.0,0.0,0.0));
#5447=CARTESIAN_POINT('',(-2.3,4.27,-0.00999999999999959));
#5448=DIRECTION('',(1.0,0.0,0.0));
#5449=DIRECTION('',(0.0,0.0,-1.0));
#5450=DIRECTION('',(0.0,-0.791011933983614,0.611800719430358));
#5451=DIRECTION('',(-1.0,0.0,0.0));
#5452=DIRECTION('',(0.0,-0.791011933983614,0.611800719430358));
#5453=CARTESIAN_POINT('',(-2.5,4.23,0.16));
#5454=DIRECTION('',(-1.0,0.0,0.0));
#5455=DIRECTION('',(0.0,0.0,-1.0));
#5456=DIRECTION('',(-1.0,0.0,0.0));
#5457=CARTESIAN_POINT('',(-2.3,4.23,0.16));
#5458=DIRECTION('',(-1.0,0.0,0.0));
#5459=DIRECTION('',(0.0,0.0,-1.0));
#5460=CARTESIAN_POINT('',(-2.3,3.89,0.220000000000001));
#5461=DIRECTION('',(-1.0,0.0,0.0));
#5462=DIRECTION('',(0.0,0.0,-1.0));
#5463=DIRECTION('',(0.0,0.0,1.0));
#5464=DIRECTION('',(0.0,0.0,1.0));
#5465=CARTESIAN_POINT('',(-2.5,3.89,0.220000000000001));
#5466=DIRECTION('',(-1.0,0.0,0.0));
#5467=DIRECTION('',(0.0,0.0,-1.0));
#5468=DIRECTION('',(0.0,-1.0,-3.61400724161835E-16));
#5469=DIRECTION('',(0.0,-1.0,-3.61400724161835E-16));
#5470=DIRECTION('',(-1.0,0.0,0.0));
#5471=DIRECTION('',(0.0,-2.16840434497101E-15,-1.0));
#5472=DIRECTION('',(0.0,-2.16840434497101E-15,-1.0));
#5473=DIRECTION('',(0.0,0.0,-1.0));
#5474=DIRECTION('',(-1.0,0.0,0.0));
#5475=DIRECTION('',(0.0,0.0,-1.0));
#5476=DIRECTION('',(-1.0,0.0,0.0));
#5477=CARTESIAN_POINT('',(-3.7,4.04,-0.15));
#5478=DIRECTION('',(1.0,0.0,0.0));
#5479=DIRECTION('',(0.0,0.0,-1.0));
#5480=DIRECTION('',(-1.0,0.0,0.0));
#5481=CARTESIAN_POINT('',(-3.5,4.04,-0.15));
#5482=DIRECTION('',(1.0,0.0,0.0));
#5483=DIRECTION('',(0.0,0.0,-1.0));
#5484=DIRECTION('',(0.0,1.0,9.42784497813485E-16));
#5485=DIRECTION('',(-1.0,0.0,0.0));
#5486=DIRECTION('',(0.0,1.0,9.42784497813485E-16));
#5487=CARTESIAN_POINT('',(-3.7,4.27,-0.2));
#5488=DIRECTION('',(1.0,0.0,0.0));
#5489=DIRECTION('',(0.0,0.0,-1.0));
#5490=DIRECTION('',(-1.0,0.0,0.0));
#5491=CARTESIAN_POINT('',(-3.5,4.27,-0.2));
#5492=DIRECTION('',(1.0,0.0,0.0));
#5493=DIRECTION('',(0.0,0.0,-1.0));
#5494=DIRECTION('',(0.0,0.0,1.0));
#5495=DIRECTION('',(-1.0,0.0,0.0));
#5496=DIRECTION('',(0.0,0.0,1.0));
#5497=CARTESIAN_POINT('',(-3.7,4.27,-0.00999999999999959));
#5498=DIRECTION('',(1.0,0.0,0.0));
#5499=DIRECTION('',(0.0,0.0,-1.0));
#5500=DIRECTION('',(-1.0,0.0,0.0));
#5501=CARTESIAN_POINT('',(-3.5,4.27,-0.00999999999999959));
#5502=DIRECTION('',(1.0,0.0,0.0));
#5503=DIRECTION('',(0.0,0.0,-1.0));
#5504=DIRECTION('',(0.0,-0.791011933983614,0.611800719430358));
#5505=DIRECTION('',(-1.0,0.0,0.0));
#5506=DIRECTION('',(0.0,-0.791011933983614,0.611800719430358));
#5507=CARTESIAN_POINT('',(-3.7,4.23,0.16));
#5508=DIRECTION('',(-1.0,0.0,0.0));
#5509=DIRECTION('',(0.0,0.0,-1.0));
#5510=DIRECTION('',(-1.0,0.0,0.0));
#5511=CARTESIAN_POINT('',(-3.5,4.23,0.16));
#5512=DIRECTION('',(-1.0,0.0,0.0));
#5513=DIRECTION('',(0.0,0.0,-1.0));
#5514=CARTESIAN_POINT('',(-3.5,3.89,0.220000000000001));
#5515=DIRECTION('',(-1.0,0.0,0.0));
#5516=DIRECTION('',(0.0,0.0,-1.0));
#5517=DIRECTION('',(0.0,0.0,1.0));
#5518=DIRECTION('',(0.0,0.0,1.0));
#5519=CARTESIAN_POINT('',(-3.7,3.89,0.220000000000001));
#5520=DIRECTION('',(-1.0,0.0,0.0));
#5521=DIRECTION('',(0.0,0.0,-1.0));
#5522=DIRECTION('',(0.0,-1.0,-3.61400724161835E-16));
#5523=DIRECTION('',(0.0,-1.0,-3.61400724161835E-16));
#5524=DIRECTION('',(-1.0,0.0,0.0));
#5525=DIRECTION('',(0.0,-2.16840434497101E-15,-1.0));
#5526=DIRECTION('',(0.0,-2.16840434497101E-15,-1.0));
#5527=DIRECTION('',(-0.577350269189627,-0.577350269189625,0.577350269189626));
#5528=DIRECTION('',(-0.577350269189626,0.577350269189625,-0.577350269189626));
#5529=DIRECTION('',(0.563438436971056,-0.604213749832976,0.563438436971056));
#5530=DIRECTION('',(0.563438436971056,-0.604213749832976,0.563438436971056));
#5531=DIRECTION('',(0.577350269189626,0.577350269189626,0.577350269189626));
#5532=DIRECTION('',(-0.577350269189625,0.577350269189626,0.577350269189626));
#5533=DIRECTION('',(-0.563438436971056,-0.604213749832975,0.563438436971057));
#5534=DIRECTION('',(-0.563438436971056,-0.604213749832975,0.563438436971057));
#5535=DIRECTION('',(0.0,0.0,-1.0));
#5536=DIRECTION('',(-0.447213595499957,0.894427190999916,0.0));
#5537=DIRECTION('',(0.0,0.0,-1.0));
#5538=DIRECTION('',(0.0,0.0,-1.0));
#5539=DIRECTION('',(-0.447213595499958,-0.894427190999916,0.0));
#5540=DIRECTION('',(1.0,0.0,0.0));
#5541=PRESENTATION_LAYER_ASSIGNMENT('1','Layer 1',(#25));
ENDSEC;
END-ISO-10303-21;
