#VRML V2.0 utf8

Shape {
  appearance Appearance {
    material Material {
      diffuseColor 0.8510 0.8510 0.8510
      specularColor 0.4235 0.4235 0.4235
      ambientIntensity 0.2
      transparency 0.0000
      shininess 0.5
    }
  }
  geometry IndexedFaceSet {
    ccw TRUE
    solid FALSE
    coord DEF co Coordinate {
      point [
        -1.515748 0.169291 0.334646,
        -2.174351 0.169291 0.334646,
        -1.515748 0.228346 0.334646,
        -2.174351 0.228346 0.334646,
        -1.515748 0.771654 0.334646,
        -2.174351 0.771654 0.334646,
        -1.515748 0.830709 0.334646,
        -2.174351 0.830709 0.334646,
        -1.043307 0.576333 0.079410,
        -1.043307 0.517278 0.079410,
        -1.043307 0.576333 -0.086923,
        -1.043307 0.517278 -0.086923,
        -1.043307 0.579661 -0.112199,
        -1.043307 0.522618 -0.127484,
        -1.043307 0.589417 -0.135753,
        -1.043307 0.538274 -0.165281,
        -1.043307 0.604937 -0.155979,
        -1.043307 0.563179 -0.197737,
        -1.043307 0.625163 -0.171499,
        -1.043307 0.595635 -0.222643,
        -1.043307 0.648717 -0.181256,
        -1.043307 0.633432 -0.238298,
        -1.043307 0.673993 -0.184583,
        -1.043307 0.673993 -0.243639,
        -1.043307 0.699270 -0.181256,
        -1.043307 0.714554 -0.238298,
        -1.043307 0.722823 -0.171499,
        -1.043307 0.752351 -0.222643,
        -1.043307 0.743050 -0.155979,
        -1.043307 0.784808 -0.197737,
        -1.043307 0.758570 -0.135753,
        -1.043307 0.809713 -0.165281,
        -1.043307 0.768326 -0.112199,
        -1.043307 0.825369 -0.127484,
        -1.043307 0.771654 -0.086923,
        -1.043307 0.830709 -0.086923,
        -1.043307 0.771654 0.526604,
        -1.043307 0.830709 0.526604,
        -1.043307 0.228346 0.526604,
        -1.043307 0.169291 0.526604,
        -1.043307 0.228346 -0.086923,
        -1.043307 0.169291 -0.086923,
        -1.043307 0.231674 -0.112199,
        -1.043307 0.174631 -0.127484,
        -1.043307 0.241430 -0.135753,
        -1.043307 0.190287 -0.165281,
        -1.043307 0.256950 -0.155979,
        -1.043307 0.215192 -0.197737,
        -1.043307 0.277177 -0.171499,
        -1.043307 0.247649 -0.222643,
        -1.043307 0.300730 -0.181256,
        -1.043307 0.285446 -0.238298,
        -1.043307 0.326007 -0.184583,
        -1.043307 0.326007 -0.243639,
        -1.043307 0.351283 -0.181256,
        -1.043307 0.366568 -0.238298,
        -1.043307 0.374837 -0.171499,
        -1.043307 0.404365 -0.222643,
        -1.043307 0.395063 -0.155979,
        -1.043307 0.436821 -0.197737,
        -1.043307 0.410583 -0.135753,
        -1.043307 0.461726 -0.165281,
        -1.043307 0.420339 -0.112199,
        -1.043307 0.477382 -0.127484,
        -1.043307 0.423667 -0.086923,
        -1.043307 0.482722 -0.086923,
        -1.043307 0.423667 0.079410,
        -1.043307 0.482722 0.079410,
        -2.174351 0.519685 0.059055,
        -2.465187 0.519685 0.059055,
        -2.174351 0.519685 0.000000,
        -2.465187 0.519685 0.000000,
        -2.704185 0.480315 0.000000,
        -2.913386 0.480315 0.000000,
        -2.704185 0.480315 0.059055,
        -2.913386 0.480315 0.059055,
        -2.913386 0.771654 0.610236,
        -2.913386 0.830709 0.610236,
        -2.913386 0.771654 0.098425,
        -2.913386 0.830709 0.098425,
        -2.913386 0.770312 0.088235,
        -2.913386 0.827355 0.072951,
        -2.913386 0.766379 0.078740,
        -2.913386 0.817522 0.049213,
        -2.913386 0.760122 0.070586,
        -2.913386 0.801881 0.028828,
        -2.913386 0.751969 0.064330,
        -2.913386 0.781496 0.013187,
        -2.913386 0.742473 0.060396,
        -2.913386 0.757758 0.003354,
        -2.913386 0.732283 0.059055,
        -2.913386 0.732283 -0.000000,
        -2.913386 0.519685 0.059055,
        -2.913386 0.519685 0.000000,
        -2.913386 0.267717 0.059055,
        -2.913386 0.267717 0.000000,
        -2.913386 0.257527 0.060396,
        -2.913386 0.242242 0.003354,
        -2.913386 0.248031 0.064330,
        -2.913386 0.218504 0.013187,
        -2.913386 0.239878 0.070586,
        -2.913386 0.198119 0.028828,
        -2.913386 0.233621 0.078740,
        -2.913386 0.182478 0.049213,
        -2.913386 0.229688 0.088235,
        -2.913386 0.172645 0.072951,
        -2.913386 0.228346 0.098425,
        -2.913386 0.169291 0.098425,
        -2.913386 0.228346 0.610236,
        -2.913386 0.169291 0.610236,
        -2.174351 0.267717 0.059055,
        -2.490759 0.424850 0.059055,
        -2.512961 0.403630 0.059055,
        -2.174351 0.480315 0.059055,
        -2.465546 0.480315 0.059055,
        -2.474607 0.450971 0.059055,
        -2.539786 0.388678 0.059055,
        -2.569510 0.380953 0.059055,
        -2.600221 0.380953 0.059055,
        -2.629945 0.388678 0.059055,
        -2.656770 0.403630 0.059055,
        -2.695123 0.450971 0.059055,
        -2.678972 0.424850 0.059055,
        -2.174351 0.257527 0.060396,
        -2.174351 0.248031 0.064330,
        -2.174351 0.239878 0.070586,
        -2.174351 0.233621 0.078740,
        -2.174351 0.229688 0.088235,
        -2.174351 0.228346 0.098425,
        -1.515748 0.228346 -0.086923,
        -1.517607 0.228346 0.610236,
        -2.202847 0.228346 0.610236,
        -1.517607 0.229688 0.620426,
        -2.202847 0.229688 0.620426,
        -1.517607 0.233621 0.629921,
        -2.202847 0.233621 0.629921,
        -1.517607 0.239878 0.638075,
        -2.202847 0.239878 0.638075,
        -1.517607 0.248031 0.644332,
        -2.202847 0.248031 0.644332,
        -1.517607 0.257527 0.648265,
        -2.202847 0.257527 0.648265,
        -1.517607 0.267717 0.649606,
        -2.202847 0.267717 0.649606,
        -1.517607 0.732283 0.649606,
        -2.202847 0.732283 0.649606,
        -1.517607 0.742473 0.648265,
        -2.202847 0.742473 0.648265,
        -1.517607 0.751969 0.644332,
        -2.202847 0.751969 0.644332,
        -1.517607 0.760122 0.638075,
        -2.202847 0.760122 0.638075,
        -1.517607 0.766379 0.629921,
        -2.202847 0.766379 0.629921,
        -1.517607 0.770312 0.620426,
        -2.202847 0.770312 0.620426,
        -1.517607 0.771654 0.610236,
        -2.202847 0.771654 0.610236,
        -1.515748 0.771654 -0.086923,
        -2.174351 0.771654 0.098425,
        -2.174351 0.770312 0.088235,
        -2.174351 0.766379 0.078740,
        -2.174351 0.760122 0.070586,
        -2.174351 0.751969 0.064330,
        -2.174351 0.742473 0.060396,
        -2.174351 0.732283 0.059055,
        -2.473872 0.549558 0.059055,
        -2.489880 0.576233 0.059055,
        -2.512155 0.597950 0.059055,
        -2.704544 0.519685 0.059055,
        -2.695859 0.549558 0.059055,
        -2.679851 0.576233 0.059055,
        -2.657576 0.597950 0.059055,
        -2.630504 0.613277 0.059055,
        -2.600420 0.621202 0.059055,
        -2.569311 0.621202 0.059055,
        -2.539227 0.613277 0.059055,
        -2.704544 0.519685 0.000000,
        -2.489880 0.576233 -0.000000,
        -2.512155 0.597950 -0.000000,
        -2.174351 0.732283 -0.000000,
        -2.473872 0.549558 -0.000000,
        -2.630504 0.613277 -0.000000,
        -2.657576 0.597950 -0.000000,
        -2.695859 0.549558 -0.000000,
        -2.679851 0.576233 -0.000000,
        -2.539227 0.613277 -0.000000,
        -2.569311 0.621202 -0.000000,
        -2.600420 0.621202 -0.000000,
        -2.174351 0.757758 0.003354,
        -2.174351 0.781496 0.013187,
        -2.174351 0.801881 0.028828,
        -2.174351 0.817522 0.049213,
        -2.174351 0.827355 0.072951,
        -2.174351 0.830709 0.098425,
        -1.515748 0.830709 -0.086923,
        -1.517607 0.830709 0.610236,
        -2.202847 0.830709 0.610236,
        -2.202847 0.827355 0.635711,
        -1.517607 0.827355 0.635711,
        -2.202847 0.817522 0.659449,
        -1.517607 0.817522 0.659449,
        -2.202847 0.801881 0.679833,
        -1.517607 0.801881 0.679833,
        -2.202847 0.781496 0.695475,
        -1.517607 0.781496 0.695475,
        -2.202847 0.757758 0.705307,
        -1.517607 0.757758 0.705307,
        -2.202847 0.732283 0.708661,
        -1.517607 0.732283 0.708661,
        -2.202847 0.267717 0.708661,
        -1.517607 0.267717 0.708661,
        -2.202847 0.242242 0.705307,
        -1.517607 0.242242 0.705307,
        -2.202847 0.218504 0.695475,
        -1.517607 0.218504 0.695475,
        -2.202847 0.198119 0.679833,
        -1.517607 0.198119 0.679833,
        -2.202847 0.182478 0.659449,
        -1.517607 0.182478 0.659449,
        -2.202847 0.172645 0.635711,
        -1.517607 0.172645 0.635711,
        -2.202847 0.169291 0.610236,
        -1.517607 0.169291 0.610236,
        -1.515748 0.169291 -0.086923,
        -2.174351 0.169291 0.098425,
        -2.174351 0.172645 0.072951,
        -2.174351 0.182478 0.049213,
        -2.174351 0.198119 0.028828,
        -2.174351 0.218504 0.013187,
        -2.174351 0.242242 0.003354,
        -2.174351 0.267717 0.000000,
        -2.629945 0.388678 -0.000000,
        -2.656770 0.403630 -0.000000,
        -2.678972 0.424850 -0.000000,
        -2.695123 0.450971 -0.000000,
        -2.600221 0.380953 -0.000000,
        -2.569510 0.380953 -0.000000,
        -2.539786 0.388678 -0.000000,
        -2.512961 0.403630 -0.000000,
        -2.465546 0.480315 0.000000,
        -2.174351 0.480315 0.000000,
        -2.474607 0.450971 -0.000000,
        -2.490759 0.424850 -0.000000,
        -1.515748 0.576333 -0.086923,
        -1.515748 0.576333 0.079410,
        -1.515748 0.579661 -0.112199,
        -1.515748 0.589417 -0.135753,
        -1.515748 0.604937 -0.155979,
        -1.515748 0.625163 -0.171499,
        -1.515748 0.648717 -0.181256,
        -1.515748 0.673993 -0.184583,
        -1.515748 0.699270 -0.181256,
        -1.515748 0.722823 -0.171499,
        -1.515748 0.743050 -0.155979,
        -1.515748 0.758570 -0.135753,
        -1.515748 0.768326 -0.112199,
        -1.515748 0.825369 -0.127484,
        -1.515748 0.809713 -0.165281,
        -1.515748 0.784808 -0.197737,
        -1.515748 0.752351 -0.222643,
        -1.515748 0.714554 -0.238298,
        -1.515748 0.673993 -0.243639,
        -1.515748 0.633432 -0.238298,
        -1.515748 0.595635 -0.222643,
        -1.515748 0.563179 -0.197737,
        -1.515748 0.538274 -0.165281,
        -1.515748 0.522618 -0.127484,
        -1.515748 0.517278 -0.086923,
        -1.515748 0.517278 0.079410,
        -1.515748 0.482722 -0.086923,
        -1.515748 0.482722 0.079410,
        -1.515748 0.477382 -0.127484,
        -1.515748 0.461726 -0.165281,
        -1.515748 0.436821 -0.197737,
        -1.515748 0.404365 -0.222643,
        -1.515748 0.366568 -0.238298,
        -1.515748 0.326007 -0.243639,
        -1.515748 0.285446 -0.238298,
        -1.515748 0.247649 -0.222643,
        -1.515748 0.215192 -0.197737,
        -1.515748 0.190287 -0.165281,
        -1.515748 0.174631 -0.127484,
        -1.515748 0.231674 -0.112199,
        -1.515748 0.241430 -0.135753,
        -1.515748 0.256950 -0.155979,
        -1.515748 0.277177 -0.171499,
        -1.515748 0.300730 -0.181256,
        -1.515748 0.326007 -0.184583,
        -1.515748 0.351283 -0.181256,
        -1.515748 0.374837 -0.171499,
        -1.515748 0.395063 -0.155979,
        -1.515748 0.410583 -0.135753,
        -1.515748 0.420339 -0.112199,
        -1.515748 0.423667 -0.086923,
        -1.515748 0.423667 0.079410,
        1.515748 -0.169291 0.334646,
        2.174351 -0.169291 0.334646,
        1.515748 -0.228346 0.334646,
        2.174351 -0.228346 0.334646,
        1.515748 -0.771654 0.334646,
        2.174351 -0.771654 0.334646,
        1.515748 -0.830709 0.334646,
        2.174351 -0.830709 0.334646,
        1.043307 -0.576333 0.079410,
        1.043307 -0.517278 0.079410,
        1.043307 -0.576333 -0.086923,
        1.043307 -0.517278 -0.086923,
        1.043307 -0.579661 -0.112199,
        1.043307 -0.522618 -0.127484,
        1.043307 -0.589417 -0.135753,
        1.043307 -0.538274 -0.165281,
        1.043307 -0.604937 -0.155979,
        1.043307 -0.563179 -0.197737,
        1.043307 -0.625163 -0.171499,
        1.043307 -0.595635 -0.222643,
        1.043307 -0.648717 -0.181256,
        1.043307 -0.633432 -0.238298,
        1.043307 -0.673993 -0.184583,
        1.043307 -0.673993 -0.243639,
        1.043307 -0.699270 -0.181256,
        1.043307 -0.714554 -0.238298,
        1.043307 -0.722823 -0.171499,
        1.043307 -0.752351 -0.222643,
        1.043307 -0.743050 -0.155979,
        1.043307 -0.784808 -0.197737,
        1.043307 -0.758570 -0.135753,
        1.043307 -0.809713 -0.165281,
        1.043307 -0.768326 -0.112199,
        1.043307 -0.825369 -0.127484,
        1.043307 -0.771654 -0.086923,
        1.043307 -0.830709 -0.086923,
        1.043307 -0.771654 0.526604,
        1.043307 -0.830709 0.526604,
        1.043307 -0.228346 0.526604,
        1.043307 -0.169291 0.526604,
        1.043307 -0.228346 -0.086923,
        1.043307 -0.169291 -0.086923,
        1.043307 -0.231674 -0.112199,
        1.043307 -0.174631 -0.127484,
        1.043307 -0.241430 -0.135753,
        1.043307 -0.190287 -0.165281,
        1.043307 -0.256950 -0.155979,
        1.043307 -0.215192 -0.197737,
        1.043307 -0.277177 -0.171499,
        1.043307 -0.247649 -0.222643,
        1.043307 -0.300730 -0.181256,
        1.043307 -0.285446 -0.238298,
        1.043307 -0.326007 -0.184583,
        1.043307 -0.326007 -0.243639,
        1.043307 -0.351283 -0.181256,
        1.043307 -0.366568 -0.238298,
        1.043307 -0.374837 -0.171499,
        1.043307 -0.404365 -0.222643,
        1.043307 -0.395063 -0.155979,
        1.043307 -0.436821 -0.197737,
        1.043307 -0.410583 -0.135753,
        1.043307 -0.461726 -0.165281,
        1.043307 -0.420339 -0.112199,
        1.043307 -0.477382 -0.127484,
        1.043307 -0.423667 -0.086923,
        1.043307 -0.482722 -0.086923,
        1.043307 -0.423667 0.079410,
        1.043307 -0.482722 0.079410,
        2.174351 -0.519685 0.059055,
        2.465187 -0.519685 0.059055,
        2.174351 -0.519685 0.000000,
        2.465187 -0.519685 0.000000,
        2.704185 -0.480315 0.000000,
        2.913386 -0.480315 0.000000,
        2.704185 -0.480315 0.059055,
        2.913386 -0.480315 0.059055,
        2.913386 -0.771654 0.610236,
        2.913386 -0.830709 0.610236,
        2.913386 -0.771654 0.098425,
        2.913386 -0.830709 0.098425,
        2.913386 -0.770312 0.088235,
        2.913386 -0.827355 0.072951,
        2.913386 -0.766379 0.078740,
        2.913386 -0.817522 0.049213,
        2.913386 -0.760122 0.070586,
        2.913386 -0.801881 0.028828,
        2.913386 -0.751969 0.064330,
        2.913386 -0.781496 0.013187,
        2.913386 -0.742473 0.060396,
        2.913386 -0.757758 0.003354,
        2.913386 -0.732283 0.059055,
        2.913386 -0.732283 -0.000000,
        2.913386 -0.519685 0.059055,
        2.913386 -0.519685 0.000000,
        2.913386 -0.267717 0.059055,
        2.913386 -0.267717 0.000000,
        2.913386 -0.257527 0.060396,
        2.913386 -0.242242 0.003354,
        2.913386 -0.248031 0.064330,
        2.913386 -0.218504 0.013187,
        2.913386 -0.239878 0.070586,
        2.913386 -0.198119 0.028828,
        2.913386 -0.233621 0.078740,
        2.913386 -0.182478 0.049213,
        2.913386 -0.229688 0.088235,
        2.913386 -0.172645 0.072951,
        2.913386 -0.228346 0.098425,
        2.913386 -0.169291 0.098425,
        2.913386 -0.228346 0.610236,
        2.913386 -0.169291 0.610236,
        2.174351 -0.267717 0.059055,
        2.490759 -0.424850 0.059055,
        2.512961 -0.403630 0.059055,
        2.539786 -0.388678 0.059055,
        2.569510 -0.380953 0.059055,
        2.600221 -0.380953 0.059055,
        2.629945 -0.388678 0.059055,
        2.656770 -0.403630 0.059055,
        2.174351 -0.480315 0.059055,
        2.465546 -0.480315 0.059055,
        2.474607 -0.450971 0.059055,
        2.695123 -0.450971 0.059055,
        2.678972 -0.424850 0.059055,
        2.174351 -0.257527 0.060396,
        2.174351 -0.248031 0.064330,
        2.174351 -0.239878 0.070586,
        2.174351 -0.233621 0.078740,
        2.174351 -0.229688 0.088235,
        2.174351 -0.228346 0.098425,
        1.515748 -0.228346 -0.086923,
        1.517607 -0.228346 0.610236,
        2.202847 -0.228346 0.610236,
        1.517607 -0.229688 0.620426,
        2.202847 -0.229688 0.620426,
        1.517607 -0.233621 0.629921,
        2.202847 -0.233621 0.629921,
        1.517607 -0.239878 0.638075,
        2.202847 -0.239878 0.638075,
        1.517607 -0.248031 0.644332,
        2.202847 -0.248031 0.644332,
        1.517607 -0.257527 0.648265,
        2.202847 -0.257527 0.648265,
        1.517607 -0.267717 0.649606,
        2.202847 -0.267717 0.649606,
        1.517607 -0.732283 0.649606,
        2.202847 -0.732283 0.649606,
        1.517607 -0.742473 0.648265,
        2.202847 -0.742473 0.648265,
        1.517607 -0.751969 0.644332,
        2.202847 -0.751969 0.644332,
        1.517607 -0.760122 0.638075,
        2.202847 -0.760122 0.638075,
        1.517607 -0.766379 0.629921,
        2.202847 -0.766379 0.629921,
        1.517607 -0.770312 0.620426,
        2.202847 -0.770312 0.620426,
        1.517607 -0.771654 0.610236,
        2.202847 -0.771654 0.610236,
        1.515748 -0.771654 -0.086923,
        2.174351 -0.771654 0.098425,
        2.174351 -0.770312 0.088235,
        2.174351 -0.766379 0.078740,
        2.174351 -0.760122 0.070586,
        2.174351 -0.751969 0.064330,
        2.174351 -0.742473 0.060396,
        2.174351 -0.732283 0.059055,
        2.473872 -0.549558 0.059055,
        2.489880 -0.576233 0.059055,
        2.512155 -0.597950 0.059055,
        2.704544 -0.519685 0.059055,
        2.695859 -0.549558 0.059055,
        2.679851 -0.576233 0.059055,
        2.657576 -0.597950 0.059055,
        2.630504 -0.613277 0.059055,
        2.600420 -0.621202 0.059055,
        2.569311 -0.621202 0.059055,
        2.539227 -0.613277 0.059055,
        2.704544 -0.519685 0.000000,
        2.489880 -0.576233 -0.000000,
        2.512155 -0.597950 -0.000000,
        2.174351 -0.732283 -0.000000,
        2.473872 -0.549558 -0.000000,
        2.630504 -0.613277 -0.000000,
        2.657576 -0.597950 -0.000000,
        2.695859 -0.549558 -0.000000,
        2.679851 -0.576233 -0.000000,
        2.539227 -0.613277 -0.000000,
        2.569311 -0.621202 -0.000000,
        2.600420 -0.621202 -0.000000,
        2.174351 -0.757758 0.003354,
        2.174351 -0.781496 0.013187,
        2.174351 -0.801881 0.028828,
        2.174351 -0.817522 0.049213,
        2.174351 -0.827355 0.072951,
        2.174351 -0.830709 0.098425,
        1.515748 -0.830709 -0.086923,
        1.517607 -0.830709 0.610236,
        2.202847 -0.830709 0.610236,
        2.202847 -0.827355 0.635711,
        1.517607 -0.827355 0.635711,
        2.202847 -0.817522 0.659449,
        1.517607 -0.817522 0.659449,
        2.202847 -0.801881 0.679833,
        1.517607 -0.801881 0.679833,
        2.202847 -0.781496 0.695475,
        1.517607 -0.781496 0.695475,
        2.202847 -0.757758 0.705307,
        1.517607 -0.757758 0.705307,
        2.202847 -0.732283 0.708661,
        1.517607 -0.732283 0.708661,
        2.202847 -0.267717 0.708661,
        1.517607 -0.267717 0.708661,
        2.202847 -0.242242 0.705307,
        1.517607 -0.242242 0.705307,
        2.202847 -0.218504 0.695475,
        1.517607 -0.218504 0.695475,
        2.202847 -0.198119 0.679833,
        1.517607 -0.198119 0.679833,
        2.202847 -0.182478 0.659449,
        1.517607 -0.182478 0.659449,
        2.202847 -0.172645 0.635711,
        1.517607 -0.172645 0.635711,
        2.202847 -0.169291 0.610236,
        1.517607 -0.169291 0.610236,
        1.515748 -0.169291 -0.086923,
        2.174351 -0.169291 0.098425,
        2.174351 -0.172645 0.072951,
        2.174351 -0.182478 0.049213,
        2.174351 -0.198119 0.028828,
        2.174351 -0.218504 0.013187,
        2.174351 -0.242242 0.003354,
        2.174351 -0.267717 0.000000,
        2.695123 -0.450971 -0.000000,
        2.629945 -0.388678 -0.000000,
        2.600221 -0.380953 -0.000000,
        2.569510 -0.380953 -0.000000,
        2.539786 -0.388678 -0.000000,
        2.512961 -0.403630 -0.000000,
        2.678972 -0.424850 -0.000000,
        2.656770 -0.403630 -0.000000,
        2.465546 -0.480315 0.000000,
        2.174351 -0.480315 0.000000,
        2.474607 -0.450971 -0.000000,
        2.490759 -0.424850 -0.000000,
        1.515748 -0.576333 -0.086923,
        1.515748 -0.576333 0.079410,
        1.515748 -0.579661 -0.112199,
        1.515748 -0.589417 -0.135753,
        1.515748 -0.604937 -0.155979,
        1.515748 -0.625163 -0.171499,
        1.515748 -0.648717 -0.181256,
        1.515748 -0.673993 -0.184583,
        1.515748 -0.699270 -0.181256,
        1.515748 -0.722823 -0.171499,
        1.515748 -0.743050 -0.155979,
        1.515748 -0.758570 -0.135753,
        1.515748 -0.768326 -0.112199,
        1.515748 -0.825369 -0.127484,
        1.515748 -0.809713 -0.165281,
        1.515748 -0.784808 -0.197737,
        1.515748 -0.752351 -0.222643,
        1.515748 -0.714554 -0.238298,
        1.515748 -0.673993 -0.243639,
        1.515748 -0.633432 -0.238298,
        1.515748 -0.595635 -0.222643,
        1.515748 -0.563179 -0.197737,
        1.515748 -0.538274 -0.165281,
        1.515748 -0.522618 -0.127484,
        1.515748 -0.517278 -0.086923,
        1.515748 -0.517278 0.079410,
        1.515748 -0.482722 -0.086923,
        1.515748 -0.482722 0.079410,
        1.515748 -0.477382 -0.127484,
        1.515748 -0.461726 -0.165281,
        1.515748 -0.436821 -0.197737,
        1.515748 -0.404365 -0.222643,
        1.515748 -0.366568 -0.238298,
        1.515748 -0.326007 -0.243639,
        1.515748 -0.285446 -0.238298,
        1.515748 -0.247649 -0.222643,
        1.515748 -0.215192 -0.197737,
        1.515748 -0.190287 -0.165281,
        1.515748 -0.174631 -0.127484,
        1.515748 -0.231674 -0.112199,
        1.515748 -0.241430 -0.135753,
        1.515748 -0.256950 -0.155979,
        1.515748 -0.277177 -0.171499,
        1.515748 -0.300730 -0.181256,
        1.515748 -0.326007 -0.184583,
        1.515748 -0.351283 -0.181256,
        1.515748 -0.374837 -0.171499,
        1.515748 -0.395063 -0.155979,
        1.515748 -0.410583 -0.135753,
        1.515748 -0.420339 -0.112199,
        1.515748 -0.423667 -0.086923,
        1.515748 -0.423667 0.079410,
      ]
    }
    coordIndex [
      0, 1, 2, -1,
      2, 1, 3, -1,
      4, 5, 6, -1,
      6, 5, 7, -1,
      8, 9, 10, -1,
      10, 9, 11, -1,
      10, 11, 12, -1,
      12, 11, 13, -1,
      12, 13, 14, -1,
      14, 13, 15, -1,
      14, 15, 16, -1,
      16, 15, 17, -1,
      16, 17, 18, -1,
      18, 17, 19, -1,
      18, 19, 20, -1,
      20, 19, 21, -1,
      20, 21, 22, -1,
      22, 21, 23, -1,
      22, 23, 24, -1,
      24, 23, 25, -1,
      24, 25, 26, -1,
      26, 25, 27, -1,
      26, 27, 28, -1,
      28, 27, 29, -1,
      28, 29, 30, -1,
      30, 29, 31, -1,
      30, 31, 32, -1,
      32, 31, 33, -1,
      32, 33, 34, -1,
      34, 33, 35, -1,
      34, 35, 36, -1,
      36, 35, 37, -1,
      38, 39, 40, -1,
      40, 39, 41, -1,
      40, 41, 42, -1,
      42, 41, 43, -1,
      42, 43, 44, -1,
      44, 43, 45, -1,
      44, 45, 46, -1,
      46, 45, 47, -1,
      46, 47, 48, -1,
      48, 47, 49, -1,
      48, 49, 50, -1,
      50, 49, 51, -1,
      50, 51, 52, -1,
      52, 51, 53, -1,
      52, 53, 54, -1,
      54, 53, 55, -1,
      54, 55, 56, -1,
      56, 55, 57, -1,
      56, 57, 58, -1,
      58, 57, 59, -1,
      58, 59, 60, -1,
      60, 59, 61, -1,
      60, 61, 62, -1,
      62, 61, 63, -1,
      62, 63, 64, -1,
      64, 63, 65, -1,
      64, 65, 66, -1,
      66, 65, 67, -1,
      68, 69, 70, -1,
      70, 69, 71, -1,
      72, 73, 74, -1,
      74, 73, 75, -1,
      76, 77, 78, -1,
      78, 77, 79, -1,
      78, 79, 80, -1,
      80, 79, 81, -1,
      80, 81, 82, -1,
      82, 81, 83, -1,
      82, 83, 84, -1,
      84, 83, 85, -1,
      84, 85, 86, -1,
      86, 85, 87, -1,
      86, 87, 88, -1,
      88, 87, 89, -1,
      88, 89, 90, -1,
      90, 89, 91, -1,
      90, 91, 92, -1,
      92, 91, 93, -1,
      75, 73, 94, -1,
      94, 73, 95, -1,
      94, 95, 96, -1,
      96, 95, 97, -1,
      96, 97, 98, -1,
      98, 97, 99, -1,
      98, 99, 100, -1,
      100, 99, 101, -1,
      100, 101, 102, -1,
      102, 101, 103, -1,
      102, 103, 104, -1,
      104, 103, 105, -1,
      104, 105, 106, -1,
      106, 105, 107, -1,
      106, 107, 108, -1,
      108, 107, 109, -1,
      110, 111, 112, -1,
      113, 114, 110, -1,
      110, 114, 115, -1,
      110, 115, 111, -1,
      112, 116, 110, -1,
      110, 116, 117, -1,
      110, 117, 94, -1,
      117, 118, 94, -1,
      94, 118, 119, -1,
      94, 119, 120, -1,
      74, 75, 121, -1,
      121, 75, 94, -1,
      121, 94, 122, -1,
      122, 94, 120, -1,
      110, 94, 123, -1,
      123, 94, 96, -1,
      123, 96, 124, -1,
      124, 96, 98, -1,
      124, 98, 125, -1,
      125, 98, 100, -1,
      125, 100, 126, -1,
      126, 100, 102, -1,
      126, 102, 127, -1,
      127, 102, 104, -1,
      127, 104, 128, -1,
      128, 104, 106, -1,
      128, 106, 3, -1,
      3, 106, 108, -1,
      40, 129, 38, -1,
      38, 129, 2, -1,
      38, 2, 130, -1,
      130, 2, 3, -1,
      130, 3, 131, -1,
      131, 3, 108, -1,
      130, 131, 132, -1,
      132, 131, 133, -1,
      132, 133, 134, -1,
      134, 133, 135, -1,
      134, 135, 136, -1,
      136, 135, 137, -1,
      136, 137, 138, -1,
      138, 137, 139, -1,
      138, 139, 140, -1,
      140, 139, 141, -1,
      140, 141, 142, -1,
      142, 141, 143, -1,
      144, 142, 145, -1,
      145, 142, 143, -1,
      144, 145, 146, -1,
      146, 145, 147, -1,
      146, 147, 148, -1,
      148, 147, 149, -1,
      148, 149, 150, -1,
      150, 149, 151, -1,
      150, 151, 152, -1,
      152, 151, 153, -1,
      152, 153, 154, -1,
      154, 153, 155, -1,
      154, 155, 156, -1,
      156, 155, 157, -1,
      4, 158, 34, -1,
      78, 159, 76, -1,
      76, 159, 5, -1,
      34, 36, 4, -1,
      4, 36, 156, -1,
      4, 156, 5, -1,
      5, 156, 157, -1,
      5, 157, 76, -1,
      159, 78, 160, -1,
      160, 78, 80, -1,
      160, 80, 161, -1,
      161, 80, 82, -1,
      161, 82, 162, -1,
      162, 82, 84, -1,
      162, 84, 163, -1,
      163, 84, 86, -1,
      163, 86, 164, -1,
      164, 86, 88, -1,
      164, 88, 165, -1,
      165, 88, 90, -1,
      69, 68, 166, -1,
      166, 68, 165, -1,
      166, 165, 167, -1,
      167, 165, 168, -1,
      92, 169, 90, -1,
      90, 169, 170, -1,
      170, 171, 90, -1,
      90, 171, 172, -1,
      90, 172, 173, -1,
      173, 174, 90, -1,
      90, 174, 175, -1,
      90, 175, 165, -1,
      165, 175, 176, -1,
      165, 176, 168, -1,
      169, 92, 177, -1,
      177, 92, 93, -1,
      178, 179, 180, -1,
      70, 71, 180, -1,
      180, 71, 181, -1,
      180, 181, 178, -1,
      91, 182, 183, -1,
      177, 93, 184, -1,
      184, 93, 91, -1,
      184, 91, 185, -1,
      185, 91, 183, -1,
      179, 186, 180, -1,
      180, 186, 187, -1,
      180, 187, 91, -1,
      91, 187, 188, -1,
      91, 188, 182, -1,
      180, 91, 89, -1,
      180, 89, 189, -1,
      189, 89, 87, -1,
      189, 87, 190, -1,
      190, 87, 85, -1,
      190, 85, 191, -1,
      191, 85, 83, -1,
      191, 83, 192, -1,
      192, 83, 81, -1,
      192, 81, 193, -1,
      193, 81, 79, -1,
      193, 79, 194, -1,
      194, 79, 7, -1,
      7, 79, 77, -1,
      35, 195, 37, -1,
      37, 195, 6, -1,
      37, 6, 196, -1,
      196, 6, 7, -1,
      196, 7, 197, -1,
      197, 7, 77, -1,
      196, 197, 198, -1,
      196, 198, 199, -1,
      199, 198, 200, -1,
      199, 200, 201, -1,
      201, 200, 202, -1,
      201, 202, 203, -1,
      203, 202, 204, -1,
      203, 204, 205, -1,
      205, 204, 206, -1,
      205, 206, 207, -1,
      207, 206, 208, -1,
      207, 208, 209, -1,
      210, 211, 208, -1,
      208, 211, 209, -1,
      211, 210, 212, -1,
      211, 212, 213, -1,
      213, 212, 214, -1,
      213, 214, 215, -1,
      215, 214, 216, -1,
      215, 216, 217, -1,
      217, 216, 218, -1,
      217, 218, 219, -1,
      219, 218, 220, -1,
      219, 220, 221, -1,
      221, 220, 222, -1,
      221, 222, 223, -1,
      0, 224, 41, -1,
      107, 225, 109, -1,
      109, 225, 1, -1,
      41, 39, 0, -1,
      0, 39, 223, -1,
      0, 223, 1, -1,
      1, 223, 222, -1,
      1, 222, 109, -1,
      225, 107, 105, -1,
      225, 105, 226, -1,
      226, 105, 103, -1,
      226, 103, 227, -1,
      227, 103, 101, -1,
      227, 101, 228, -1,
      228, 101, 99, -1,
      228, 99, 229, -1,
      229, 99, 97, -1,
      229, 97, 230, -1,
      230, 97, 95, -1,
      230, 95, 231, -1,
      232, 95, 233, -1,
      233, 95, 234, -1,
      73, 72, 95, -1,
      95, 72, 235, -1,
      95, 235, 234, -1,
      232, 236, 95, -1,
      95, 236, 237, -1,
      95, 237, 231, -1,
      231, 237, 238, -1,
      231, 238, 239, -1,
      240, 241, 242, -1,
      242, 241, 231, -1,
      242, 231, 243, -1,
      243, 231, 239, -1,
      241, 240, 113, -1,
      113, 240, 114, -1,
      131, 222, 133, -1,
      133, 222, 220, -1,
      133, 220, 135, -1,
      135, 220, 218, -1,
      135, 218, 137, -1,
      137, 218, 216, -1,
      137, 216, 139, -1,
      139, 216, 214, -1,
      139, 214, 141, -1,
      141, 214, 212, -1,
      141, 212, 143, -1,
      143, 212, 210, -1,
      143, 210, 145, -1,
      145, 210, 208, -1,
      145, 208, 147, -1,
      147, 208, 206, -1,
      147, 206, 149, -1,
      149, 206, 204, -1,
      149, 204, 151, -1,
      151, 204, 202, -1,
      151, 202, 153, -1,
      153, 202, 200, -1,
      153, 200, 155, -1,
      155, 200, 198, -1,
      155, 198, 157, -1,
      157, 198, 197, -1,
      222, 131, 109, -1,
      109, 131, 108, -1,
      77, 76, 197, -1,
      197, 76, 157, -1,
      156, 196, 154, -1,
      154, 196, 199, -1,
      154, 199, 152, -1,
      152, 199, 201, -1,
      152, 201, 150, -1,
      150, 201, 203, -1,
      150, 203, 148, -1,
      148, 203, 205, -1,
      148, 205, 146, -1,
      146, 205, 207, -1,
      146, 207, 144, -1,
      144, 207, 209, -1,
      144, 209, 142, -1,
      142, 209, 211, -1,
      142, 211, 140, -1,
      140, 211, 213, -1,
      140, 213, 138, -1,
      138, 213, 215, -1,
      138, 215, 136, -1,
      136, 215, 217, -1,
      136, 217, 134, -1,
      134, 217, 219, -1,
      134, 219, 132, -1,
      132, 219, 221, -1,
      132, 221, 130, -1,
      130, 221, 223, -1,
      39, 38, 223, -1,
      223, 38, 130, -1,
      196, 156, 37, -1,
      37, 156, 36, -1,
      114, 240, 115, -1,
      115, 240, 242, -1,
      115, 242, 111, -1,
      111, 242, 243, -1,
      111, 243, 112, -1,
      112, 243, 239, -1,
      112, 239, 116, -1,
      116, 239, 238, -1,
      116, 238, 117, -1,
      117, 238, 237, -1,
      117, 237, 118, -1,
      118, 237, 236, -1,
      118, 236, 119, -1,
      119, 236, 232, -1,
      119, 232, 120, -1,
      120, 232, 233, -1,
      120, 233, 122, -1,
      122, 233, 234, -1,
      122, 234, 121, -1,
      121, 234, 235, -1,
      121, 235, 74, -1,
      74, 235, 72, -1,
      169, 177, 170, -1,
      170, 177, 184, -1,
      170, 184, 171, -1,
      171, 184, 185, -1,
      171, 185, 172, -1,
      172, 185, 183, -1,
      172, 183, 173, -1,
      173, 183, 182, -1,
      173, 182, 174, -1,
      174, 182, 188, -1,
      174, 188, 175, -1,
      175, 188, 187, -1,
      175, 187, 176, -1,
      176, 187, 186, -1,
      176, 186, 168, -1,
      168, 186, 179, -1,
      168, 179, 167, -1,
      167, 179, 178, -1,
      167, 178, 166, -1,
      166, 178, 181, -1,
      166, 181, 69, -1,
      69, 181, 71, -1,
      3, 1, 128, -1,
      128, 1, 225, -1,
      128, 225, 127, -1,
      127, 225, 226, -1,
      127, 226, 126, -1,
      126, 226, 227, -1,
      126, 227, 125, -1,
      125, 227, 228, -1,
      125, 228, 124, -1,
      124, 228, 229, -1,
      124, 229, 123, -1,
      123, 229, 230, -1,
      123, 230, 110, -1,
      110, 230, 231, -1,
      110, 231, 113, -1,
      113, 231, 241, -1,
      68, 70, 165, -1,
      165, 70, 180, -1,
      165, 180, 164, -1,
      164, 180, 189, -1,
      164, 189, 163, -1,
      163, 189, 190, -1,
      163, 190, 162, -1,
      162, 190, 191, -1,
      162, 191, 161, -1,
      161, 191, 192, -1,
      161, 192, 160, -1,
      160, 192, 193, -1,
      160, 193, 159, -1,
      159, 193, 194, -1,
      159, 194, 5, -1,
      5, 194, 7, -1,
      244, 245, 10, -1,
      10, 245, 8, -1,
      244, 10, 246, -1,
      246, 10, 12, -1,
      246, 12, 247, -1,
      247, 12, 14, -1,
      247, 14, 248, -1,
      248, 14, 16, -1,
      248, 16, 249, -1,
      249, 16, 18, -1,
      249, 18, 250, -1,
      250, 18, 20, -1,
      250, 20, 251, -1,
      251, 20, 22, -1,
      251, 22, 252, -1,
      252, 22, 24, -1,
      252, 24, 253, -1,
      253, 24, 26, -1,
      253, 26, 254, -1,
      254, 26, 28, -1,
      254, 28, 255, -1,
      255, 28, 30, -1,
      255, 30, 256, -1,
      256, 30, 32, -1,
      256, 32, 158, -1,
      158, 32, 34, -1,
      195, 35, 33, -1,
      195, 33, 257, -1,
      257, 33, 31, -1,
      257, 31, 258, -1,
      258, 31, 29, -1,
      258, 29, 259, -1,
      259, 29, 27, -1,
      259, 27, 260, -1,
      260, 27, 25, -1,
      260, 25, 261, -1,
      261, 25, 23, -1,
      261, 23, 262, -1,
      262, 23, 21, -1,
      262, 21, 263, -1,
      263, 21, 19, -1,
      263, 19, 264, -1,
      264, 19, 17, -1,
      264, 17, 265, -1,
      265, 17, 15, -1,
      265, 15, 266, -1,
      266, 15, 13, -1,
      266, 13, 267, -1,
      267, 13, 11, -1,
      267, 11, 268, -1,
      269, 268, 9, -1,
      9, 268, 11, -1,
      245, 269, 8, -1,
      8, 269, 9, -1,
      4, 6, 158, -1,
      158, 6, 195, -1,
      158, 195, 256, -1,
      256, 195, 257, -1,
      256, 257, 255, -1,
      255, 257, 258, -1,
      255, 258, 254, -1,
      254, 258, 259, -1,
      254, 259, 253, -1,
      253, 259, 260, -1,
      253, 260, 252, -1,
      252, 260, 261, -1,
      252, 261, 251, -1,
      251, 261, 262, -1,
      251, 262, 250, -1,
      250, 262, 263, -1,
      250, 263, 249, -1,
      249, 263, 264, -1,
      249, 264, 248, -1,
      248, 264, 265, -1,
      248, 265, 247, -1,
      247, 265, 266, -1,
      247, 266, 246, -1,
      246, 266, 267, -1,
      246, 267, 244, -1,
      244, 267, 268, -1,
      244, 268, 245, -1,
      245, 268, 269, -1,
      270, 271, 65, -1,
      65, 271, 67, -1,
      270, 65, 63, -1,
      270, 63, 272, -1,
      272, 63, 61, -1,
      272, 61, 273, -1,
      273, 61, 59, -1,
      273, 59, 274, -1,
      274, 59, 57, -1,
      274, 57, 275, -1,
      275, 57, 55, -1,
      275, 55, 276, -1,
      276, 55, 53, -1,
      276, 53, 277, -1,
      277, 53, 51, -1,
      277, 51, 278, -1,
      278, 51, 49, -1,
      278, 49, 279, -1,
      279, 49, 47, -1,
      279, 47, 280, -1,
      280, 47, 45, -1,
      280, 45, 281, -1,
      281, 45, 43, -1,
      281, 43, 282, -1,
      282, 43, 41, -1,
      282, 41, 224, -1,
      129, 40, 283, -1,
      283, 40, 42, -1,
      283, 42, 284, -1,
      284, 42, 44, -1,
      284, 44, 285, -1,
      285, 44, 46, -1,
      285, 46, 286, -1,
      286, 46, 48, -1,
      286, 48, 287, -1,
      287, 48, 50, -1,
      287, 50, 288, -1,
      288, 50, 52, -1,
      288, 52, 289, -1,
      289, 52, 54, -1,
      289, 54, 290, -1,
      290, 54, 56, -1,
      290, 56, 291, -1,
      291, 56, 58, -1,
      291, 58, 292, -1,
      292, 58, 60, -1,
      292, 60, 293, -1,
      293, 60, 62, -1,
      293, 62, 294, -1,
      294, 62, 64, -1,
      295, 294, 66, -1,
      66, 294, 64, -1,
      271, 295, 67, -1,
      67, 295, 66, -1,
      295, 271, 294, -1,
      294, 271, 270, -1,
      294, 270, 293, -1,
      293, 270, 272, -1,
      293, 272, 292, -1,
      292, 272, 273, -1,
      292, 273, 291, -1,
      291, 273, 274, -1,
      291, 274, 290, -1,
      290, 274, 275, -1,
      290, 275, 289, -1,
      289, 275, 276, -1,
      289, 276, 288, -1,
      288, 276, 277, -1,
      288, 277, 287, -1,
      287, 277, 278, -1,
      287, 278, 286, -1,
      286, 278, 279, -1,
      286, 279, 285, -1,
      285, 279, 280, -1,
      285, 280, 284, -1,
      284, 280, 281, -1,
      284, 281, 283, -1,
      283, 281, 282, -1,
      283, 282, 129, -1,
      129, 282, 224, -1,
      129, 224, 2, -1,
      2, 224, 0, -1,
      296, 297, 298, -1,
      298, 297, 299, -1,
      300, 301, 302, -1,
      302, 301, 303, -1,
      304, 305, 306, -1,
      306, 305, 307, -1,
      306, 307, 308, -1,
      308, 307, 309, -1,
      308, 309, 310, -1,
      310, 309, 311, -1,
      310, 311, 312, -1,
      312, 311, 313, -1,
      312, 313, 314, -1,
      314, 313, 315, -1,
      314, 315, 316, -1,
      316, 315, 317, -1,
      316, 317, 318, -1,
      318, 317, 319, -1,
      318, 319, 320, -1,
      320, 319, 321, -1,
      320, 321, 322, -1,
      322, 321, 323, -1,
      322, 323, 324, -1,
      324, 323, 325, -1,
      324, 325, 326, -1,
      326, 325, 327, -1,
      326, 327, 328, -1,
      328, 327, 329, -1,
      328, 329, 330, -1,
      330, 329, 331, -1,
      330, 331, 332, -1,
      332, 331, 333, -1,
      334, 335, 336, -1,
      336, 335, 337, -1,
      336, 337, 338, -1,
      338, 337, 339, -1,
      338, 339, 340, -1,
      340, 339, 341, -1,
      340, 341, 342, -1,
      342, 341, 343, -1,
      342, 343, 344, -1,
      344, 343, 345, -1,
      344, 345, 346, -1,
      346, 345, 347, -1,
      346, 347, 348, -1,
      348, 347, 349, -1,
      348, 349, 350, -1,
      350, 349, 351, -1,
      350, 351, 352, -1,
      352, 351, 353, -1,
      352, 353, 354, -1,
      354, 353, 355, -1,
      354, 355, 356, -1,
      356, 355, 357, -1,
      356, 357, 358, -1,
      358, 357, 359, -1,
      358, 359, 360, -1,
      360, 359, 361, -1,
      360, 361, 362, -1,
      362, 361, 363, -1,
      364, 365, 366, -1,
      366, 365, 367, -1,
      368, 369, 370, -1,
      370, 369, 371, -1,
      372, 373, 374, -1,
      374, 373, 375, -1,
      374, 375, 376, -1,
      376, 375, 377, -1,
      376, 377, 378, -1,
      378, 377, 379, -1,
      378, 379, 380, -1,
      380, 379, 381, -1,
      380, 381, 382, -1,
      382, 381, 383, -1,
      382, 383, 384, -1,
      384, 383, 385, -1,
      384, 385, 386, -1,
      386, 385, 387, -1,
      386, 387, 388, -1,
      388, 387, 389, -1,
      371, 369, 390, -1,
      390, 369, 391, -1,
      390, 391, 392, -1,
      392, 391, 393, -1,
      392, 393, 394, -1,
      394, 393, 395, -1,
      394, 395, 396, -1,
      396, 395, 397, -1,
      396, 397, 398, -1,
      398, 397, 399, -1,
      398, 399, 400, -1,
      400, 399, 401, -1,
      400, 401, 402, -1,
      402, 401, 403, -1,
      402, 403, 404, -1,
      404, 403, 405, -1,
      406, 407, 408, -1,
      408, 409, 406, -1,
      406, 409, 410, -1,
      406, 410, 390, -1,
      410, 411, 390, -1,
      390, 411, 412, -1,
      390, 412, 413, -1,
      414, 415, 406, -1,
      406, 415, 416, -1,
      406, 416, 407, -1,
      370, 371, 417, -1,
      417, 371, 390, -1,
      417, 390, 418, -1,
      418, 390, 413, -1,
      406, 390, 419, -1,
      419, 390, 392, -1,
      419, 392, 420, -1,
      420, 392, 394, -1,
      420, 394, 421, -1,
      421, 394, 396, -1,
      421, 396, 422, -1,
      422, 396, 398, -1,
      422, 398, 423, -1,
      423, 398, 400, -1,
      423, 400, 424, -1,
      424, 400, 402, -1,
      424, 402, 299, -1,
      299, 402, 404, -1,
      336, 425, 334, -1,
      334, 425, 298, -1,
      334, 298, 426, -1,
      426, 298, 299, -1,
      426, 299, 427, -1,
      427, 299, 404, -1,
      426, 427, 428, -1,
      428, 427, 429, -1,
      428, 429, 430, -1,
      430, 429, 431, -1,
      430, 431, 432, -1,
      432, 431, 433, -1,
      432, 433, 434, -1,
      434, 433, 435, -1,
      434, 435, 436, -1,
      436, 435, 437, -1,
      436, 437, 438, -1,
      438, 437, 439, -1,
      440, 438, 441, -1,
      441, 438, 439, -1,
      440, 441, 442, -1,
      442, 441, 443, -1,
      442, 443, 444, -1,
      444, 443, 445, -1,
      444, 445, 446, -1,
      446, 445, 447, -1,
      446, 447, 448, -1,
      448, 447, 449, -1,
      448, 449, 450, -1,
      450, 449, 451, -1,
      450, 451, 452, -1,
      452, 451, 453, -1,
      300, 454, 330, -1,
      374, 455, 372, -1,
      372, 455, 301, -1,
      330, 332, 300, -1,
      300, 332, 452, -1,
      300, 452, 301, -1,
      301, 452, 453, -1,
      301, 453, 372, -1,
      455, 374, 456, -1,
      456, 374, 376, -1,
      456, 376, 457, -1,
      457, 376, 378, -1,
      457, 378, 458, -1,
      458, 378, 380, -1,
      458, 380, 459, -1,
      459, 380, 382, -1,
      459, 382, 460, -1,
      460, 382, 384, -1,
      460, 384, 461, -1,
      461, 384, 386, -1,
      365, 364, 462, -1,
      462, 364, 461, -1,
      462, 461, 463, -1,
      463, 461, 464, -1,
      388, 465, 386, -1,
      386, 465, 466, -1,
      466, 467, 386, -1,
      386, 467, 468, -1,
      386, 468, 469, -1,
      469, 470, 386, -1,
      386, 470, 471, -1,
      386, 471, 461, -1,
      461, 471, 472, -1,
      461, 472, 464, -1,
      465, 388, 473, -1,
      473, 388, 389, -1,
      474, 475, 476, -1,
      366, 367, 476, -1,
      476, 367, 477, -1,
      476, 477, 474, -1,
      387, 478, 479, -1,
      473, 389, 480, -1,
      480, 389, 387, -1,
      480, 387, 481, -1,
      481, 387, 479, -1,
      475, 482, 476, -1,
      476, 482, 483, -1,
      476, 483, 387, -1,
      387, 483, 484, -1,
      387, 484, 478, -1,
      476, 387, 385, -1,
      476, 385, 485, -1,
      485, 385, 383, -1,
      485, 383, 486, -1,
      486, 383, 381, -1,
      486, 381, 487, -1,
      487, 381, 379, -1,
      487, 379, 488, -1,
      488, 379, 377, -1,
      488, 377, 489, -1,
      489, 377, 375, -1,
      489, 375, 490, -1,
      490, 375, 303, -1,
      303, 375, 373, -1,
      331, 491, 333, -1,
      333, 491, 302, -1,
      333, 302, 492, -1,
      492, 302, 303, -1,
      492, 303, 493, -1,
      493, 303, 373, -1,
      492, 493, 494, -1,
      492, 494, 495, -1,
      495, 494, 496, -1,
      495, 496, 497, -1,
      497, 496, 498, -1,
      497, 498, 499, -1,
      499, 498, 500, -1,
      499, 500, 501, -1,
      501, 500, 502, -1,
      501, 502, 503, -1,
      503, 502, 504, -1,
      503, 504, 505, -1,
      506, 507, 504, -1,
      504, 507, 505, -1,
      507, 506, 508, -1,
      507, 508, 509, -1,
      509, 508, 510, -1,
      509, 510, 511, -1,
      511, 510, 512, -1,
      511, 512, 513, -1,
      513, 512, 514, -1,
      513, 514, 515, -1,
      515, 514, 516, -1,
      515, 516, 517, -1,
      517, 516, 518, -1,
      517, 518, 519, -1,
      296, 520, 337, -1,
      403, 521, 405, -1,
      405, 521, 297, -1,
      337, 335, 296, -1,
      296, 335, 519, -1,
      296, 519, 297, -1,
      297, 519, 518, -1,
      297, 518, 405, -1,
      521, 403, 401, -1,
      521, 401, 522, -1,
      522, 401, 399, -1,
      522, 399, 523, -1,
      523, 399, 397, -1,
      523, 397, 524, -1,
      524, 397, 395, -1,
      524, 395, 525, -1,
      525, 395, 393, -1,
      525, 393, 526, -1,
      526, 393, 391, -1,
      526, 391, 527, -1,
      369, 368, 391, -1,
      391, 368, 528, -1,
      529, 530, 391, -1,
      391, 530, 531, -1,
      391, 531, 527, -1,
      527, 531, 532, -1,
      527, 532, 533, -1,
      528, 534, 391, -1,
      391, 534, 535, -1,
      391, 535, 529, -1,
      536, 537, 538, -1,
      538, 537, 527, -1,
      538, 527, 539, -1,
      539, 527, 533, -1,
      537, 536, 414, -1,
      414, 536, 415, -1,
      427, 518, 429, -1,
      429, 518, 516, -1,
      429, 516, 431, -1,
      431, 516, 514, -1,
      431, 514, 433, -1,
      433, 514, 512, -1,
      433, 512, 435, -1,
      435, 512, 510, -1,
      435, 510, 437, -1,
      437, 510, 508, -1,
      437, 508, 439, -1,
      439, 508, 506, -1,
      439, 506, 441, -1,
      441, 506, 504, -1,
      441, 504, 443, -1,
      443, 504, 502, -1,
      443, 502, 445, -1,
      445, 502, 500, -1,
      445, 500, 447, -1,
      447, 500, 498, -1,
      447, 498, 449, -1,
      449, 498, 496, -1,
      449, 496, 451, -1,
      451, 496, 494, -1,
      451, 494, 453, -1,
      453, 494, 493, -1,
      518, 427, 405, -1,
      405, 427, 404, -1,
      373, 372, 493, -1,
      493, 372, 453, -1,
      452, 492, 450, -1,
      450, 492, 495, -1,
      450, 495, 448, -1,
      448, 495, 497, -1,
      448, 497, 446, -1,
      446, 497, 499, -1,
      446, 499, 444, -1,
      444, 499, 501, -1,
      444, 501, 442, -1,
      442, 501, 503, -1,
      442, 503, 440, -1,
      440, 503, 505, -1,
      440, 505, 438, -1,
      438, 505, 507, -1,
      438, 507, 436, -1,
      436, 507, 509, -1,
      436, 509, 434, -1,
      434, 509, 511, -1,
      434, 511, 432, -1,
      432, 511, 513, -1,
      432, 513, 430, -1,
      430, 513, 515, -1,
      430, 515, 428, -1,
      428, 515, 517, -1,
      428, 517, 426, -1,
      426, 517, 519, -1,
      335, 334, 519, -1,
      519, 334, 426, -1,
      492, 452, 333, -1,
      333, 452, 332, -1,
      415, 536, 416, -1,
      416, 536, 538, -1,
      416, 538, 407, -1,
      407, 538, 539, -1,
      407, 539, 408, -1,
      408, 539, 533, -1,
      408, 533, 409, -1,
      409, 533, 532, -1,
      409, 532, 410, -1,
      410, 532, 531, -1,
      410, 531, 411, -1,
      411, 531, 530, -1,
      411, 530, 412, -1,
      412, 530, 529, -1,
      412, 529, 413, -1,
      413, 529, 535, -1,
      413, 535, 418, -1,
      418, 535, 534, -1,
      418, 534, 417, -1,
      417, 534, 528, -1,
      417, 528, 370, -1,
      370, 528, 368, -1,
      465, 473, 466, -1,
      466, 473, 480, -1,
      466, 480, 467, -1,
      467, 480, 481, -1,
      467, 481, 468, -1,
      468, 481, 479, -1,
      468, 479, 469, -1,
      469, 479, 478, -1,
      469, 478, 470, -1,
      470, 478, 484, -1,
      470, 484, 471, -1,
      471, 484, 483, -1,
      471, 483, 472, -1,
      472, 483, 482, -1,
      472, 482, 464, -1,
      464, 482, 475, -1,
      464, 475, 463, -1,
      463, 475, 474, -1,
      463, 474, 462, -1,
      462, 474, 477, -1,
      462, 477, 365, -1,
      365, 477, 367, -1,
      299, 297, 424, -1,
      424, 297, 521, -1,
      424, 521, 423, -1,
      423, 521, 522, -1,
      423, 522, 422, -1,
      422, 522, 523, -1,
      422, 523, 421, -1,
      421, 523, 524, -1,
      421, 524, 420, -1,
      420, 524, 525, -1,
      420, 525, 419, -1,
      419, 525, 526, -1,
      419, 526, 406, -1,
      406, 526, 527, -1,
      406, 527, 414, -1,
      414, 527, 537, -1,
      364, 366, 461, -1,
      461, 366, 476, -1,
      461, 476, 460, -1,
      460, 476, 485, -1,
      460, 485, 459, -1,
      459, 485, 486, -1,
      459, 486, 458, -1,
      458, 486, 487, -1,
      458, 487, 457, -1,
      457, 487, 488, -1,
      457, 488, 456, -1,
      456, 488, 489, -1,
      456, 489, 455, -1,
      455, 489, 490, -1,
      455, 490, 301, -1,
      301, 490, 303, -1,
      540, 541, 306, -1,
      306, 541, 304, -1,
      540, 306, 542, -1,
      542, 306, 308, -1,
      542, 308, 543, -1,
      543, 308, 310, -1,
      543, 310, 544, -1,
      544, 310, 312, -1,
      544, 312, 545, -1,
      545, 312, 314, -1,
      545, 314, 546, -1,
      546, 314, 316, -1,
      546, 316, 547, -1,
      547, 316, 318, -1,
      547, 318, 548, -1,
      548, 318, 320, -1,
      548, 320, 549, -1,
      549, 320, 322, -1,
      549, 322, 550, -1,
      550, 322, 324, -1,
      550, 324, 551, -1,
      551, 324, 326, -1,
      551, 326, 552, -1,
      552, 326, 328, -1,
      552, 328, 454, -1,
      454, 328, 330, -1,
      491, 331, 329, -1,
      491, 329, 553, -1,
      553, 329, 327, -1,
      553, 327, 554, -1,
      554, 327, 325, -1,
      554, 325, 555, -1,
      555, 325, 323, -1,
      555, 323, 556, -1,
      556, 323, 321, -1,
      556, 321, 557, -1,
      557, 321, 319, -1,
      557, 319, 558, -1,
      558, 319, 317, -1,
      558, 317, 559, -1,
      559, 317, 315, -1,
      559, 315, 560, -1,
      560, 315, 313, -1,
      560, 313, 561, -1,
      561, 313, 311, -1,
      561, 311, 562, -1,
      562, 311, 309, -1,
      562, 309, 563, -1,
      563, 309, 307, -1,
      563, 307, 564, -1,
      565, 564, 305, -1,
      305, 564, 307, -1,
      541, 565, 304, -1,
      304, 565, 305, -1,
      300, 302, 454, -1,
      454, 302, 491, -1,
      454, 491, 552, -1,
      552, 491, 553, -1,
      552, 553, 551, -1,
      551, 553, 554, -1,
      551, 554, 550, -1,
      550, 554, 555, -1,
      550, 555, 549, -1,
      549, 555, 556, -1,
      549, 556, 548, -1,
      548, 556, 557, -1,
      548, 557, 547, -1,
      547, 557, 558, -1,
      547, 558, 546, -1,
      546, 558, 559, -1,
      546, 559, 545, -1,
      545, 559, 560, -1,
      545, 560, 544, -1,
      544, 560, 561, -1,
      544, 561, 543, -1,
      543, 561, 562, -1,
      543, 562, 542, -1,
      542, 562, 563, -1,
      542, 563, 540, -1,
      540, 563, 564, -1,
      540, 564, 541, -1,
      541, 564, 565, -1,
      566, 567, 361, -1,
      361, 567, 363, -1,
      566, 361, 359, -1,
      566, 359, 568, -1,
      568, 359, 357, -1,
      568, 357, 569, -1,
      569, 357, 355, -1,
      569, 355, 570, -1,
      570, 355, 353, -1,
      570, 353, 571, -1,
      571, 353, 351, -1,
      571, 351, 572, -1,
      572, 351, 349, -1,
      572, 349, 573, -1,
      573, 349, 347, -1,
      573, 347, 574, -1,
      574, 347, 345, -1,
      574, 345, 575, -1,
      575, 345, 343, -1,
      575, 343, 576, -1,
      576, 343, 341, -1,
      576, 341, 577, -1,
      577, 341, 339, -1,
      577, 339, 578, -1,
      578, 339, 337, -1,
      578, 337, 520, -1,
      425, 336, 579, -1,
      579, 336, 338, -1,
      579, 338, 580, -1,
      580, 338, 340, -1,
      580, 340, 581, -1,
      581, 340, 342, -1,
      581, 342, 582, -1,
      582, 342, 344, -1,
      582, 344, 583, -1,
      583, 344, 346, -1,
      583, 346, 584, -1,
      584, 346, 348, -1,
      584, 348, 585, -1,
      585, 348, 350, -1,
      585, 350, 586, -1,
      586, 350, 352, -1,
      586, 352, 587, -1,
      587, 352, 354, -1,
      587, 354, 588, -1,
      588, 354, 356, -1,
      588, 356, 589, -1,
      589, 356, 358, -1,
      589, 358, 590, -1,
      590, 358, 360, -1,
      591, 590, 362, -1,
      362, 590, 360, -1,
      567, 591, 363, -1,
      363, 591, 362, -1,
      591, 567, 590, -1,
      590, 567, 566, -1,
      590, 566, 589, -1,
      589, 566, 568, -1,
      589, 568, 588, -1,
      588, 568, 569, -1,
      588, 569, 587, -1,
      587, 569, 570, -1,
      587, 570, 586, -1,
      586, 570, 571, -1,
      586, 571, 585, -1,
      585, 571, 572, -1,
      585, 572, 584, -1,
      584, 572, 573, -1,
      584, 573, 583, -1,
      583, 573, 574, -1,
      583, 574, 582, -1,
      582, 574, 575, -1,
      582, 575, 581, -1,
      581, 575, 576, -1,
      581, 576, 580, -1,
      580, 576, 577, -1,
      580, 577, 579, -1,
      579, 577, 578, -1,
      579, 578, 425, -1,
      425, 578, 520, -1,
      425, 520, 298, -1,
      298, 520, 296, -1,
    ]
  }
}

Shape {
  appearance Appearance {
    material Material {
      diffuseColor 0.4078 0.0000 0.7804
      specularColor 0.2039 0.0000 0.3882
      ambientIntensity 0.2
      transparency 0.0000
      shininess 0.5
    }
  }
  geometry IndexedFaceSet {
    ccw TRUE
    solid FALSE
    coord DEF co Coordinate {
      point [
        0.767868 0.415354 0.387821,
        0.766620 0.415354 0.376809,
        0.764527 0.415354 0.417126,
        0.355585 0.415354 0.000000,
        0.120113 0.415354 0.000000,
        0.120113 0.415354 0.087367,
        0.740261 0.415354 0.000000,
        0.665159 0.415354 0.000000,
        0.665159 0.415354 0.087367,
        0.962966 0.415354 0.000000,
        0.909762 0.415354 0.000000,
        0.909762 0.415354 0.087367,
        0.961315 0.415354 0.354289,
        0.962966 0.415354 0.358623,
        0.962966 0.415354 0.335767,
        0.909762 0.415354 0.416071,
        0.909762 0.415354 0.417126,
        0.913319 0.415354 0.417126,
        1.000856 0.415354 0.417483,
        1.000858 0.415354 0.417126,
        0.967749 0.415354 0.417126,
        1.264617 0.415354 0.211354,
        1.266299 0.415354 0.208239,
        1.045165 0.415354 0.208239,
        1.113825 0.415354 0.355838,
        1.098478 0.415354 0.342668,
        1.045165 0.415354 0.417126,
        1.045165 0.415354 0.335767,
        1.186444 0.415354 0.426317,
        1.173339 0.415354 0.417126,
        1.163922 0.415354 0.410520,
        1.144632 0.415354 0.387667,
        1.133500 0.415354 0.365329,
        1.130705 0.415354 0.364368,
        1.293752 0.415354 0.428430,
        1.267303 0.415354 0.437874,
        1.948819 0.415354 0.629921,
        1.045165 0.415354 0.629921,
        1.214660 0.415354 0.437333,
        1.241133 0.415354 0.440671,
        1.948819 0.415354 0.417126,
        1.311769 0.415354 0.417126,
        1.309603 0.415354 0.418954,
        1.948819 0.415354 0.335767,
        1.434270 0.415354 0.335767,
        1.427381 0.415354 0.351013,
        1.413574 0.415354 0.368454,
        1.370356 0.415354 0.392704,
        1.347913 0.415354 0.395315,
        1.323062 0.415354 0.407592,
        1.341369 0.415354 0.394913,
        1.334828 0.415354 0.394083,
        1.409700 0.415354 0.372069,
        1.391502 0.415354 0.384668,
        1.399648 0.415354 0.226244,
        1.417320 0.415354 0.241527,
        1.948819 0.415354 0.208239,
        1.379144 0.415354 0.216080,
        1.430192 0.415354 0.260187,
        1.438196 0.415354 0.281439,
        1.948819 0.415354 0.312873,
        1.440790 0.415354 0.303747,
        1.440589 0.415354 0.309217,
        1.439909 0.415354 0.312873,
        1.436613 0.415354 0.330585,
        1.371972 0.415354 0.213879,
        1.369384 0.415354 0.208239,
        1.366348 0.415354 0.201620,
        1.948819 0.415354 0.194916,
        1.320355 0.415354 0.174841,
        1.333781 0.415354 0.177031,
        1.948819 0.415354 0.087367,
        1.346877 0.415354 0.182641,
        1.357954 0.415354 0.191113,
        1.360993 0.415354 0.194916,
        1.291641 0.415354 0.181172,
        1.304372 0.415354 0.176385,
        1.045165 0.415354 0.087367,
        1.318166 0.415354 0.174785,
        1.045165 0.415354 0.194916,
        1.271442 0.415354 0.198715,
        1.274879 0.415354 0.194916,
        1.280247 0.415354 0.188982,
        1.080142 0.415354 0.308953,
        1.077671 0.415354 0.290355,
        1.045165 0.415354 0.312873,
        1.191633 0.415354 0.244648,
        1.187717 0.415354 0.246164,
        1.180798 0.415354 0.278562,
        1.274796 0.415354 0.269550,
        1.198231 0.415354 0.308858,
        1.284682 0.415354 0.278681,
        1.296717 0.415354 0.285240,
        1.195152 0.415354 0.242192,
        1.113213 0.415354 0.295033,
        1.115811 0.415354 0.305985,
        1.119463 0.415354 0.312873,
        1.403843 0.415354 0.312873,
        1.087708 0.415354 0.252081,
        1.099117 0.415354 0.236424,
        1.114702 0.415354 0.223420,
        1.132132 0.415354 0.215044,
        1.183301 0.415354 0.246699,
        1.182747 0.415354 0.246655,
        1.181042 0.415354 0.246264,
        1.080428 0.415354 0.270052,
        1.400314 0.415354 0.281889,
        1.393617 0.415354 0.270304,
        1.364754 0.415354 0.264210,
        1.383485 0.415354 0.259746,
        1.371133 0.415354 0.252016,
        1.343569 0.415354 0.282909,
        1.355265 0.415354 0.274904,
        1.404917 0.415354 0.304631,
        1.404298 0.415354 0.295850,
        1.330960 0.415354 0.287630,
        1.317354 0.415354 0.289208,
        1.310434 0.415354 0.288749,
        1.124739 0.415354 0.260007,
        1.118412 0.415354 0.268841,
        1.114416 0.415354 0.278959,
        1.112970 0.415354 0.290036,
        1.201074 0.415354 0.229176,
        1.200913 0.415354 0.231422,
        1.260794 0.415354 0.237001,
        1.199739 0.415354 0.235747,
        1.197522 0.415354 0.239615,
        1.191648 0.415354 0.213461,
        1.195322 0.415354 0.216111,
        1.196635 0.415354 0.217468,
        1.199091 0.415354 0.221061,
        1.200563 0.415354 0.224932,
        1.261185 0.415354 0.225384,
        1.260835 0.415354 0.231308,
        1.179889 0.415354 0.246105,
        1.154272 0.415354 0.245924,
        1.144037 0.415354 0.247810,
        1.151103 0.415354 0.211174,
        1.184690 0.415354 0.211412,
        1.187893 0.415354 0.211952,
        1.133959 0.415354 0.252393,
        1.125494 0.415354 0.259208,
        1.161612 0.415354 0.334787,
        1.398155 0.415354 0.331063,
        1.403122 0.415354 0.318401,
        1.157058 0.415354 0.334754,
        1.121037 0.415354 0.315844,
        1.127545 0.415354 0.323214,
        1.136330 0.415354 0.329443,
        1.146238 0.415354 0.333341,
        1.173641 0.415354 0.369072,
        1.186373 0.415354 0.384503,
        1.317476 0.415354 0.352402,
        1.187800 0.415354 0.385822,
        1.203716 0.415354 0.397035,
        1.308652 0.415354 0.370345,
        1.394830 0.415354 0.335767,
        1.321517 0.415354 0.354649,
        1.161820 0.415354 0.335767,
        1.164986 0.415354 0.350669,
        1.334248 0.415354 0.359406,
        1.347586 0.415354 0.361155,
        1.353515 0.415354 0.360888,
        1.295777 0.415354 0.385509,
        1.221519 0.415354 0.404001,
        1.280431 0.415354 0.396555,
        1.240806 0.415354 0.406511,
        1.261780 0.415354 0.403960,
        1.367592 0.415354 0.357657,
        1.380327 0.415354 0.351011,
        1.390183 0.415354 0.342345,
        1.093603 0.415354 0.335767,
        1.086976 0.415354 0.326389,
        1.081678 0.415354 0.312873,
        0.665159 0.415354 0.312873,
        0.632038 0.415354 0.287842,
        0.620985 0.415354 0.287763,
        0.663005 0.415354 0.208239,
        0.665159 0.415354 0.208239,
        0.663102 0.415354 0.207990,
        0.665159 0.415354 0.194916,
        0.651681 0.415354 0.207909,
        0.651563 0.415354 0.208239,
        0.602478 0.415354 0.207560,
        0.355585 0.415354 0.194916,
        0.591057 0.415354 0.207480,
        0.602725 0.415354 0.208239,
        0.610489 0.415354 0.229518,
        0.643830 0.415354 0.229755,
        0.764527 0.415354 0.288781,
        0.749110 0.415354 0.288672,
        0.740261 0.415354 0.312873,
        0.749175 0.415354 0.279462,
        0.747791 0.415354 0.217720,
        0.747856 0.415354 0.208591,
        0.740261 0.415354 0.208239,
        0.764527 0.415354 0.253944,
        0.751629 0.415354 0.253853,
        0.764527 0.415354 0.217839,
        0.751694 0.415354 0.244683,
        0.764527 0.415354 0.244775,
        0.780328 0.415354 0.244887,
        0.780519 0.415354 0.217952,
        0.764527 0.415354 0.279570,
        0.780081 0.415354 0.279681,
        0.780262 0.415354 0.254056,
        0.764527 0.415354 0.208239,
        0.764527 0.415354 0.208710,
        0.790919 0.415354 0.208897,
        0.830361 0.415354 0.223381,
        0.829166 0.415354 0.218665,
        0.828900 0.415354 0.218663,
        0.801320 0.415354 0.266159,
        0.839629 0.415354 0.312873,
        0.811717 0.415354 0.266233,
        0.839629 0.415354 0.250665,
        0.827639 0.415354 0.223280,
        0.828426 0.415354 0.220620,
        0.895366 0.415354 0.209776,
        0.900445 0.415354 0.211680,
        0.909762 0.415354 0.208239,
        0.900372 0.415354 0.222036,
        0.909762 0.415354 0.312873,
        0.896459 0.415354 0.219578,
        0.895366 0.415354 0.219159,
        0.895366 0.415354 0.240413,
        0.897321 0.415354 0.242359,
        0.898614 0.415354 0.244459,
        0.899698 0.415354 0.247530,
        0.900102 0.415354 0.251426,
        0.899681 0.415354 0.255009,
        0.895693 0.415354 0.240632,
        0.884672 0.415354 0.208239,
        0.884955 0.415354 0.208213,
        0.895366 0.415354 0.194916,
        0.885162 0.415354 0.208239,
        0.895366 0.415354 0.208239,
        0.894244 0.415354 0.209355,
        0.864183 0.415354 0.265376,
        0.864253 0.415354 0.255634,
        0.858964 0.415354 0.208239,
        0.893589 0.415354 0.263579,
        0.890409 0.415354 0.265428,
        0.895366 0.415354 0.312873,
        0.862233 0.415354 0.220929,
        0.863487 0.415354 0.217759,
        0.865375 0.415354 0.215128,
        0.898463 0.415354 0.258230,
        0.896581 0.415354 0.260928,
        0.895366 0.415354 0.262004,
        0.884842 0.415354 0.267317,
        0.877715 0.415354 0.268011,
        0.858964 0.415354 0.312873,
        0.870775 0.415354 0.267354,
        0.865017 0.415354 0.234435,
        0.863165 0.415354 0.231659,
        0.862116 0.415354 0.228694,
        0.861728 0.415354 0.224955,
        0.868262 0.415354 0.212639,
        0.871644 0.415354 0.210712,
        0.877268 0.415354 0.208907,
        0.878755 0.415354 0.259872,
        0.881725 0.415354 0.259670,
        0.889759 0.415354 0.252254,
        0.884413 0.415354 0.258979,
        0.886670 0.415354 0.257799,
        0.889678 0.415354 0.250919,
        0.889291 0.415354 0.249358,
        0.888578 0.415354 0.248000,
        0.887607 0.415354 0.246917,
        0.884087 0.415354 0.244681,
        0.872234 0.415354 0.259091,
        0.877900 0.415354 0.241935,
        0.866587 0.415354 0.256990,
        0.874028 0.415354 0.240337,
        0.867393 0.415354 0.236585,
        0.888193 0.415354 0.256472,
        0.889062 0.415354 0.255202,
        0.889567 0.415354 0.253852,
        0.890187 0.415354 0.217170,
        0.885033 0.415354 0.234699,
        0.890991 0.415354 0.237482,
        0.883914 0.415354 0.216393,
        0.883471 0.415354 0.216393,
        0.878467 0.415354 0.231894,
        0.878326 0.415354 0.216932,
        0.872030 0.415354 0.224045,
        0.872119 0.415354 0.225294,
        0.875731 0.415354 0.217861,
        0.874813 0.415354 0.218409,
        0.873655 0.415354 0.219422,
        0.872770 0.415354 0.220711,
        0.872251 0.415354 0.222134,
        0.872563 0.415354 0.226863,
        0.873329 0.415354 0.228198,
        0.874570 0.415354 0.229508,
        0.740261 0.415354 0.417126,
        0.731406 0.415354 0.415572,
        0.720353 0.415354 0.415494,
        0.762469 0.415354 0.335720,
        0.762451 0.415354 0.335767,
        0.764527 0.415354 0.335767,
        0.740261 0.415354 0.392808,
        0.751003 0.415354 0.335767,
        0.751049 0.415354 0.335640,
        0.764527 0.415354 0.312873,
        0.790351 0.415354 0.288965,
        0.740261 0.415354 0.335767,
        0.740261 0.415354 0.357464,
        0.743198 0.415354 0.357485,
        0.709857 0.415354 0.357248,
        0.702020 0.415354 0.335767,
        0.701846 0.415354 0.335291,
        0.690425 0.415354 0.335210,
        0.690633 0.415354 0.335767,
        0.665159 0.415354 0.335767,
        0.665159 0.415354 0.417126,
        0.858964 0.415354 0.381640,
        0.850996 0.415354 0.381583,
        0.848543 0.415354 0.407192,
        0.839629 0.415354 0.417126,
        0.848478 0.415354 0.416402,
        0.858964 0.415354 0.417126,
        0.858964 0.415354 0.416477,
        0.858964 0.415354 0.345534,
        0.847159 0.415354 0.345450,
        0.851061 0.415354 0.372414,
        0.858964 0.415354 0.372470,
        0.879695 0.415354 0.372617,
        0.879886 0.415354 0.345682,
        0.858964 0.415354 0.407266,
        0.879448 0.415354 0.407411,
        0.879630 0.415354 0.381786,
        0.890287 0.415354 0.336627,
        0.895366 0.415354 0.335767,
        0.858964 0.415354 0.335767,
        0.839629 0.415354 0.335767,
        0.847224 0.415354 0.336322,
        0.858964 0.415354 0.336405,
        0.889719 0.415354 0.416695,
        0.895366 0.415354 0.417126,
        1.001359 0.415354 0.346544,
        0.969471 0.415354 0.346318,
        0.967749 0.415354 0.335767,
        0.969535 0.415354 0.337189,
        1.011759 0.415354 0.337489,
        1.011194 0.415354 0.417126,
        1.011192 0.415354 0.417556,
        0.967749 0.415354 0.629921,
        0.905758 0.415354 0.414885,
        0.905835 0.415354 0.404078,
        0.924672 0.415354 0.408960,
        0.928349 0.415354 0.408810,
        0.909762 0.415354 0.348403,
        0.914823 0.415354 0.407713,
        0.906219 0.415354 0.349963,
        0.906723 0.415354 0.404565,
        0.909762 0.415354 0.405746,
        0.935245 0.415354 0.407407,
        0.941507 0.415354 0.404417,
        0.946553 0.415354 0.400232,
        0.947115 0.415354 0.399624,
        0.951021 0.415354 0.394084,
        0.953747 0.415354 0.387181,
        0.955136 0.415354 0.376222,
        0.955038 0.415354 0.372731,
        0.914137 0.415354 0.346476,
        0.923208 0.415354 0.344858,
        0.926929 0.415354 0.344747,
        0.953731 0.415354 0.364832,
        0.951115 0.415354 0.358429,
        0.947438 0.415354 0.353325,
        0.945262 0.415354 0.351207,
        0.934028 0.415354 0.345540,
        0.939886 0.415354 0.347615,
        0.962966 0.415354 0.629921,
        0.934953 0.415354 0.417126,
        0.909762 0.415354 0.629921,
        0.924708 0.415354 0.418294,
        0.914230 0.415354 0.417396,
        0.962966 0.415354 0.417126,
        0.960061 0.415354 0.399172,
        0.954203 0.415354 0.406713,
        0.952198 0.415354 0.408600,
        0.944663 0.415354 0.413792,
        0.936269 0.415354 0.416975,
        0.963927 0.415354 0.390306,
        0.962966 0.415354 0.392509,
        0.964510 0.415354 0.362674,
        0.965988 0.415354 0.375685,
        0.965817 0.415354 0.379866,
        0.931658 0.415354 0.335767,
        0.934744 0.415354 0.335981,
        0.943172 0.415354 0.338082,
        0.950539 0.415354 0.341964,
        0.955919 0.415354 0.346672,
        0.956590 0.415354 0.347416,
        0.962966 0.415354 0.312873,
        0.928488 0.415354 0.335547,
        0.926000 0.415354 0.335767,
        0.906289 0.415354 0.340057,
        0.907660 0.415354 0.339386,
        0.909762 0.415354 0.335767,
        0.909762 0.415354 0.338713,
        0.916276 0.415354 0.336627,
        0.839629 0.415354 0.208239,
        0.839629 0.415354 0.223467,
        0.856213 0.415354 0.266548,
        0.844997 0.415354 0.266469,
        0.834186 0.415354 0.209326,
        0.834656 0.415354 0.208239,
        0.838660 0.415354 0.198960,
        0.858964 0.415354 0.194916,
        0.841059 0.415354 0.194916,
        0.840672 0.415354 0.195341,
        0.839629 0.415354 0.197217,
        0.840252 0.415354 0.184284,
        0.844220 0.415354 0.182805,
        0.839629 0.415354 0.087367,
        0.848275 0.415354 0.182367,
        0.858964 0.415354 0.087367,
        0.846489 0.415354 0.191243,
        0.844297 0.415354 0.192074,
        0.848992 0.415354 0.190969,
        0.852626 0.415354 0.191469,
        0.842555 0.415354 0.193274,
        0.854674 0.415354 0.192156,
        0.854737 0.415354 0.183232,
        0.850488 0.415354 0.182463,
        0.830667 0.415354 0.194916,
        0.832342 0.415354 0.191711,
        0.764527 0.415354 0.087367,
        0.836043 0.415354 0.187330,
        0.836731 0.415354 0.186707,
        0.839629 0.415354 0.184713,
        0.824633 0.415354 0.208239,
        0.827739 0.415354 0.200520,
        0.764527 0.415354 0.194916,
        1.948819 0.415354 0.000000,
        1.045165 0.415354 0.000000,
        0.740261 0.415354 0.087367,
        0.764527 0.415354 0.000000,
        0.839629 0.415354 0.000000,
        0.858964 0.415354 0.000000,
        0.895366 0.415354 0.087367,
        0.895366 0.415354 0.000000,
        0.740261 0.415354 0.194916,
        0.355585 0.415354 0.087367,
        0.962966 0.415354 0.087367,
        0.909762 0.415354 0.194916,
        0.962966 0.415354 0.194916,
        0.962966 0.415354 0.208239,
        1.012093 0.415354 0.290537,
        1.012660 0.415354 0.210470,
        0.967749 0.415354 0.208239,
        0.967749 0.415354 0.194916,
        0.967749 0.415354 0.087367,
        0.967749 0.415354 0.000000,
        0.970851 0.415354 0.290244,
        0.970917 0.415354 0.281034,
        0.967749 0.415354 0.312873,
        0.969533 0.415354 0.219293,
        0.969597 0.415354 0.210164,
        1.002069 0.415354 0.246459,
        1.002259 0.415354 0.219524,
        0.973435 0.415354 0.246256,
        0.973370 0.415354 0.255426,
        1.002004 0.415354 0.255629,
        1.001822 0.415354 0.281254,
        0.955656 0.415354 0.237436,
        0.954103 0.415354 0.253488,
        0.957709 0.415354 0.234599,
        0.959141 0.415354 0.231094,
        0.929123 0.415354 0.212871,
        0.932595 0.415354 0.210606,
        0.924078 0.415354 0.209841,
        0.936667 0.415354 0.209159,
        0.941874 0.415354 0.208617,
        0.958231 0.415354 0.217438,
        0.959423 0.415354 0.220835,
        0.952517 0.415354 0.240064,
        0.948145 0.415354 0.242210,
        0.948077 0.415354 0.257352,
        0.940784 0.415354 0.243937,
        0.931911 0.415354 0.259893,
        0.935306 0.415354 0.260273,
        0.941804 0.415354 0.259581,
        0.928178 0.415354 0.267805,
        0.923982 0.415354 0.266480,
        0.951703 0.415354 0.210833,
        0.955064 0.415354 0.213213,
        0.956167 0.415354 0.214346,
        0.920675 0.415354 0.264539,
        0.918029 0.415354 0.261948,
        0.916010 0.415354 0.258670,
        0.924016 0.415354 0.218683,
        0.924282 0.415354 0.218685,
        0.925924 0.415354 0.216236,
        0.954033 0.415354 0.263230,
        0.951930 0.415354 0.264428,
        0.944448 0.415354 0.267259,
        0.934306 0.415354 0.268412,
        0.914050 0.415354 0.209770,
        0.913789 0.415354 0.246570,
        0.914484 0.415354 0.254055,
        0.923820 0.415354 0.246191,
        0.924138 0.415354 0.250628,
        0.925150 0.415354 0.254206,
        0.926313 0.415354 0.256280,
        0.947869 0.415354 0.209356,
        0.959890 0.415354 0.225406,
        0.959842 0.415354 0.226814,
        0.927818 0.415354 0.257904,
        0.929590 0.415354 0.259063,
        0.732731 0.415354 0.208484,
        0.669537 0.415354 0.234614,
        0.673540 0.415354 0.226361,
        0.679539 0.415354 0.219324,
        0.671403 0.415354 0.267753,
        0.668500 0.415354 0.260091,
        0.667252 0.415354 0.249079,
        0.667529 0.415354 0.243973,
        0.687975 0.415354 0.213371,
        0.697135 0.415354 0.209878,
        0.710708 0.415354 0.208328,
        0.732163 0.415354 0.288552,
        0.709322 0.415354 0.288390,
        0.697105 0.415354 0.286953,
        0.687467 0.415354 0.283354,
        0.679126 0.415354 0.277573,
        0.676306 0.415354 0.274774,
        0.766897 0.415354 0.371703,
        0.768905 0.415354 0.362344,
        0.770771 0.415354 0.395483,
        0.772908 0.415354 0.354092,
        0.778907 0.415354 0.347054,
        0.787343 0.415354 0.341101,
        0.808689 0.415354 0.416120,
        0.796473 0.415354 0.414683,
        0.786835 0.415354 0.411085,
        0.796502 0.415354 0.337608,
        0.810076 0.415354 0.336058,
        0.832099 0.415354 0.336215,
        0.831531 0.415354 0.416282,
        0.778494 0.415354 0.405303,
        0.775674 0.415354 0.402504,
        0.591340 0.415354 0.208239,
        0.355585 0.415354 0.208239,
        0.355585 0.415354 0.312873,
        0.355585 0.415354 0.335767,
        0.355585 0.415354 0.417126,
        0.120113 0.415354 0.194916,
        0.120113 0.415354 0.208239,
        0.120113 0.415354 0.312873,
        0.120113 0.415354 0.335767,
        0.120113 0.415354 0.417126,
        0.120113 0.415354 0.629921,
        0.355585 0.415354 0.629921,
        0.665159 0.415354 0.629921,
        0.740261 0.415354 0.629921,
        0.764527 0.415354 0.629921,
        0.839629 0.415354 0.629921,
        0.858964 0.415354 0.629921,
        0.895366 0.415354 0.629921,
        -1.358268 -1.159449 0.629921,
        -1.358268 -1.159449 0.000000,
        2.145669 -1.159449 0.629921,
        2.145669 -1.159449 0.000000,
        -0.894659 1.159449 0.629921,
        -0.894659 1.159449 0.000000,
        -2.145669 1.159449 0.629921,
        -2.145669 1.159449 0.000000,
        2.145669 -0.830709 0.629921,
        2.145669 -0.830709 0.314961,
        2.145669 -0.169291 0.314961,
        2.145669 0.218504 0.000000,
        2.145669 -0.169291 0.629921,
        2.145669 0.218504 0.629921,
        -2.145669 0.830709 0.629921,
        -2.145669 0.830709 0.314961,
        -2.145669 0.169291 0.314961,
        -2.145669 -0.372047 0.000000,
        -2.145669 0.169291 0.629921,
        -2.145669 -0.372047 0.629921,
        2.066929 -1.080709 0.708661,
        2.066929 -0.909449 0.708661,
        1.625984 -0.909449 0.708661,
        -2.066929 0.909449 0.708661,
        -1.625984 0.909449 0.708661,
        -2.066929 1.080709 0.708661,
        -1.625984 0.992126 0.708661,
        -0.894659 1.080709 0.708661,
        -0.937008 0.992126 0.708661,
        -0.869722 1.078069 0.708661,
        -1.625984 0.007874 0.708661,
        -1.625984 0.090551 0.708661,
        -2.066929 0.090551 0.708661,
        1.625984 -0.090551 0.708661,
        2.066929 -0.090551 0.708661,
        1.625984 -0.007874 0.708661,
        2.066929 0.218504 0.708661,
        -1.443687 -1.075542 0.708661,
        -1.358268 -1.080709 0.708661,
        0.937008 -0.992126 0.708661,
        0.937008 -0.007874 0.708661,
        0.120113 0.336614 0.708661,
        -0.515719 0.582555 0.708661,
        -0.585754 0.653362 0.708661,
        -0.937008 0.007874 0.708661,
        1.948819 0.336614 0.708661,
        1.975101 0.333653 0.708661,
        1.625984 -0.992126 0.708661,
        2.063968 0.244786 0.708661,
        2.055233 0.269750 0.708661,
        2.041161 0.292144 0.708661,
        -2.066929 -0.372047 0.708661,
        -2.061762 -0.457467 0.708661,
        -2.046337 -0.541641 0.708661,
        0.020660 0.341863 0.708661,
        -0.077689 0.357550 0.708661,
        -0.173840 0.383502 0.708661,
        -0.266726 0.419430 0.708661,
        2.022459 0.310846 0.708661,
        2.000065 0.324918 0.708661,
        -0.355314 0.464936 0.708661,
        -0.438620 0.519513 0.708661,
        -0.647948 0.731147 0.708661,
        -0.701608 0.815046 0.708661,
        -0.746140 0.904128 0.708661,
        -2.020878 -0.623342 0.708661,
        -1.985756 -0.701379 0.708661,
        -1.941485 -0.774613 0.708661,
        -1.760833 -0.955264 0.708661,
        -1.687599 -0.999536 0.708661,
        -1.888708 -0.841977 0.708661,
        -1.828197 -0.902488 0.708661,
        -1.609563 -1.034657 0.708661,
        -1.527861 -1.060116 0.708661,
        -0.781048 0.997402 0.708661,
        -0.791063 1.020391 0.708661,
        -0.805669 1.040776 0.708661,
        -0.824219 1.057650 0.708661,
        -0.845890 1.070268 0.708661,
        -1.453178 -1.153708 0.629921,
        -1.494999 -1.147486 0.000000,
        -1.627406 -1.111421 0.629921,
        -1.627575 -1.111963 0.000000,
        -1.546706 -1.136569 0.629921,
        -1.494743 -1.146091 0.629921,
        -1.637484 -1.108280 0.629921,
        -1.724191 -1.069257 0.629921,
        -1.751969 -1.053957 0.000000,
        -1.863787 -0.974450 0.629921,
        -1.864400 -0.975232 0.000000,
        -1.805563 -1.020066 0.629921,
        -1.751308 -1.052864 0.629921,
        -1.880412 -0.961426 0.629921,
        -1.947646 -0.894191 0.629921,
        -1.961452 -0.878179 0.000000,
        -2.039085 -0.765087 0.629921,
        -2.040178 -0.765748 0.000000,
        -2.006287 -0.819343 0.629921,
        -1.960670 -0.877567 0.629921,
        -2.055477 -0.737971 0.629921,
        -2.094501 -0.651264 0.629921,
        -2.098183 -0.641354 0.000000,
        -2.097642 -0.641185 0.629921,
        -2.122789 -0.560485 0.629921,
        -2.133707 -0.508778 0.000000,
        -2.139928 -0.466958 0.629921,
        -2.132311 -0.508522 0.629921,
        1.992622 0.410419 0.629921,
        1.999768 0.408647 0.000000,
        1.999541 0.407998 0.629921,
        2.034229 0.395860 0.629921,
        2.047244 0.388981 0.000000,
        2.046659 0.388050 0.629921,
        2.071553 0.372408 0.629921,
        2.088013 0.357698 0.000000,
        2.087138 0.356823 0.629921,
        2.102723 0.341238 0.629921,
        2.119296 0.316929 0.000000,
        2.118365 0.316344 0.629921,
        2.126175 0.303914 0.629921,
        2.138962 0.269452 0.000000,
        2.140734 0.262307 0.629921,
        2.138313 0.269226 0.629921,
        -0.705951 1.021076 0.629921,
        -0.673952 0.935575 0.629921,
        -0.705951 1.021076 0.000000,
        -0.654619 0.894208 0.000000,
        -0.653542 0.894746 0.629921,
        -0.633131 0.853917 0.629921,
        -0.583943 0.777009 0.000000,
        -0.583943 0.777009 0.629921,
        -0.526932 0.705706 0.629921,
        -0.495688 0.672407 0.000000,
        -0.494832 0.673253 0.629921,
        -0.462733 0.640800 0.629921,
        -0.392059 0.583011 0.000000,
        -0.392059 0.583011 0.629921,
        -0.315695 0.532982 0.629921,
        -0.275642 0.511055 0.000000,
        -0.275092 0.512126 0.629921,
        -0.234489 0.491269 0.629921,
        -0.149344 0.458335 0.000000,
        -0.149344 0.458335 0.629921,
        -0.061205 0.434546 0.629921,
        -0.016319 0.426167 0.000000,
        0.028948 0.420165 0.629921,
        -0.016129 0.427356 0.629921,
        -0.853239 1.155065 0.629921,
        -0.845117 1.153146 0.000000,
        -0.845336 1.152478 0.629921,
        -0.813653 1.142107 0.629921,
        -0.798731 1.134639 0.000000,
        -0.799261 1.133727 0.629921,
        -0.777657 1.121149 0.629921,
        -0.758456 1.105107 0.000000,
        -0.759166 1.104327 0.629921,
        -0.746847 1.093120 0.629921,
        -0.726858 1.066431 0.000000,
        -0.722586 1.059262 0.629921,
        -0.727430 1.066022 0.629921,
        0.705314 -0.670896 0.000000,
        0.750865 -0.777043 0.000000,
        0.816851 -0.871846 0.000000,
        0.900569 -0.951427 0.000000,
        0.998594 -1.012526 0.000000,
        0.682063 -0.557754 0.000000,
        0.682063 -0.442246 0.000000,
        -1.794686 0.329104 0.000000,
        -1.749135 0.222957 0.000000,
        -1.683149 0.128154 0.000000,
        1.106911 -1.052643 0.000000,
        1.221086 -1.070133 0.000000,
        1.336445 -1.064283 0.000000,
        1.448265 -1.035331 0.000000,
        1.551968 -0.984462 0.000000,
        -1.501406 1.012526 0.000000,
        -1.599431 0.951427 0.000000,
        -1.683149 0.871846 0.000000,
        -1.749135 0.777043 0.000000,
        -1.794686 0.670896 0.000000,
        -1.817937 0.557754 0.000000,
        -1.817937 0.442246 0.000000,
        1.643308 -0.913760 0.000000,
        1.718546 -0.826118 0.000000,
        1.774602 -0.725124 0.000000,
        1.106911 0.052643 0.000000,
        -0.948032 0.015538 0.000000,
        1.221086 0.070133 0.000000,
        -0.856692 0.086240 0.000000,
        -1.599431 0.048573 0.000000,
        -1.501406 -0.012526 0.000000,
        -1.393089 -0.052643 0.000000,
        0.998594 0.012526 0.000000,
        0.900569 -0.048573 0.000000,
        0.816851 -0.128154 0.000000,
        1.809180 -0.614915 0.000000,
        1.820866 -0.500000 0.000000,
        1.809180 -0.385085 0.000000,
        0.750865 -0.222957 0.000000,
        0.705314 -0.329104 0.000000,
        -1.051735 -0.035331 0.000000,
        -1.163555 -0.064283 0.000000,
        -1.278914 -0.070133 0.000000,
        1.643308 -0.086240 0.000000,
        1.774602 -0.274876 0.000000,
        1.718546 -0.173882 0.000000,
        1.551968 -0.015538 0.000000,
        -1.051735 1.035331 0.000000,
        -1.163555 1.064283 0.000000,
        -1.278914 1.070133 0.000000,
        -1.393089 1.052643 0.000000,
        -0.856692 0.913760 0.000000,
        -0.781454 0.826118 0.000000,
        -0.725398 0.725124 0.000000,
        -0.690820 0.614915 0.000000,
        -0.679134 0.500000 0.000000,
        -0.948032 0.984462 0.000000,
        -0.690820 0.385085 0.000000,
        1.448265 0.035331 0.000000,
        1.336445 0.064283 0.000000,
        -0.725398 0.274876 0.000000,
        -0.781454 0.173882 0.000000,
        -0.690820 0.614915 -0.315273,
        -0.725398 0.725124 -0.315273,
        -0.781454 0.826118 -0.315273,
        -0.856692 0.913760 -0.315273,
        -0.948032 0.984462 -0.315273,
        -1.051735 1.035331 -0.315273,
        -1.163555 1.064283 -0.315273,
        -1.278914 1.070133 -0.315273,
        -1.393089 1.052643 -0.315273,
        -1.501406 1.012526 -0.315273,
        -1.599431 0.951427 -0.315273,
        -1.683149 0.871846 -0.315273,
        -1.749135 0.777043 -0.315273,
        -1.794686 0.670896 -0.315273,
        -1.817937 0.557754 -0.315273,
        -1.817937 0.442246 -0.315273,
        -1.794686 0.329104 -0.315273,
        -1.749135 0.222957 -0.315273,
        -1.683149 0.128154 -0.315273,
        -1.599431 0.048573 -0.315273,
        -1.501406 -0.012526 -0.315273,
        -1.393089 -0.052643 -0.315273,
        -1.278914 -0.070133 -0.315273,
        -1.163555 -0.064283 -0.315273,
        -1.051735 -0.035331 -0.315273,
        -0.948032 0.015538 -0.315273,
        -0.856692 0.086240 -0.315273,
        -0.781454 0.173882 -0.315273,
        -0.725398 0.274876 -0.315273,
        -0.690820 0.385085 -0.315273,
        -0.679134 0.500000 -0.315273,
        1.809180 -0.385085 -0.315273,
        1.774602 -0.274876 -0.315273,
        1.718546 -0.173882 -0.315273,
        1.643308 -0.086240 -0.315273,
        1.551968 -0.015538 -0.315273,
        1.448265 0.035331 -0.315273,
        1.336445 0.064283 -0.315273,
        1.221086 0.070133 -0.315273,
        1.106911 0.052643 -0.315273,
        0.998594 0.012526 -0.315273,
        0.900569 -0.048573 -0.315273,
        0.816851 -0.128154 -0.315273,
        0.750865 -0.222957 -0.315273,
        0.705314 -0.329104 -0.315273,
        0.682063 -0.442246 -0.315273,
        0.682063 -0.557754 -0.315273,
        0.705314 -0.670896 -0.315273,
        0.750865 -0.777043 -0.315273,
        0.816851 -0.871846 -0.315273,
        0.900569 -0.951427 -0.315273,
        0.998594 -1.012526 -0.315273,
        1.106911 -1.052643 -0.315273,
        1.221086 -1.070133 -0.315273,
        1.336445 -1.064283 -0.315273,
        1.448265 -1.035331 -0.315273,
        1.551968 -0.984462 -0.315273,
        1.643308 -0.913760 -0.315273,
        1.718546 -0.826118 -0.315273,
        1.774602 -0.725124 -0.315273,
        1.809180 -0.614915 -0.315273,
        1.820866 -0.500000 -0.315273,
        1.405512 -0.726378 -0.492126,
        1.446271 -0.721012 -0.492126,
        1.510317 -0.917640 -0.492126,
        1.589059 -0.856689 -0.492126,
        1.484252 -0.705280 -0.492126,
        1.653919 -0.781136 -0.492126,
        1.516867 -0.680253 -0.492126,
        1.702243 -0.694073 -0.492126,
        1.541894 -0.647638 -0.492126,
        1.557626 -0.609657 -0.492126,
        1.732052 -0.599064 -0.492126,
        1.562992 -0.568898 -0.492126,
        1.742126 -0.500000 -0.492126,
        1.562992 -0.431102 -0.492126,
        1.732052 -0.400936 -0.492126,
        1.702243 -0.305927 -0.492126,
        0.819711 -0.738830 -0.492126,
        0.971365 -0.667085 -0.492126,
        0.876595 -0.820557 -0.492126,
        0.996301 -0.692021 -0.492126,
        0.948767 -0.889161 -0.492126,
        1.026160 -0.710782 -0.492126,
        1.033270 -0.941833 -0.492126,
        1.059446 -0.722430 -0.492126,
        1.126647 -0.976416 -0.492126,
        1.094488 -0.726378 -0.492126,
        1.126647 -0.023584 -0.492126,
        1.094488 -0.273622 -0.492126,
        1.033270 -0.058167 -0.492126,
        1.053729 -0.278988 -0.492126,
        0.948767 -0.110839 -0.492126,
        1.015748 -0.294720 -0.492126,
        0.876595 -0.179443 -0.492126,
        0.983133 -0.319747 -0.492126,
        0.819711 -0.261170 -0.492126,
        0.958106 -0.352362 -0.492126,
        0.780443 -0.352676 -0.492126,
        0.942374 -0.390343 -0.492126,
        0.760399 -0.450213 -0.492126,
        0.937008 -0.431102 -0.492126,
        0.760399 -0.549787 -0.492126,
        0.937008 -0.568898 -0.492126,
        0.780443 -0.647324 -0.492126,
        0.940956 -0.603940 -0.492126,
        0.952603 -0.637226 -0.492126,
        1.557626 -0.390343 -0.492126,
        1.541894 -0.352362 -0.492126,
        1.653919 -0.218864 -0.492126,
        1.516867 -0.319747 -0.492126,
        1.589059 -0.143311 -0.492126,
        1.484252 -0.294720 -0.492126,
        1.510317 -0.082360 -0.492126,
        1.446271 -0.278988 -0.492126,
        1.420918 -0.038508 -0.492126,
        1.405512 -0.273622 -0.492126,
        1.324522 -0.013549 -0.492126,
        1.225074 -0.008506 -0.492126,
        1.420918 -0.961492 -0.492126,
        1.324522 -0.986451 -0.492126,
        1.225074 -0.991494 -0.492126,
        -0.797757 0.305927 -0.492126,
        -0.846081 0.218864 -0.492126,
        -0.983133 0.319747 -0.492126,
        -1.015748 0.294720 -0.492126,
        -0.910941 0.143311 -0.492126,
        -1.053729 0.278988 -0.492126,
        -0.989683 0.082360 -0.492126,
        -1.094488 0.273622 -0.492126,
        -0.958106 0.352362 -0.492126,
        -0.942374 0.390343 -0.492126,
        -0.767948 0.400936 -0.492126,
        -0.937008 0.431102 -0.492126,
        -0.757874 0.500000 -0.492126,
        -0.937008 0.568898 -0.492126,
        -0.767948 0.599064 -0.492126,
        -0.797757 0.694073 -0.492126,
        -1.373353 0.976416 -0.492126,
        -1.405512 0.726378 -0.492126,
        -1.466730 0.941833 -0.492126,
        -1.446271 0.721012 -0.492126,
        -1.551233 0.889161 -0.492126,
        -1.484252 0.705280 -0.492126,
        -1.623404 0.820557 -0.492126,
        -1.516867 0.680253 -0.492126,
        -1.680289 0.738830 -0.492126,
        -1.541894 0.647638 -0.492126,
        -1.719557 0.647324 -0.492126,
        -1.557626 0.609657 -0.492126,
        -1.739601 0.549787 -0.492126,
        -1.562992 0.568898 -0.492126,
        -1.739601 0.450213 -0.492126,
        -1.562992 0.431102 -0.492126,
        -1.719557 0.352676 -0.492126,
        -1.557626 0.390343 -0.492126,
        -1.680289 0.261170 -0.492126,
        -1.541894 0.352362 -0.492126,
        -1.623404 0.179443 -0.492126,
        -1.516867 0.319747 -0.492126,
        -1.551233 0.110839 -0.492126,
        -1.484252 0.294720 -0.492126,
        -1.466730 0.058167 -0.492126,
        -1.446271 0.278988 -0.492126,
        -1.373353 0.023584 -0.492126,
        -1.405512 0.273622 -0.492126,
        -0.942374 0.609657 -0.492126,
        -0.958106 0.647638 -0.492126,
        -0.846081 0.781136 -0.492126,
        -0.983133 0.680253 -0.492126,
        -0.910941 0.856689 -0.492126,
        -1.015748 0.705280 -0.492126,
        -0.989683 0.917640 -0.492126,
        -1.053729 0.721012 -0.492126,
        -1.079082 0.961492 -0.492126,
        -1.094488 0.726378 -0.492126,
        -1.175478 0.986451 -0.492126,
        -1.274926 0.991494 -0.492126,
        -1.079082 0.038508 -0.492126,
        -1.175478 0.013549 -0.492126,
        -1.274926 0.008506 -0.492126,
        1.547244 -0.913386 0.629921,
        1.547244 -0.913386 -0.275591,
        1.015748 -0.913386 0.629921,
        1.015748 -0.913386 -0.275591,
        1.015748 -0.431102 -0.275591,
        1.015748 -0.086614 -0.275591,
        1.015748 -0.086614 0.629921,
        1.015748 -0.568898 -0.275591,
        1.015748 -0.568898 -0.413386,
        1.015748 -0.431102 -0.413386,
        1.547244 -0.086614 0.629921,
        1.547244 -0.086614 -0.275591,
        1.547244 -0.830709 0.629921,
        1.547244 -0.830709 0.314961,
        1.547244 -0.169291 0.629921,
        1.547244 -0.169291 0.314961,
        -1.547244 0.913386 0.629921,
        -1.547244 0.830709 0.629921,
        -1.547244 0.830709 0.314961,
        -1.547244 0.169291 0.629921,
        -1.547244 0.086614 0.629921,
        -1.547244 0.169291 0.314961,
        -1.547244 0.086614 -0.275591,
        -1.547244 0.913386 -0.275591,
        -1.015748 0.913386 0.629921,
        -1.015748 0.913386 -0.275591,
        -1.015748 0.431102 -0.275591,
        -1.015748 0.086614 -0.275591,
        -1.015748 0.086614 0.629921,
        -1.015748 0.568898 -0.275591,
        -1.015748 0.568898 -0.413386,
        -1.015748 0.431102 -0.413386,
        2.075745 -0.908954 0.708166,
        2.084450 -0.907475 0.706687,
        2.092935 -0.905030 0.704243,
        2.116023 -0.892270 0.691483,
        2.128491 -0.879802 0.679015,
        2.101093 -0.901651 0.700864,
        2.137871 -0.864873 0.664085,
        2.143695 -0.848230 0.647443,
        2.092935 -0.094970 0.704243,
        2.084450 -0.092525 0.706687,
        2.075745 -0.091046 0.708166,
        2.143695 -0.151770 0.647443,
        2.137871 -0.135127 0.664085,
        2.101093 -0.098349 0.700864,
        2.128491 -0.120198 0.679015,
        2.116023 -0.107730 0.691483,
        -2.097062 0.903455 0.702668,
        -2.106299 0.898900 0.698112,
        -2.114863 0.893178 0.692390,
        -2.122607 0.886386 0.685599,
        -2.142986 0.851088 0.650301,
        -2.135120 0.870079 0.669291,
        -2.077207 0.908775 0.707988,
        -2.087309 0.906766 0.705978,
        -2.114863 0.106822 0.692390,
        -2.122607 0.113614 0.685599,
        -2.142986 0.148912 0.650301,
        -2.135120 0.129921 0.669291,
        -2.106299 0.101100 0.698112,
        -2.097062 0.096545 0.702668,
        -2.087309 0.093234 0.705978,
        -2.077207 0.091225 0.707988,
        -2.142986 -0.372047 0.650301,
        -2.135120 -0.372047 0.669291,
        -2.122607 -0.372047 0.685599,
        -2.106299 -0.372047 0.698112,
        -2.087309 -0.372047 0.705978,
        -2.120184 -0.559843 0.650301,
        -2.091993 -0.650312 0.650301,
        -2.004078 -0.817818 0.650301,
        -1.804039 -1.017858 0.650301,
        -1.546063 -1.133963 0.650301,
        -1.446144 -1.095772 0.705978,
        -1.532739 -1.079904 0.705978,
        -1.448433 -1.114625 0.698112,
        -1.537283 -1.098342 0.698112,
        -1.450398 -1.130813 0.685599,
        -1.541186 -1.114176 0.685599,
        -1.451907 -1.143235 0.669291,
        -1.544181 -1.126326 0.669291,
        -1.452855 -1.151044 0.650301,
        -1.697070 -1.017581 0.705978,
        -1.772410 -0.972036 0.705978,
        -1.705895 -1.034396 0.698112,
        -1.783198 -0.987665 0.698112,
        -1.713474 -1.048836 0.685599,
        -1.792462 -1.001086 0.685599,
        -1.719289 -1.059916 0.669291,
        -1.799570 -1.011384 0.669291,
        -1.722944 -1.066881 0.650301,
        -1.903963 -0.855491 0.705978,
        -1.958257 -0.786190 0.705978,
        -1.918177 -0.868084 0.698112,
        -1.973885 -0.796978 0.698112,
        -1.930384 -0.878898 0.685599,
        -1.987307 -0.806241 0.685599,
        -1.939750 -0.887196 0.669291,
        -1.997605 -0.813350 0.669291,
        -1.945638 -0.892412 0.650301,
        -1.358268 -1.101088 0.705978,
        -1.358268 -1.120079 0.698112,
        -1.358268 -1.136386 0.685599,
        -1.358268 -1.148900 0.669291,
        -1.358268 -1.156766 0.650301,
        -1.636533 -1.105772 0.650301,
        -1.633743 -1.098417 0.669291,
        -1.629306 -1.086717 0.685599,
        -1.623523 -1.071469 0.698112,
        -1.616789 -1.053712 0.705978,
        -1.878632 -0.959418 0.650301,
        -1.873416 -0.953530 0.669291,
        -1.865119 -0.944163 0.685599,
        -1.854304 -0.931957 0.698112,
        -1.841711 -0.917742 0.705978,
        -2.053102 -0.736724 0.650301,
        -2.046136 -0.733069 0.669291,
        -2.035057 -0.727254 0.685599,
        -2.020617 -0.719675 0.698112,
        -2.003801 -0.710849 0.705978,
        -2.039933 -0.630569 0.705978,
        -2.057689 -0.637303 0.698112,
        -2.072937 -0.643086 0.685599,
        -2.084637 -0.647523 0.669291,
        -2.112546 -0.557960 0.669291,
        -2.100396 -0.554966 0.685599,
        -2.084563 -0.551063 0.698112,
        -2.066124 -0.546518 0.705978,
        -2.137265 -0.466635 0.650301,
        -2.129456 -0.465687 0.669291,
        -2.117034 -0.464178 0.685599,
        -2.100845 -0.462213 0.698112,
        -2.081993 -0.459923 0.705978,
        2.143533 -1.157313 0.647412,
        2.145174 -1.158954 0.638737,
        2.128491 -1.142270 0.679015,
        2.134747 -1.148526 0.669058,
        2.137871 -1.151651 0.664085,
        2.142986 -1.156766 0.650301,
        2.101093 -1.114873 0.700864,
        2.106067 -1.119846 0.697739,
        2.116023 -1.129802 0.691483,
        2.122257 -1.136036 0.685249,
        2.087221 -1.101000 0.705718,
        2.084450 -1.098230 0.706687,
        2.143368 0.218504 0.647400,
        2.142986 0.218504 0.650301,
        2.137364 0.218504 0.663875,
        2.135120 0.218504 0.669291,
        2.127967 0.218504 0.678613,
        2.122607 0.218504 0.685599,
        2.084407 0.218504 0.706360,
        2.115621 0.218504 0.690959,
        2.106299 0.218504 0.698112,
        2.100883 0.218504 0.700356,
        2.087309 0.218504 0.705978,
        2.100625 0.339565 0.650301,
        2.069880 0.370310 0.650301,
        1.992025 0.407803 0.650301,
        2.083836 0.249321 0.705978,
        2.102351 0.253546 0.698112,
        2.118250 0.257176 0.685599,
        2.130449 0.259960 0.669291,
        2.008907 0.343279 0.705978,
        2.035166 0.326780 0.705978,
        2.017147 0.360389 0.698112,
        2.047006 0.341627 0.698112,
        2.024223 0.375081 0.685599,
        2.057174 0.354377 0.685599,
        2.029652 0.386356 0.669291,
        2.064976 0.364160 0.669291,
        2.033065 0.393443 0.650301,
        2.073594 0.278593 0.705978,
        2.090704 0.286832 0.698112,
        2.105396 0.293908 0.685599,
        2.116670 0.299337 0.669291,
        2.123758 0.302750 0.650301,
        2.138118 0.261710 0.650301,
        1.948819 0.356994 0.705978,
        1.979636 0.353521 0.705978,
        1.948819 0.375984 0.698112,
        1.983861 0.372036 0.698112,
        1.948819 0.392292 0.685599,
        1.987490 0.387935 0.685599,
        1.948819 0.404805 0.669291,
        1.990275 0.400134 0.669291,
        1.948819 0.412671 0.650301,
        2.094475 0.334661 0.669291,
        2.084692 0.326859 0.685599,
        2.071942 0.316691 0.698112,
        2.057094 0.304851 0.705978,
        0.120113 0.412671 0.650301,
        0.120113 0.404805 0.669291,
        0.120113 0.392292 0.685599,
        0.120113 0.375984 0.698112,
        0.120113 0.356994 0.705978,
        0.022805 0.362129 0.705978,
        0.024804 0.381014 0.698112,
        0.026520 0.397231 0.685599,
        0.027837 0.409675 0.669291,
        0.028665 0.417498 0.650301,
        -0.061767 0.431922 0.650301,
        -0.150179 0.455785 0.650301,
        -0.317045 0.530664 0.650301,
        -0.235587 0.488821 0.650301,
        -0.393645 0.580848 0.650301,
        -0.528936 0.703923 0.650301,
        -0.464538 0.638815 0.650301,
        -0.586123 0.775447 0.650301,
        -0.676412 0.934504 0.650301,
        -0.635465 0.852593 0.650301,
        -0.708510 1.020270 0.650301,
        -0.063414 0.424230 0.669291,
        -0.152626 0.448309 0.669291,
        -0.238808 0.481644 0.669291,
        -0.321003 0.523866 0.669291,
        -0.398297 0.574504 0.669291,
        -0.469831 0.632996 0.669291,
        -0.534813 0.698693 0.669291,
        -0.592517 0.770865 0.669291,
        -0.642306 0.848709 0.669291,
        -0.683624 0.931362 0.669291,
        -0.716012 1.017904 0.669291,
        -0.066033 0.411994 0.685599,
        -0.156519 0.436417 0.685599,
        -0.243931 0.470228 0.685599,
        -0.327299 0.513052 0.685599,
        -0.405696 0.564413 0.685599,
        -0.478252 0.623740 0.685599,
        -0.544161 0.690375 0.685599,
        -0.602689 0.763577 0.685599,
        -0.653188 0.842532 0.685599,
        -0.695095 0.926365 0.685599,
        -0.727946 1.014142 0.685599,
        -0.069447 0.396048 0.698112,
        -0.161592 0.420919 0.698112,
        -0.250607 0.455350 0.698112,
        -0.335504 0.498959 0.698112,
        -0.415339 0.551262 0.698112,
        -0.489226 0.611677 0.698112,
        -0.556343 0.679534 0.698112,
        -0.615945 0.754078 0.698112,
        -0.667370 0.834482 0.698112,
        -0.710046 0.919852 0.698112,
        -0.743500 1.009239 0.698112,
        -0.073422 0.377478 0.705978,
        -0.167500 0.402870 0.705978,
        -0.258382 0.438024 0.705978,
        -0.345059 0.482548 0.705978,
        -0.426569 0.535947 0.705978,
        -0.502005 0.597630 0.705978,
        -0.570530 0.666909 0.705978,
        -0.631382 0.743017 0.705978,
        -0.683885 0.825107 0.705978,
        -0.727456 0.912267 0.705978,
        -0.761611 1.003529 0.705978,
        -0.748851 1.091337 0.650301,
        -0.779244 1.118985 0.650301,
        -0.853800 1.152441 0.650301,
        -0.837546 1.088861 0.705978,
        -0.812168 1.074085 0.705978,
        -0.829772 1.106187 0.698112,
        -0.800938 1.089400 0.698112,
        -0.823095 1.121066 0.685599,
        -0.791295 1.102550 0.685599,
        -0.817972 1.132482 0.669291,
        -0.783896 1.112642 0.669291,
        -0.814752 1.139659 0.650301,
        -0.894659 1.101088 0.705978,
        -0.865456 1.097997 0.705978,
        -0.894659 1.120079 0.698112,
        -0.861480 1.116567 0.698112,
        -0.894659 1.136386 0.685599,
        -0.858067 1.132513 0.685599,
        -0.894659 1.148900 0.669291,
        -0.855447 1.144749 0.669291,
        -0.894659 1.156766 0.650301,
        -0.754728 1.086107 0.669291,
        -0.764076 1.077789 0.685599,
        -0.776258 1.066948 0.698112,
        -0.790445 1.054323 0.705978,
        -0.724920 1.057938 0.650301,
        -0.731761 1.054055 0.669291,
        -0.742643 1.047877 0.685599,
        -0.756825 1.039827 0.698112,
        -0.773340 1.030452 0.705978,
        -2.142986 1.156766 0.650301,
        -2.144996 1.158775 0.640199,
        -2.122607 1.136386 0.685599,
        -2.129398 1.143178 0.677855,
        -2.135120 1.148900 0.669291,
        -2.139676 1.153455 0.660054,
        -2.106299 1.120079 0.698112,
        -2.087309 1.101088 0.705978,
        -1.018431 0.589277 -0.275591,
        -1.026297 0.608268 -0.275591,
        -1.018431 0.410723 -0.275591,
        -1.026297 0.391732 -0.275591,
        -1.038811 0.375425 -0.275591,
        -1.055118 0.362911 -0.275591,
        -1.425891 0.355045 -0.275591,
        -1.444882 0.362911 -0.275591,
        -1.461189 0.375425 -0.275591,
        -1.473703 0.391732 -0.275591,
        -1.481569 0.589277 -0.275591,
        -1.473703 0.608268 -0.275591,
        -1.461189 0.624575 -0.275591,
        -1.444882 0.637089 -0.275591,
        -1.074109 0.644955 -0.275591,
        -1.055118 0.637089 -0.275591,
        -1.038811 0.624575 -0.275591,
        -1.425891 0.644955 -0.275591,
        -1.405512 0.647638 -0.275591,
        -1.094488 0.647638 -0.275591,
        -1.074109 0.355045 -0.275591,
        -1.094488 0.352362 -0.275591,
        -1.405512 0.352362 -0.275591,
        -1.481569 0.410723 -0.275591,
        -1.484252 0.431102 -0.275591,
        -1.484252 0.568898 -0.275591,
        1.018431 -0.410723 -0.275591,
        1.026297 -0.391732 -0.275591,
        1.038811 -0.375425 -0.275591,
        1.055118 -0.362911 -0.275591,
        1.425891 -0.355045 -0.275591,
        1.444882 -0.362911 -0.275591,
        1.461189 -0.375425 -0.275591,
        1.473703 -0.391732 -0.275591,
        1.481569 -0.589277 -0.275591,
        1.473703 -0.608268 -0.275591,
        1.461189 -0.624575 -0.275591,
        1.444882 -0.637089 -0.275591,
        1.074109 -0.355045 -0.275591,
        1.094488 -0.352362 -0.275591,
        1.405512 -0.352362 -0.275591,
        1.032927 -0.617991 -0.275591,
        1.023546 -0.603062 -0.275591,
        1.017722 -0.586419 -0.275591,
        1.076967 -0.645664 -0.275591,
        1.060324 -0.639840 -0.275591,
        1.045394 -0.630459 -0.275591,
        1.481569 -0.410723 -0.275591,
        1.484252 -0.431102 -0.275591,
        1.484252 -0.568898 -0.275591,
        1.425891 -0.644955 -0.275591,
        1.405512 -0.647638 -0.275591,
        1.094488 -0.647638 -0.275591,
        -1.484252 0.568898 -0.413386,
        -1.484252 0.431102 -0.413386,
        -1.094488 0.647638 -0.413386,
        -1.405512 0.647638 -0.413386,
        -1.405512 0.352362 -0.413386,
        -1.094488 0.352362 -0.413386,
        1.405512 -0.352362 -0.413386,
        1.094488 -0.352362 -0.413386,
        1.484252 -0.568898 -0.413386,
        1.484252 -0.431102 -0.413386,
        1.094488 -0.647638 -0.413386,
        1.405512 -0.647638 -0.413386,
        1.076967 -0.645664 -0.413386,
        1.060324 -0.639840 -0.413386,
        1.045394 -0.630459 -0.413386,
        1.032927 -0.617991 -0.413386,
        1.023546 -0.603062 -0.413386,
        1.017722 -0.586419 -0.413386,
        1.018431 -0.410723 -0.413386,
        1.026297 -0.391732 -0.413386,
        1.038811 -0.375425 -0.413386,
        1.055118 -0.362911 -0.413386,
        1.074109 -0.355045 -0.413386,
        -1.018431 0.410723 -0.413386,
        -1.026297 0.391732 -0.413386,
        -1.038811 0.375425 -0.413386,
        -1.055118 0.362911 -0.413386,
        -1.074109 0.355045 -0.413386,
        -1.074109 0.644955 -0.413386,
        -1.055118 0.637089 -0.413386,
        -1.038811 0.624575 -0.413386,
        -1.026297 0.608268 -0.413386,
        -1.018431 0.589277 -0.413386,
        1.481569 -0.589277 -0.413386,
        1.473703 -0.608268 -0.413386,
        1.461189 -0.624575 -0.413386,
        1.444882 -0.637089 -0.413386,
        1.425891 -0.644955 -0.413386,
        1.425891 -0.355045 -0.413386,
        1.444882 -0.362911 -0.413386,
        1.461189 -0.375425 -0.413386,
        1.473703 -0.391732 -0.413386,
        1.481569 -0.410723 -0.413386,
        -1.425891 0.355045 -0.413386,
        -1.444882 0.362911 -0.413386,
        -1.461189 0.375425 -0.413386,
        -1.473703 0.391732 -0.413386,
        -1.481569 0.410723 -0.413386,
        -1.481569 0.589277 -0.413386,
        -1.473703 0.608268 -0.413386,
        -1.461189 0.624575 -0.413386,
        -1.444882 0.637089 -0.413386,
        -1.425891 0.644955 -0.413386,
      ]
    }
    coordIndex [
      0, 1, 2, -1,
      3, 4, 5, -1,
      6, 7, 8, -1,
      9, 10, 11, -1,
      12, 13, 14, -1,
      15, 16, 17, -1,
      18, 19, 20, -1,
      21, 22, 23, -1,
      24, 25, 26, -1,
      26, 25, 27, -1,
      28, 29, 26, -1,
      26, 29, 30, -1,
      26, 30, 31, -1,
      31, 32, 26, -1,
      26, 32, 33, -1,
      26, 33, 24, -1,
      34, 35, 36, -1,
      37, 38, 28, -1,
      36, 35, 37, -1,
      37, 35, 39, -1,
      37, 39, 38, -1,
      40, 41, 36, -1,
      36, 41, 42, -1,
      36, 42, 34, -1,
      43, 44, 40, -1,
      40, 44, 45, -1,
      40, 45, 46, -1,
      40, 47, 41, -1,
      41, 47, 48, -1,
      41, 48, 49, -1,
      49, 48, 50, -1,
      49, 50, 51, -1,
      46, 52, 40, -1,
      40, 52, 53, -1,
      40, 53, 47, -1,
      54, 55, 56, -1,
      54, 56, 57, -1,
      55, 58, 56, -1,
      56, 58, 59, -1,
      56, 59, 60, -1,
      60, 59, 61, -1,
      61, 62, 60, -1,
      60, 62, 63, -1,
      60, 63, 43, -1,
      43, 63, 64, -1,
      43, 64, 44, -1,
      65, 57, 66, -1,
      66, 57, 56, -1,
      66, 56, 67, -1,
      67, 56, 68, -1,
      69, 70, 71, -1,
      70, 72, 71, -1,
      71, 72, 73, -1,
      71, 73, 68, -1,
      68, 73, 74, -1,
      68, 74, 67, -1,
      75, 76, 77, -1,
      77, 76, 78, -1,
      77, 78, 69, -1,
      23, 22, 79, -1,
      22, 80, 79, -1,
      79, 80, 81, -1,
      79, 81, 77, -1,
      77, 81, 82, -1,
      77, 82, 75, -1,
      83, 84, 85, -1,
      86, 87, 88, -1,
      89, 90, 91, -1,
      91, 90, 92, -1,
      86, 88, 93, -1,
      94, 95, 90, -1,
      90, 95, 96, -1,
      90, 96, 97, -1,
      98, 99, 23, -1,
      23, 99, 100, -1,
      23, 100, 101, -1,
      87, 102, 88, -1,
      88, 102, 103, -1,
      88, 103, 104, -1,
      85, 84, 23, -1,
      23, 84, 105, -1,
      23, 105, 98, -1,
      106, 107, 108, -1,
      108, 107, 109, -1,
      108, 109, 110, -1,
      111, 97, 112, -1,
      112, 97, 113, -1,
      112, 113, 108, -1,
      108, 113, 114, -1,
      108, 114, 106, -1,
      111, 115, 97, -1,
      97, 115, 116, -1,
      97, 116, 90, -1,
      90, 116, 117, -1,
      90, 117, 92, -1,
      118, 119, 88, -1,
      88, 119, 120, -1,
      88, 120, 90, -1,
      90, 120, 121, -1,
      90, 121, 94, -1,
      122, 123, 124, -1,
      124, 123, 125, -1,
      124, 125, 88, -1,
      88, 125, 126, -1,
      88, 126, 93, -1,
      127, 128, 21, -1,
      21, 128, 129, -1,
      129, 130, 21, -1,
      21, 130, 131, -1,
      21, 131, 132, -1,
      132, 131, 122, -1,
      132, 122, 133, -1,
      133, 122, 124, -1,
      104, 134, 88, -1,
      88, 134, 135, -1,
      88, 135, 136, -1,
      101, 137, 23, -1,
      23, 137, 138, -1,
      23, 138, 21, -1,
      21, 138, 139, -1,
      21, 139, 127, -1,
      136, 140, 88, -1,
      88, 140, 141, -1,
      88, 141, 118, -1,
      142, 143, 144, -1,
      144, 97, 142, -1,
      142, 97, 96, -1,
      142, 96, 145, -1,
      145, 96, 146, -1,
      146, 147, 145, -1,
      145, 147, 148, -1,
      145, 148, 149, -1,
      150, 151, 152, -1,
      151, 153, 152, -1,
      152, 153, 154, -1,
      152, 154, 155, -1,
      156, 152, 157, -1,
      143, 142, 156, -1,
      156, 142, 158, -1,
      156, 158, 152, -1,
      152, 158, 159, -1,
      152, 159, 150, -1,
      157, 160, 156, -1,
      156, 160, 161, -1,
      156, 161, 162, -1,
      155, 154, 163, -1,
      163, 154, 164, -1,
      163, 164, 165, -1,
      165, 164, 166, -1,
      165, 166, 167, -1,
      168, 169, 162, -1,
      162, 169, 170, -1,
      162, 170, 156, -1,
      25, 171, 27, -1,
      27, 171, 172, -1,
      27, 172, 85, -1,
      85, 172, 173, -1,
      85, 173, 83, -1,
      174, 175, 176, -1,
      175, 174, 177, -1,
      177, 174, 178, -1,
      177, 178, 179, -1,
      179, 178, 180, -1,
      179, 180, 181, -1,
      182, 181, 183, -1,
      183, 181, 184, -1,
      183, 184, 185, -1,
      183, 186, 182, -1,
      182, 186, 187, -1,
      182, 187, 188, -1,
      189, 190, 191, -1,
      191, 190, 192, -1,
      193, 194, 195, -1,
      196, 197, 192, -1,
      198, 193, 199, -1,
      199, 200, 198, -1,
      198, 200, 201, -1,
      198, 201, 202, -1,
      192, 203, 196, -1,
      196, 203, 204, -1,
      196, 204, 205, -1,
      195, 194, 206, -1,
      206, 194, 207, -1,
      206, 207, 208, -1,
      209, 210, 211, -1,
      212, 213, 214, -1,
      214, 213, 215, -1,
      214, 215, 216, -1,
      216, 215, 209, -1,
      216, 209, 217, -1,
      217, 209, 211, -1,
      218, 219, 220, -1,
      220, 219, 221, -1,
      220, 221, 222, -1,
      223, 224, 225, -1,
      226, 227, 221, -1,
      227, 228, 221, -1,
      221, 228, 229, -1,
      221, 229, 222, -1,
      222, 229, 230, -1,
      223, 225, 221, -1,
      221, 225, 231, -1,
      221, 231, 226, -1,
      232, 233, 234, -1,
      234, 233, 235, -1,
      234, 235, 236, -1,
      236, 235, 237, -1,
      236, 237, 218, -1,
      238, 239, 240, -1,
      241, 242, 243, -1,
      244, 245, 240, -1,
      240, 245, 246, -1,
      230, 247, 222, -1,
      222, 247, 248, -1,
      222, 248, 243, -1,
      243, 248, 249, -1,
      243, 249, 241, -1,
      242, 250, 243, -1,
      243, 250, 251, -1,
      243, 251, 252, -1,
      252, 251, 253, -1,
      252, 253, 238, -1,
      254, 255, 239, -1,
      239, 255, 256, -1,
      239, 256, 240, -1,
      240, 256, 257, -1,
      240, 257, 244, -1,
      246, 258, 240, -1,
      240, 258, 259, -1,
      240, 259, 260, -1,
      261, 262, 263, -1,
      263, 262, 264, -1,
      263, 264, 265, -1,
      263, 266, 261, -1,
      261, 266, 267, -1,
      261, 267, 268, -1,
      268, 269, 261, -1,
      261, 269, 270, -1,
      261, 270, 271, -1,
      271, 270, 272, -1,
      271, 272, 273, -1,
      273, 272, 274, -1,
      273, 274, 239, -1,
      239, 274, 275, -1,
      239, 275, 254, -1,
      276, 277, 265, -1,
      265, 277, 278, -1,
      265, 278, 263, -1,
      279, 280, 224, -1,
      224, 280, 281, -1,
      224, 281, 225, -1,
      279, 282, 280, -1,
      280, 282, 283, -1,
      280, 283, 284, -1,
      284, 283, 285, -1,
      284, 286, 287, -1,
      285, 288, 284, -1,
      284, 288, 289, -1,
      284, 289, 290, -1,
      290, 291, 284, -1,
      284, 291, 292, -1,
      284, 292, 286, -1,
      287, 293, 284, -1,
      284, 293, 294, -1,
      284, 294, 295, -1,
      296, 297, 298, -1,
      299, 300, 301, -1,
      301, 300, 302, -1,
      303, 304, 191, -1,
      191, 304, 305, -1,
      191, 305, 189, -1,
      189, 305, 306, -1,
      191, 307, 303, -1,
      303, 307, 308, -1,
      303, 308, 309, -1,
      310, 308, 311, -1,
      311, 308, 307, -1,
      311, 307, 312, -1,
      312, 307, 191, -1,
      312, 191, 313, -1,
      313, 191, 174, -1,
      313, 174, 314, -1,
      314, 174, 315, -1,
      314, 315, 298, -1,
      298, 315, 316, -1,
      298, 316, 296, -1,
      317, 318, 319, -1,
      319, 318, 320, -1,
      319, 320, 321, -1,
      321, 320, 322, -1,
      321, 322, 323, -1,
      324, 325, 326, -1,
      326, 327, 324, -1,
      324, 327, 328, -1,
      324, 328, 329, -1,
      319, 330, 317, -1,
      317, 330, 331, -1,
      317, 331, 332, -1,
      333, 334, 335, -1,
      318, 326, 320, -1,
      320, 326, 325, -1,
      320, 325, 336, -1,
      336, 325, 337, -1,
      336, 337, 335, -1,
      335, 337, 338, -1,
      335, 338, 333, -1,
      323, 322, 339, -1,
      339, 322, 340, -1,
      339, 340, 333, -1,
      19, 341, 20, -1,
      20, 341, 342, -1,
      20, 342, 343, -1,
      343, 342, 344, -1,
      343, 344, 345, -1,
      26, 346, 347, -1,
      28, 26, 37, -1,
      37, 26, 347, -1,
      37, 347, 348, -1,
      16, 15, 340, -1,
      340, 15, 349, -1,
      340, 349, 350, -1,
      351, 352, 353, -1,
      351, 353, 354, -1,
      333, 340, 334, -1,
      334, 340, 350, -1,
      334, 350, 355, -1,
      355, 350, 356, -1,
      355, 356, 353, -1,
      353, 356, 357, -1,
      353, 357, 354, -1,
      352, 358, 353, -1,
      353, 358, 359, -1,
      353, 359, 360, -1,
      360, 361, 353, -1,
      353, 361, 362, -1,
      353, 362, 363, -1,
      363, 364, 353, -1,
      353, 364, 365, -1,
      353, 365, 366, -1,
      366, 365, 367, -1,
      367, 365, 368, -1,
      368, 365, 369, -1,
      368, 369, 370, -1,
      370, 371, 368, -1,
      368, 371, 372, -1,
      368, 372, 373, -1,
      373, 372, 374, -1,
      375, 376, 377, -1,
      377, 376, 378, -1,
      377, 378, 379, -1,
      380, 381, 382, -1,
      382, 383, 380, -1,
      380, 383, 384, -1,
      380, 384, 385, -1,
      20, 386, 380, -1,
      380, 386, 387, -1,
      380, 387, 381, -1,
      13, 388, 343, -1,
      343, 388, 389, -1,
      343, 389, 20, -1,
      20, 389, 390, -1,
      20, 390, 386, -1,
      391, 392, 14, -1,
      14, 392, 393, -1,
      14, 393, 394, -1,
      394, 395, 14, -1,
      14, 395, 396, -1,
      14, 396, 12, -1,
      14, 397, 391, -1,
      391, 397, 222, -1,
      391, 222, 398, -1,
      398, 222, 399, -1,
      355, 400, 334, -1,
      334, 400, 401, -1,
      334, 401, 402, -1,
      402, 401, 403, -1,
      402, 403, 404, -1,
      405, 406, 240, -1,
      240, 406, 407, -1,
      238, 240, 252, -1,
      252, 240, 407, -1,
      252, 407, 213, -1,
      213, 407, 408, -1,
      213, 408, 215, -1,
      409, 406, 410, -1,
      410, 406, 405, -1,
      410, 405, 411, -1,
      412, 413, 240, -1,
      240, 413, 414, -1,
      240, 414, 405, -1,
      405, 414, 415, -1,
      405, 415, 411, -1,
      416, 417, 418, -1,
      418, 417, 419, -1,
      418, 419, 420, -1,
      421, 422, 423, -1,
      423, 422, 424, -1,
      422, 425, 424, -1,
      424, 425, 413, -1,
      424, 413, 426, -1,
      426, 413, 412, -1,
      426, 412, 427, -1,
      427, 412, 420, -1,
      427, 420, 428, -1,
      428, 420, 419, -1,
      429, 430, 431, -1,
      430, 432, 431, -1,
      431, 432, 433, -1,
      431, 433, 418, -1,
      418, 433, 434, -1,
      418, 434, 416, -1,
      435, 436, 437, -1,
      69, 71, 77, -1,
      77, 71, 438, -1,
      77, 438, 439, -1,
      6, 440, 441, -1,
      441, 440, 431, -1,
      441, 431, 442, -1,
      442, 431, 418, -1,
      442, 418, 443, -1,
      443, 418, 420, -1,
      260, 232, 240, -1,
      240, 232, 234, -1,
      240, 234, 412, -1,
      412, 234, 444, -1,
      412, 444, 420, -1,
      420, 444, 445, -1,
      420, 445, 443, -1,
      440, 446, 431, -1,
      431, 446, 437, -1,
      431, 437, 429, -1,
      429, 437, 436, -1,
      181, 180, 184, -1,
      184, 180, 8, -1,
      184, 8, 447, -1,
      447, 8, 7, -1,
      447, 7, 3, -1,
      9, 11, 448, -1,
      448, 11, 449, -1,
      448, 449, 450, -1,
      450, 449, 220, -1,
      450, 220, 451, -1,
      218, 220, 236, -1,
      236, 220, 449, -1,
      236, 449, 234, -1,
      234, 449, 11, -1,
      234, 11, 444, -1,
      444, 11, 10, -1,
      444, 10, 445, -1,
      446, 195, 437, -1,
      437, 195, 206, -1,
      437, 206, 435, -1,
      435, 206, 208, -1,
      435, 208, 212, -1,
      212, 208, 306, -1,
      212, 306, 213, -1,
      213, 306, 305, -1,
      452, 85, 453, -1,
      453, 85, 23, -1,
      453, 23, 454, -1,
      454, 23, 79, -1,
      454, 79, 455, -1,
      455, 79, 77, -1,
      455, 77, 456, -1,
      456, 77, 439, -1,
      456, 439, 457, -1,
      458, 459, 460, -1,
      460, 459, 461, -1,
      460, 461, 454, -1,
      454, 461, 462, -1,
      454, 462, 453, -1,
      463, 464, 465, -1,
      465, 464, 461, -1,
      465, 461, 466, -1,
      466, 461, 459, -1,
      466, 459, 467, -1,
      467, 459, 468, -1,
      469, 470, 471, -1,
      471, 470, 472, -1,
      473, 474, 475, -1,
      475, 474, 476, -1,
      475, 476, 477, -1,
      451, 478, 479, -1,
      469, 480, 470, -1,
      470, 480, 481, -1,
      470, 481, 482, -1,
      482, 481, 483, -1,
      484, 485, 483, -1,
      483, 485, 486, -1,
      483, 486, 482, -1,
      487, 488, 222, -1,
      489, 490, 451, -1,
      451, 490, 491, -1,
      451, 491, 478, -1,
      488, 492, 222, -1,
      222, 492, 493, -1,
      222, 493, 494, -1,
      495, 496, 475, -1,
      475, 496, 497, -1,
      475, 497, 473, -1,
      498, 499, 397, -1,
      397, 499, 500, -1,
      397, 500, 222, -1,
      222, 500, 501, -1,
      222, 501, 487, -1,
      502, 220, 503, -1,
      503, 220, 222, -1,
      503, 222, 504, -1,
      504, 222, 494, -1,
      505, 506, 483, -1,
      483, 506, 507, -1,
      483, 507, 508, -1,
      502, 475, 220, -1,
      220, 475, 477, -1,
      220, 477, 451, -1,
      451, 477, 509, -1,
      451, 509, 489, -1,
      479, 510, 451, -1,
      451, 510, 511, -1,
      451, 511, 397, -1,
      397, 511, 472, -1,
      397, 472, 498, -1,
      498, 472, 470, -1,
      508, 512, 483, -1,
      483, 512, 513, -1,
      483, 513, 484, -1,
      514, 191, 195, -1,
      195, 191, 192, -1,
      195, 192, 193, -1,
      193, 192, 197, -1,
      193, 197, 199, -1,
      515, 516, 178, -1,
      178, 516, 517, -1,
      518, 519, 174, -1,
      174, 519, 520, -1,
      174, 520, 178, -1,
      178, 520, 521, -1,
      178, 521, 515, -1,
      517, 522, 178, -1,
      178, 522, 523, -1,
      178, 523, 524, -1,
      6, 8, 440, -1,
      440, 8, 180, -1,
      440, 180, 446, -1,
      446, 180, 178, -1,
      446, 178, 195, -1,
      195, 178, 524, -1,
      195, 524, 514, -1,
      514, 525, 191, -1,
      191, 525, 526, -1,
      191, 526, 174, -1,
      174, 526, 527, -1,
      174, 527, 528, -1,
      528, 529, 174, -1,
      174, 529, 530, -1,
      174, 530, 518, -1,
      346, 26, 345, -1,
      345, 26, 27, -1,
      345, 27, 343, -1,
      343, 27, 85, -1,
      343, 85, 460, -1,
      460, 85, 452, -1,
      460, 452, 458, -1,
      13, 343, 14, -1,
      14, 343, 460, -1,
      14, 460, 397, -1,
      397, 460, 454, -1,
      397, 454, 451, -1,
      451, 454, 455, -1,
      451, 455, 450, -1,
      450, 455, 456, -1,
      450, 456, 448, -1,
      448, 456, 457, -1,
      448, 457, 9, -1,
      304, 299, 305, -1,
      305, 299, 301, -1,
      305, 301, 213, -1,
      213, 301, 336, -1,
      213, 336, 252, -1,
      252, 336, 335, -1,
      252, 335, 243, -1,
      243, 335, 334, -1,
      243, 334, 222, -1,
      222, 334, 402, -1,
      222, 402, 399, -1,
      399, 402, 404, -1,
      531, 532, 301, -1,
      0, 2, 533, -1,
      297, 296, 302, -1,
      302, 296, 2, -1,
      302, 2, 301, -1,
      301, 2, 1, -1,
      301, 1, 531, -1,
      532, 534, 301, -1,
      301, 534, 535, -1,
      301, 535, 536, -1,
      320, 537, 2, -1,
      2, 537, 538, -1,
      2, 538, 539, -1,
      536, 540, 301, -1,
      301, 540, 541, -1,
      301, 541, 336, -1,
      336, 541, 542, -1,
      336, 542, 320, -1,
      320, 542, 543, -1,
      320, 543, 537, -1,
      539, 544, 2, -1,
      2, 544, 545, -1,
      2, 545, 533, -1,
      185, 184, 546, -1,
      546, 184, 547, -1,
      546, 547, 176, -1,
      176, 547, 548, -1,
      176, 548, 174, -1,
      174, 548, 549, -1,
      174, 549, 315, -1,
      315, 549, 550, -1,
      315, 550, 316, -1,
      3, 5, 447, -1,
      447, 5, 551, -1,
      447, 551, 184, -1,
      184, 551, 552, -1,
      184, 552, 547, -1,
      547, 552, 553, -1,
      547, 553, 548, -1,
      548, 553, 554, -1,
      548, 554, 549, -1,
      549, 554, 555, -1,
      549, 555, 550, -1,
      385, 376, 380, -1,
      380, 376, 375, -1,
      380, 375, 20, -1,
      20, 375, 348, -1,
      20, 348, 18, -1,
      18, 348, 347, -1,
      555, 556, 550, -1,
      550, 556, 557, -1,
      550, 557, 316, -1,
      316, 557, 558, -1,
      316, 558, 296, -1,
      296, 558, 559, -1,
      296, 559, 2, -1,
      2, 559, 560, -1,
      2, 560, 320, -1,
      320, 560, 561, -1,
      320, 561, 322, -1,
      322, 561, 562, -1,
      322, 562, 340, -1,
      340, 562, 563, -1,
      340, 563, 16, -1,
      16, 563, 377, -1,
      16, 377, 17, -1,
      17, 377, 379, -1,
      564, 565, 566, -1,
      566, 565, 567, -1,
      568, 569, 570, -1,
      570, 569, 571, -1,
      572, 566, 573, -1,
      573, 566, 567, -1,
      573, 567, 574, -1,
      574, 567, 575, -1,
      574, 575, 576, -1,
      576, 575, 577, -1,
      578, 570, 579, -1,
      579, 570, 571, -1,
      579, 571, 580, -1,
      580, 571, 581, -1,
      580, 581, 582, -1,
      582, 581, 583, -1,
      584, 585, 586, -1,
      587, 588, 589, -1,
      589, 588, 590, -1,
      589, 590, 591, -1,
      591, 590, 592, -1,
      591, 592, 593, -1,
      594, 595, 596, -1,
      597, 598, 599, -1,
      599, 598, 600, -1,
      601, 602, 594, -1,
      603, 604, 605, -1,
      606, 607, 608, -1,
      605, 604, 609, -1,
      609, 604, 599, -1,
      609, 599, 610, -1,
      586, 611, 584, -1,
      584, 611, 603, -1,
      584, 603, 602, -1,
      602, 603, 608, -1,
      602, 608, 594, -1,
      600, 612, 599, -1,
      599, 612, 613, -1,
      599, 613, 614, -1,
      596, 615, 594, -1,
      594, 615, 616, -1,
      594, 616, 617, -1,
      605, 618, 603, -1,
      603, 618, 619, -1,
      603, 619, 608, -1,
      608, 619, 620, -1,
      608, 620, 621, -1,
      614, 622, 599, -1,
      599, 622, 623, -1,
      599, 623, 610, -1,
      621, 624, 608, -1,
      608, 624, 625, -1,
      608, 625, 606, -1,
      607, 626, 608, -1,
      608, 626, 627, -1,
      608, 627, 592, -1,
      592, 627, 628, -1,
      617, 629, 594, -1,
      594, 629, 630, -1,
      594, 630, 631, -1,
      594, 632, 633, -1,
      631, 634, 594, -1,
      594, 634, 635, -1,
      594, 635, 632, -1,
      633, 636, 594, -1,
      594, 636, 637, -1,
      594, 637, 601, -1,
      628, 638, 592, -1,
      592, 638, 639, -1,
      592, 639, 640, -1,
      640, 641, 592, -1,
      592, 641, 642, -1,
      592, 642, 593, -1,
      564, 643, 565, -1,
      565, 643, 644, -1,
      645, 646, 647, -1,
      647, 646, 644, -1,
      647, 644, 648, -1,
      648, 644, 643, -1,
      645, 649, 646, -1,
      646, 649, 650, -1,
      646, 650, 651, -1,
      652, 653, 654, -1,
      654, 653, 651, -1,
      654, 651, 655, -1,
      655, 651, 650, -1,
      652, 656, 653, -1,
      653, 656, 657, -1,
      653, 657, 658, -1,
      659, 660, 661, -1,
      661, 660, 658, -1,
      661, 658, 662, -1,
      662, 658, 657, -1,
      659, 663, 660, -1,
      660, 663, 664, -1,
      660, 664, 665, -1,
      664, 666, 665, -1,
      665, 666, 667, -1,
      665, 667, 668, -1,
      583, 581, 669, -1,
      669, 581, 668, -1,
      669, 668, 670, -1,
      670, 668, 667, -1,
      36, 671, 438, -1,
      438, 671, 672, -1,
      671, 673, 672, -1,
      672, 673, 674, -1,
      672, 674, 675, -1,
      674, 676, 675, -1,
      675, 676, 677, -1,
      675, 677, 678, -1,
      677, 679, 678, -1,
      678, 679, 680, -1,
      678, 680, 681, -1,
      680, 682, 681, -1,
      681, 682, 683, -1,
      681, 683, 684, -1,
      577, 575, 685, -1,
      685, 575, 684, -1,
      685, 684, 686, -1,
      686, 684, 683, -1,
      687, 688, 689, -1,
      689, 688, 690, -1,
      688, 691, 690, -1,
      690, 691, 692, -1,
      690, 692, 693, -1,
      692, 694, 693, -1,
      693, 694, 695, -1,
      693, 695, 696, -1,
      695, 697, 696, -1,
      696, 697, 698, -1,
      696, 698, 699, -1,
      698, 700, 699, -1,
      699, 700, 701, -1,
      699, 701, 702, -1,
      701, 703, 702, -1,
      702, 703, 704, -1,
      702, 704, 705, -1,
      704, 706, 705, -1,
      705, 706, 707, -1,
      705, 707, 708, -1,
      556, 4, 709, -1,
      709, 4, 708, -1,
      709, 708, 710, -1,
      710, 708, 707, -1,
      568, 711, 569, -1,
      569, 711, 712, -1,
      711, 713, 712, -1,
      712, 713, 714, -1,
      712, 714, 715, -1,
      714, 716, 715, -1,
      715, 716, 717, -1,
      715, 717, 718, -1,
      717, 719, 718, -1,
      718, 719, 720, -1,
      718, 720, 721, -1,
      687, 689, 722, -1,
      722, 689, 721, -1,
      722, 721, 723, -1,
      723, 721, 720, -1,
      724, 725, 565, -1,
      725, 726, 565, -1,
      565, 726, 727, -1,
      565, 727, 728, -1,
      646, 651, 729, -1,
      660, 730, 729, -1,
      660, 665, 730, -1,
      730, 665, 668, -1,
      730, 668, 581, -1,
      651, 653, 729, -1,
      729, 653, 658, -1,
      729, 658, 660, -1,
      731, 732, 581, -1,
      581, 732, 733, -1,
      728, 734, 565, -1,
      565, 734, 735, -1,
      565, 735, 567, -1,
      735, 736, 567, -1,
      567, 736, 737, -1,
      567, 737, 738, -1,
      724, 565, 729, -1,
      729, 565, 644, -1,
      729, 644, 646, -1,
      739, 740, 571, -1,
      571, 740, 741, -1,
      571, 741, 742, -1,
      742, 743, 571, -1,
      571, 743, 744, -1,
      571, 744, 581, -1,
      581, 744, 745, -1,
      581, 745, 731, -1,
      738, 746, 567, -1,
      567, 746, 747, -1,
      567, 747, 748, -1,
      749, 750, 751, -1,
      751, 750, 752, -1,
      733, 753, 581, -1,
      581, 753, 754, -1,
      581, 754, 755, -1,
      749, 756, 750, -1,
      750, 756, 757, -1,
      750, 757, 758, -1,
      748, 759, 567, -1,
      567, 759, 760, -1,
      567, 760, 575, -1,
      575, 760, 761, -1,
      758, 762, 750, -1,
      750, 762, 763, -1,
      750, 763, 764, -1,
      764, 763, 730, -1,
      764, 730, 765, -1,
      765, 730, 581, -1,
      765, 581, 766, -1,
      766, 581, 755, -1,
      675, 678, 767, -1,
      761, 768, 575, -1,
      575, 768, 769, -1,
      575, 769, 684, -1,
      684, 769, 767, -1,
      684, 767, 681, -1,
      681, 767, 678, -1,
      770, 438, 767, -1,
      767, 438, 672, -1,
      767, 672, 675, -1,
      771, 772, 569, -1,
      569, 772, 773, -1,
      569, 773, 571, -1,
      571, 773, 774, -1,
      571, 774, 739, -1,
      718, 721, 775, -1,
      775, 721, 689, -1,
      775, 689, 776, -1,
      776, 689, 690, -1,
      776, 690, 777, -1,
      777, 690, 693, -1,
      777, 693, 778, -1,
      778, 693, 696, -1,
      778, 696, 779, -1,
      771, 569, 780, -1,
      780, 569, 712, -1,
      780, 712, 775, -1,
      775, 712, 715, -1,
      775, 715, 718, -1,
      696, 699, 779, -1,
      779, 699, 702, -1,
      779, 702, 781, -1,
      781, 702, 705, -1,
      770, 782, 438, -1,
      438, 782, 783, -1,
      438, 783, 4, -1,
      4, 783, 708, -1,
      705, 708, 781, -1,
      781, 708, 783, -1,
      781, 783, 784, -1,
      784, 783, 751, -1,
      784, 751, 785, -1,
      785, 751, 752, -1,
      779, 786, 778, -1,
      778, 786, 787, -1,
      778, 787, 777, -1,
      777, 787, 788, -1,
      777, 788, 776, -1,
      776, 788, 789, -1,
      776, 789, 775, -1,
      775, 789, 790, -1,
      775, 790, 780, -1,
      780, 790, 791, -1,
      780, 791, 771, -1,
      771, 791, 792, -1,
      771, 792, 772, -1,
      772, 792, 793, -1,
      772, 793, 773, -1,
      773, 793, 794, -1,
      773, 794, 774, -1,
      774, 794, 795, -1,
      774, 795, 739, -1,
      739, 795, 796, -1,
      739, 796, 740, -1,
      740, 796, 797, -1,
      740, 797, 741, -1,
      741, 797, 798, -1,
      741, 798, 742, -1,
      742, 798, 799, -1,
      742, 799, 743, -1,
      743, 799, 800, -1,
      743, 800, 744, -1,
      744, 800, 801, -1,
      744, 801, 745, -1,
      745, 801, 802, -1,
      745, 802, 731, -1,
      731, 802, 803, -1,
      731, 803, 732, -1,
      732, 803, 804, -1,
      732, 804, 733, -1,
      733, 804, 805, -1,
      733, 805, 753, -1,
      753, 805, 806, -1,
      753, 806, 754, -1,
      754, 806, 807, -1,
      754, 807, 755, -1,
      755, 807, 808, -1,
      755, 808, 766, -1,
      766, 808, 809, -1,
      766, 809, 765, -1,
      765, 809, 810, -1,
      765, 810, 764, -1,
      764, 810, 811, -1,
      764, 811, 750, -1,
      750, 811, 812, -1,
      750, 812, 752, -1,
      752, 812, 813, -1,
      752, 813, 785, -1,
      785, 813, 814, -1,
      785, 814, 784, -1,
      784, 814, 815, -1,
      784, 815, 781, -1,
      781, 815, 816, -1,
      781, 816, 779, -1,
      779, 816, 786, -1,
      760, 817, 761, -1,
      761, 817, 818, -1,
      761, 818, 768, -1,
      768, 818, 819, -1,
      768, 819, 769, -1,
      769, 819, 820, -1,
      769, 820, 767, -1,
      767, 820, 821, -1,
      767, 821, 770, -1,
      770, 821, 822, -1,
      770, 822, 782, -1,
      782, 822, 823, -1,
      782, 823, 783, -1,
      783, 823, 824, -1,
      783, 824, 751, -1,
      751, 824, 825, -1,
      751, 825, 749, -1,
      749, 825, 826, -1,
      749, 826, 756, -1,
      756, 826, 827, -1,
      756, 827, 757, -1,
      757, 827, 828, -1,
      757, 828, 758, -1,
      758, 828, 829, -1,
      758, 829, 762, -1,
      762, 829, 830, -1,
      762, 830, 763, -1,
      763, 830, 831, -1,
      763, 831, 730, -1,
      730, 831, 832, -1,
      730, 832, 729, -1,
      729, 832, 833, -1,
      729, 833, 724, -1,
      724, 833, 834, -1,
      724, 834, 725, -1,
      725, 834, 835, -1,
      725, 835, 726, -1,
      726, 835, 836, -1,
      726, 836, 727, -1,
      727, 836, 837, -1,
      727, 837, 728, -1,
      728, 837, 838, -1,
      728, 838, 734, -1,
      734, 838, 839, -1,
      734, 839, 735, -1,
      735, 839, 840, -1,
      735, 840, 736, -1,
      736, 840, 841, -1,
      736, 841, 737, -1,
      737, 841, 842, -1,
      737, 842, 738, -1,
      738, 842, 843, -1,
      738, 843, 746, -1,
      746, 843, 844, -1,
      746, 844, 747, -1,
      747, 844, 845, -1,
      747, 845, 748, -1,
      748, 845, 846, -1,
      748, 846, 759, -1,
      759, 846, 847, -1,
      759, 847, 760, -1,
      760, 847, 817, -1,
      848, 849, 850, -1,
      850, 849, 851, -1,
      851, 849, 852, -1,
      851, 852, 853, -1,
      853, 852, 854, -1,
      853, 854, 855, -1,
      854, 856, 855, -1,
      855, 856, 857, -1,
      855, 857, 858, -1,
      858, 857, 859, -1,
      858, 859, 860, -1,
      860, 859, 861, -1,
      860, 861, 862, -1,
      862, 861, 863, -1,
      864, 865, 866, -1,
      866, 865, 867, -1,
      866, 867, 868, -1,
      868, 867, 869, -1,
      868, 869, 870, -1,
      870, 869, 871, -1,
      870, 871, 872, -1,
      872, 871, 873, -1,
      874, 875, 876, -1,
      876, 875, 877, -1,
      876, 877, 878, -1,
      878, 877, 879, -1,
      878, 879, 880, -1,
      880, 879, 881, -1,
      880, 881, 882, -1,
      882, 881, 883, -1,
      882, 883, 884, -1,
      884, 883, 885, -1,
      884, 885, 886, -1,
      886, 885, 887, -1,
      886, 887, 888, -1,
      888, 887, 889, -1,
      888, 889, 890, -1,
      890, 889, 891, -1,
      890, 891, 864, -1,
      864, 891, 892, -1,
      864, 892, 865, -1,
      861, 893, 863, -1,
      863, 893, 894, -1,
      863, 894, 895, -1,
      895, 894, 896, -1,
      895, 896, 897, -1,
      897, 896, 898, -1,
      897, 898, 899, -1,
      899, 898, 900, -1,
      899, 900, 901, -1,
      901, 900, 902, -1,
      901, 902, 903, -1,
      903, 902, 875, -1,
      903, 875, 904, -1,
      904, 875, 874, -1,
      850, 905, 848, -1,
      848, 905, 906, -1,
      848, 906, 873, -1,
      873, 906, 907, -1,
      873, 907, 872, -1,
      908, 909, 910, -1,
      910, 909, 911, -1,
      911, 909, 912, -1,
      911, 912, 913, -1,
      913, 912, 914, -1,
      913, 914, 915, -1,
      910, 916, 908, -1,
      908, 916, 917, -1,
      908, 917, 918, -1,
      918, 917, 919, -1,
      918, 919, 920, -1,
      920, 919, 921, -1,
      920, 921, 922, -1,
      922, 921, 923, -1,
      924, 925, 926, -1,
      926, 925, 927, -1,
      926, 927, 928, -1,
      928, 927, 929, -1,
      928, 929, 930, -1,
      930, 929, 931, -1,
      930, 931, 932, -1,
      932, 931, 933, -1,
      932, 933, 934, -1,
      934, 933, 935, -1,
      934, 935, 936, -1,
      936, 935, 937, -1,
      936, 937, 938, -1,
      938, 937, 939, -1,
      938, 939, 940, -1,
      940, 939, 941, -1,
      940, 941, 942, -1,
      942, 941, 943, -1,
      942, 943, 944, -1,
      944, 943, 945, -1,
      944, 945, 946, -1,
      946, 945, 947, -1,
      946, 947, 948, -1,
      948, 947, 949, -1,
      948, 949, 950, -1,
      950, 949, 951, -1,
      921, 952, 923, -1,
      923, 952, 953, -1,
      923, 953, 954, -1,
      954, 953, 955, -1,
      954, 955, 956, -1,
      956, 955, 957, -1,
      956, 957, 958, -1,
      958, 957, 959, -1,
      958, 959, 960, -1,
      960, 959, 961, -1,
      960, 961, 962, -1,
      962, 961, 925, -1,
      962, 925, 963, -1,
      963, 925, 924, -1,
      914, 964, 915, -1,
      915, 964, 965, -1,
      915, 965, 951, -1,
      951, 965, 966, -1,
      951, 966, 950, -1,
      847, 862, 817, -1,
      817, 862, 863, -1,
      817, 863, 818, -1,
      818, 863, 895, -1,
      818, 895, 819, -1,
      819, 895, 897, -1,
      819, 897, 820, -1,
      820, 897, 899, -1,
      820, 899, 821, -1,
      821, 899, 901, -1,
      821, 901, 822, -1,
      822, 901, 903, -1,
      822, 903, 823, -1,
      823, 903, 904, -1,
      823, 904, 824, -1,
      824, 904, 874, -1,
      824, 874, 825, -1,
      825, 874, 876, -1,
      825, 876, 826, -1,
      826, 876, 878, -1,
      826, 878, 827, -1,
      827, 878, 880, -1,
      827, 880, 828, -1,
      828, 880, 882, -1,
      828, 882, 829, -1,
      829, 882, 884, -1,
      829, 884, 830, -1,
      830, 884, 886, -1,
      830, 886, 831, -1,
      831, 886, 888, -1,
      831, 888, 832, -1,
      832, 888, 890, -1,
      832, 890, 833, -1,
      833, 890, 864, -1,
      833, 864, 834, -1,
      834, 864, 866, -1,
      834, 866, 835, -1,
      835, 866, 868, -1,
      835, 868, 836, -1,
      836, 868, 870, -1,
      836, 870, 837, -1,
      837, 870, 872, -1,
      837, 872, 838, -1,
      838, 872, 907, -1,
      838, 907, 839, -1,
      839, 907, 906, -1,
      839, 906, 840, -1,
      840, 906, 905, -1,
      840, 905, 841, -1,
      841, 905, 850, -1,
      841, 850, 842, -1,
      842, 850, 851, -1,
      842, 851, 843, -1,
      843, 851, 853, -1,
      843, 853, 844, -1,
      844, 853, 855, -1,
      844, 855, 845, -1,
      845, 855, 858, -1,
      845, 858, 846, -1,
      846, 858, 860, -1,
      846, 860, 847, -1,
      847, 860, 862, -1,
      816, 922, 786, -1,
      786, 922, 923, -1,
      786, 923, 787, -1,
      787, 923, 954, -1,
      787, 954, 788, -1,
      788, 954, 956, -1,
      788, 956, 789, -1,
      789, 956, 958, -1,
      789, 958, 790, -1,
      790, 958, 960, -1,
      790, 960, 791, -1,
      791, 960, 962, -1,
      791, 962, 792, -1,
      792, 962, 963, -1,
      792, 963, 793, -1,
      793, 963, 924, -1,
      793, 924, 794, -1,
      794, 924, 926, -1,
      794, 926, 795, -1,
      795, 926, 928, -1,
      795, 928, 796, -1,
      796, 928, 930, -1,
      796, 930, 797, -1,
      797, 930, 932, -1,
      797, 932, 798, -1,
      798, 932, 934, -1,
      798, 934, 799, -1,
      799, 934, 936, -1,
      799, 936, 800, -1,
      800, 936, 938, -1,
      800, 938, 801, -1,
      801, 938, 940, -1,
      801, 940, 802, -1,
      802, 940, 942, -1,
      802, 942, 803, -1,
      803, 942, 944, -1,
      803, 944, 804, -1,
      804, 944, 946, -1,
      804, 946, 805, -1,
      805, 946, 948, -1,
      805, 948, 806, -1,
      806, 948, 950, -1,
      806, 950, 807, -1,
      807, 950, 966, -1,
      807, 966, 808, -1,
      808, 966, 965, -1,
      808, 965, 809, -1,
      809, 965, 964, -1,
      809, 964, 810, -1,
      810, 964, 914, -1,
      810, 914, 811, -1,
      811, 914, 912, -1,
      811, 912, 812, -1,
      812, 912, 909, -1,
      812, 909, 813, -1,
      813, 909, 908, -1,
      813, 908, 814, -1,
      814, 908, 918, -1,
      814, 918, 815, -1,
      815, 918, 920, -1,
      815, 920, 816, -1,
      816, 920, 922, -1,
      967, 968, 969, -1,
      969, 968, 970, -1,
      971, 972, 973, -1,
      969, 970, 974, -1,
      975, 976, 974, -1,
      974, 976, 971, -1,
      974, 971, 969, -1,
      969, 971, 973, -1,
      973, 972, 977, -1,
      977, 972, 978, -1,
      967, 979, 980, -1,
      981, 977, 982, -1,
      982, 977, 978, -1,
      982, 978, 980, -1,
      980, 978, 968, -1,
      980, 968, 967, -1,
      981, 982, 576, -1,
      576, 982, 574, -1,
      572, 573, 979, -1,
      979, 573, 980, -1,
      980, 573, 982, -1,
      982, 573, 574, -1,
      983, 984, 985, -1,
      986, 987, 988, -1,
      988, 987, 989, -1,
      988, 989, 985, -1,
      985, 989, 990, -1,
      985, 990, 983, -1,
      983, 990, 991, -1,
      991, 990, 992, -1,
      993, 994, 995, -1,
      991, 992, 996, -1,
      997, 998, 996, -1,
      996, 998, 993, -1,
      996, 993, 991, -1,
      991, 993, 995, -1,
      995, 994, 987, -1,
      987, 994, 989, -1,
      986, 988, 582, -1,
      582, 988, 580, -1,
      578, 579, 984, -1,
      984, 579, 985, -1,
      985, 579, 988, -1,
      988, 579, 580, -1,
      979, 586, 572, -1,
      572, 586, 585, -1,
      585, 999, 572, -1,
      572, 999, 1000, -1,
      572, 1000, 1001, -1,
      1002, 1003, 1004, -1,
      1004, 1003, 1005, -1,
      1004, 1005, 1001, -1,
      1001, 1005, 1006, -1,
      1001, 1006, 572, -1,
      967, 611, 979, -1,
      979, 611, 586, -1,
      969, 603, 967, -1,
      967, 603, 611, -1,
      973, 604, 969, -1,
      969, 604, 603, -1,
      977, 599, 973, -1,
      973, 599, 604, -1,
      981, 597, 977, -1,
      977, 597, 599, -1,
      576, 1007, 1008, -1,
      597, 981, 598, -1,
      598, 981, 576, -1,
      598, 576, 1009, -1,
      1009, 576, 1008, -1,
      576, 1010, 1007, -1,
      1007, 1010, 1011, -1,
      1007, 1011, 1012, -1,
      1012, 1011, 1013, -1,
      1012, 1013, 1014, -1,
      984, 588, 578, -1,
      578, 588, 587, -1,
      1015, 1016, 578, -1,
      1016, 1017, 578, -1,
      578, 1017, 1018, -1,
      578, 1018, 1019, -1,
      1019, 1018, 1020, -1,
      587, 1021, 578, -1,
      578, 1021, 1022, -1,
      578, 1022, 1015, -1,
      983, 590, 984, -1,
      984, 590, 588, -1,
      991, 592, 983, -1,
      983, 592, 590, -1,
      995, 608, 991, -1,
      991, 608, 592, -1,
      987, 594, 995, -1,
      995, 594, 608, -1,
      986, 595, 987, -1,
      987, 595, 594, -1,
      1023, 582, 1024, -1,
      1024, 582, 1025, -1,
      1024, 1025, 1026, -1,
      1023, 1027, 582, -1,
      582, 1027, 1028, -1,
      582, 1028, 1029, -1,
      595, 986, 596, -1,
      596, 986, 582, -1,
      596, 582, 1030, -1,
      1030, 582, 1029, -1,
      582, 583, 1031, -1,
      582, 1031, 1025, -1,
      1025, 1031, 1032, -1,
      1025, 1032, 1026, -1,
      1026, 1032, 1033, -1,
      1026, 1033, 1024, -1,
      1034, 1027, 1033, -1,
      1033, 1027, 1023, -1,
      1033, 1023, 1024, -1,
      1035, 615, 596, -1,
      596, 1030, 1035, -1,
      1035, 1030, 1029, -1,
      1035, 1029, 1034, -1,
      1034, 1029, 1028, -1,
      1034, 1028, 1027, -1,
      670, 667, 1036, -1,
      666, 664, 1037, -1,
      659, 661, 1038, -1,
      652, 654, 1039, -1,
      645, 647, 1040, -1,
      601, 637, 1041, -1,
      1041, 637, 1042, -1,
      1041, 1042, 1043, -1,
      1043, 1042, 1044, -1,
      1043, 1044, 1045, -1,
      1045, 1044, 1046, -1,
      1045, 1046, 1047, -1,
      1047, 1046, 1048, -1,
      1047, 1048, 1049, -1,
      1049, 1048, 1040, -1,
      633, 632, 1050, -1,
      1050, 632, 1051, -1,
      1050, 1051, 1052, -1,
      1052, 1051, 1053, -1,
      1052, 1053, 1054, -1,
      1054, 1053, 1055, -1,
      1054, 1055, 1056, -1,
      1056, 1055, 1057, -1,
      1056, 1057, 1058, -1,
      1058, 1057, 1039, -1,
      634, 631, 1059, -1,
      1059, 631, 1060, -1,
      1059, 1060, 1061, -1,
      1061, 1060, 1062, -1,
      1061, 1062, 1063, -1,
      1063, 1062, 1064, -1,
      1063, 1064, 1065, -1,
      1065, 1064, 1066, -1,
      1065, 1066, 1067, -1,
      1067, 1066, 1038, -1,
      602, 601, 1068, -1,
      1068, 601, 1041, -1,
      1068, 1041, 1069, -1,
      1069, 1041, 1043, -1,
      1069, 1043, 1070, -1,
      1070, 1043, 1045, -1,
      1070, 1045, 1071, -1,
      1071, 1045, 1047, -1,
      1071, 1047, 1072, -1,
      1072, 1047, 1049, -1,
      1072, 1049, 564, -1,
      564, 1049, 643, -1,
      1040, 647, 1049, -1,
      1049, 647, 648, -1,
      1049, 648, 643, -1,
      649, 645, 1073, -1,
      1073, 645, 1040, -1,
      1073, 1040, 1074, -1,
      1074, 1040, 1048, -1,
      1074, 1048, 1075, -1,
      1075, 1048, 1046, -1,
      1075, 1046, 1076, -1,
      1076, 1046, 1044, -1,
      1076, 1044, 1077, -1,
      1077, 1044, 1042, -1,
      1077, 1042, 636, -1,
      636, 1042, 637, -1,
      636, 633, 1077, -1,
      1077, 633, 1050, -1,
      1077, 1050, 1076, -1,
      1076, 1050, 1052, -1,
      1076, 1052, 1075, -1,
      1075, 1052, 1054, -1,
      1075, 1054, 1074, -1,
      1074, 1054, 1056, -1,
      1074, 1056, 1073, -1,
      1073, 1056, 1058, -1,
      1073, 1058, 649, -1,
      649, 1058, 650, -1,
      1039, 654, 1058, -1,
      1058, 654, 655, -1,
      1058, 655, 650, -1,
      656, 652, 1078, -1,
      1078, 652, 1039, -1,
      1078, 1039, 1079, -1,
      1079, 1039, 1057, -1,
      1079, 1057, 1080, -1,
      1080, 1057, 1055, -1,
      1080, 1055, 1081, -1,
      1081, 1055, 1053, -1,
      1081, 1053, 1082, -1,
      1082, 1053, 1051, -1,
      1082, 1051, 635, -1,
      635, 1051, 632, -1,
      635, 634, 1082, -1,
      1082, 634, 1059, -1,
      1082, 1059, 1081, -1,
      1081, 1059, 1061, -1,
      1081, 1061, 1080, -1,
      1080, 1061, 1063, -1,
      1080, 1063, 1079, -1,
      1079, 1063, 1065, -1,
      1079, 1065, 1078, -1,
      1078, 1065, 1067, -1,
      1078, 1067, 656, -1,
      656, 1067, 657, -1,
      1038, 661, 1067, -1,
      1067, 661, 662, -1,
      1067, 662, 657, -1,
      663, 659, 1083, -1,
      1083, 659, 1038, -1,
      1083, 1038, 1084, -1,
      1084, 1038, 1066, -1,
      1084, 1066, 1085, -1,
      1085, 1066, 1064, -1,
      1085, 1064, 1086, -1,
      1086, 1064, 1062, -1,
      1086, 1062, 1087, -1,
      1087, 1062, 1060, -1,
      1087, 1060, 630, -1,
      630, 1060, 631, -1,
      630, 629, 1087, -1,
      1087, 629, 1088, -1,
      1087, 1088, 1086, -1,
      1086, 1088, 1089, -1,
      1086, 1089, 1085, -1,
      1085, 1089, 1090, -1,
      1085, 1090, 1084, -1,
      1084, 1090, 1091, -1,
      1084, 1091, 1083, -1,
      1083, 1091, 1037, -1,
      1083, 1037, 663, -1,
      663, 1037, 664, -1,
      667, 666, 1036, -1,
      1036, 666, 1037, -1,
      1036, 1037, 1092, -1,
      1092, 1037, 1091, -1,
      1092, 1091, 1093, -1,
      1093, 1091, 1090, -1,
      1093, 1090, 1094, -1,
      1094, 1090, 1089, -1,
      1094, 1089, 1095, -1,
      1095, 1089, 1088, -1,
      1095, 1088, 617, -1,
      617, 1088, 629, -1,
      669, 670, 1096, -1,
      1096, 670, 1036, -1,
      1096, 1036, 1097, -1,
      1097, 1036, 1092, -1,
      1097, 1092, 1098, -1,
      1098, 1092, 1093, -1,
      1098, 1093, 1099, -1,
      1099, 1093, 1094, -1,
      1099, 1094, 1100, -1,
      1100, 1094, 1095, -1,
      1100, 1095, 616, -1,
      616, 1095, 617, -1,
      616, 615, 1100, -1,
      1100, 615, 1035, -1,
      1100, 1035, 1099, -1,
      1099, 1035, 1034, -1,
      1099, 1034, 1098, -1,
      1098, 1034, 1033, -1,
      1098, 1033, 1097, -1,
      1097, 1033, 1032, -1,
      1097, 1032, 1096, -1,
      1096, 1032, 1031, -1,
      1096, 1031, 669, -1,
      669, 1031, 583, -1,
      1006, 1101, 572, -1,
      572, 1101, 1102, -1,
      572, 1102, 566, -1,
      1005, 1003, 1103, -1,
      1103, 1104, 1005, -1,
      1005, 1104, 1105, -1,
      1005, 1105, 1006, -1,
      1006, 1105, 1106, -1,
      1006, 1106, 1101, -1,
      1107, 1108, 1002, -1,
      1002, 1108, 1109, -1,
      1002, 1109, 1003, -1,
      1003, 1109, 1110, -1,
      1003, 1110, 1103, -1,
      1002, 1004, 1107, -1,
      1107, 1004, 1001, -1,
      1107, 1001, 1111, -1,
      1111, 1001, 1112, -1,
      585, 584, 999, -1,
      999, 584, 1112, -1,
      999, 1112, 1000, -1,
      1000, 1112, 1001, -1,
      584, 602, 1112, -1,
      1112, 602, 1068, -1,
      1069, 1107, 1068, -1,
      1068, 1107, 1111, -1,
      1068, 1111, 1112, -1,
      1070, 1109, 1069, -1,
      1069, 1109, 1108, -1,
      1069, 1108, 1107, -1,
      1071, 1103, 1070, -1,
      1070, 1103, 1110, -1,
      1070, 1110, 1109, -1,
      1072, 1105, 1071, -1,
      1071, 1105, 1104, -1,
      1071, 1104, 1103, -1,
      566, 1102, 564, -1,
      564, 1102, 1101, -1,
      564, 1101, 1072, -1,
      1072, 1101, 1106, -1,
      1072, 1106, 1105, -1,
      576, 577, 1113, -1,
      576, 1113, 1010, -1,
      1010, 1113, 1114, -1,
      1010, 1114, 1011, -1,
      1114, 1115, 1011, -1,
      1011, 1115, 1116, -1,
      1011, 1116, 1013, -1,
      1116, 1117, 1013, -1,
      1013, 1117, 1118, -1,
      1013, 1118, 1014, -1,
      1119, 600, 598, -1,
      1118, 1120, 1014, -1,
      1014, 1120, 1121, -1,
      1014, 1121, 1012, -1,
      1012, 1121, 1122, -1,
      1012, 1122, 1007, -1,
      1007, 1122, 1123, -1,
      1007, 1123, 1008, -1,
      1008, 1123, 1119, -1,
      1008, 1119, 1009, -1,
      1009, 1119, 598, -1,
      682, 680, 1124, -1,
      679, 677, 1125, -1,
      673, 671, 1126, -1,
      600, 1119, 612, -1,
      612, 1119, 1127, -1,
      1119, 1123, 1127, -1,
      1127, 1123, 1122, -1,
      1127, 1122, 1128, -1,
      1122, 1121, 1128, -1,
      1128, 1121, 1120, -1,
      1128, 1120, 1129, -1,
      1120, 1118, 1129, -1,
      1129, 1118, 1117, -1,
      1129, 1117, 1130, -1,
      623, 622, 1131, -1,
      1131, 622, 1132, -1,
      1131, 1132, 1133, -1,
      1133, 1132, 1134, -1,
      1133, 1134, 1135, -1,
      1135, 1134, 1136, -1,
      1135, 1136, 1137, -1,
      1137, 1136, 1138, -1,
      1137, 1138, 1139, -1,
      1139, 1138, 1125, -1,
      613, 612, 1140, -1,
      1140, 612, 1127, -1,
      1140, 1127, 1141, -1,
      1141, 1127, 1128, -1,
      1141, 1128, 1142, -1,
      1142, 1128, 1129, -1,
      1142, 1129, 1143, -1,
      1143, 1129, 1130, -1,
      1143, 1130, 1144, -1,
      1144, 1130, 1145, -1,
      609, 610, 1146, -1,
      1146, 610, 1147, -1,
      1146, 1147, 1148, -1,
      1148, 1147, 1149, -1,
      1148, 1149, 1150, -1,
      1150, 1149, 1151, -1,
      1150, 1151, 1152, -1,
      1152, 1151, 1153, -1,
      1152, 1153, 1154, -1,
      1154, 1153, 1126, -1,
      1154, 1126, 36, -1,
      36, 1126, 671, -1,
      674, 673, 1139, -1,
      1139, 673, 1126, -1,
      1139, 1126, 1137, -1,
      1137, 1126, 1153, -1,
      1137, 1153, 1135, -1,
      1135, 1153, 1151, -1,
      1135, 1151, 1133, -1,
      1133, 1151, 1149, -1,
      1133, 1149, 1131, -1,
      1131, 1149, 1147, -1,
      1131, 1147, 623, -1,
      623, 1147, 610, -1,
      1125, 677, 1139, -1,
      1139, 677, 676, -1,
      1139, 676, 674, -1,
      680, 679, 1124, -1,
      1124, 679, 1125, -1,
      1124, 1125, 1155, -1,
      1155, 1125, 1138, -1,
      1155, 1138, 1156, -1,
      1156, 1138, 1136, -1,
      1156, 1136, 1157, -1,
      1157, 1136, 1134, -1,
      1157, 1134, 1158, -1,
      1158, 1134, 1132, -1,
      1158, 1132, 614, -1,
      614, 1132, 622, -1,
      683, 682, 1144, -1,
      1144, 682, 1124, -1,
      1144, 1124, 1143, -1,
      1143, 1124, 1155, -1,
      1143, 1155, 1142, -1,
      1142, 1155, 1156, -1,
      1142, 1156, 1141, -1,
      1141, 1156, 1157, -1,
      1141, 1157, 1140, -1,
      1140, 1157, 1158, -1,
      1140, 1158, 613, -1,
      613, 1158, 614, -1,
      1117, 1116, 1130, -1,
      1130, 1116, 1115, -1,
      1130, 1115, 1145, -1,
      1145, 1115, 1114, -1,
      1145, 1114, 1113, -1,
      683, 1144, 686, -1,
      686, 1144, 1145, -1,
      686, 1145, 685, -1,
      685, 1145, 1113, -1,
      685, 1113, 577, -1,
      36, 556, 1159, -1,
      36, 1159, 1154, -1,
      1154, 1159, 1160, -1,
      1154, 1160, 1152, -1,
      1152, 1160, 1161, -1,
      1152, 1161, 1150, -1,
      1150, 1161, 1162, -1,
      1150, 1162, 1148, -1,
      1148, 1162, 1163, -1,
      1148, 1163, 1146, -1,
      1146, 1163, 605, -1,
      1146, 605, 609, -1,
      605, 1163, 1164, -1,
      1163, 1162, 1165, -1,
      1162, 1161, 1166, -1,
      1161, 1160, 1167, -1,
      1159, 556, 709, -1,
      1160, 1159, 1168, -1,
      1168, 1159, 709, -1,
      1168, 709, 1169, -1,
      1169, 709, 710, -1,
      704, 1170, 706, -1,
      706, 1170, 1169, -1,
      706, 1169, 707, -1,
      707, 1169, 710, -1,
      703, 1171, 704, -1,
      704, 1171, 1172, -1,
      704, 1172, 1170, -1,
      698, 1173, 700, -1,
      700, 1173, 1171, -1,
      700, 1171, 701, -1,
      701, 1171, 703, -1,
      697, 1174, 698, -1,
      698, 1174, 1175, -1,
      698, 1175, 1173, -1,
      692, 1176, 694, -1,
      694, 1176, 1174, -1,
      694, 1174, 695, -1,
      695, 1174, 697, -1,
      691, 1177, 692, -1,
      692, 1177, 1178, -1,
      692, 1178, 1176, -1,
      691, 688, 1177, -1,
      1177, 688, 687, -1,
      1177, 687, 1179, -1,
      1160, 1168, 1167, -1,
      1167, 1168, 1169, -1,
      1167, 1169, 1180, -1,
      1180, 1169, 1170, -1,
      1180, 1170, 1181, -1,
      1181, 1170, 1172, -1,
      1181, 1172, 1182, -1,
      1182, 1172, 1171, -1,
      1182, 1171, 1183, -1,
      1183, 1171, 1173, -1,
      1183, 1173, 1184, -1,
      1184, 1173, 1175, -1,
      1184, 1175, 1185, -1,
      1185, 1175, 1174, -1,
      1185, 1174, 1186, -1,
      1186, 1174, 1176, -1,
      1186, 1176, 1187, -1,
      1187, 1176, 1178, -1,
      1187, 1178, 1188, -1,
      1188, 1178, 1177, -1,
      1188, 1177, 1189, -1,
      1189, 1177, 1179, -1,
      1189, 1179, 1190, -1,
      1161, 1167, 1166, -1,
      1166, 1167, 1180, -1,
      1166, 1180, 1191, -1,
      1191, 1180, 1181, -1,
      1191, 1181, 1192, -1,
      1192, 1181, 1182, -1,
      1192, 1182, 1193, -1,
      1193, 1182, 1183, -1,
      1193, 1183, 1194, -1,
      1194, 1183, 1184, -1,
      1194, 1184, 1195, -1,
      1195, 1184, 1185, -1,
      1195, 1185, 1196, -1,
      1196, 1185, 1186, -1,
      1196, 1186, 1197, -1,
      1197, 1186, 1187, -1,
      1197, 1187, 1198, -1,
      1198, 1187, 1188, -1,
      1198, 1188, 1199, -1,
      1199, 1188, 1189, -1,
      1199, 1189, 1200, -1,
      1200, 1189, 1190, -1,
      1200, 1190, 1201, -1,
      1162, 1166, 1165, -1,
      1165, 1166, 1191, -1,
      1165, 1191, 1202, -1,
      1202, 1191, 1192, -1,
      1202, 1192, 1203, -1,
      1203, 1192, 1193, -1,
      1203, 1193, 1204, -1,
      1204, 1193, 1194, -1,
      1204, 1194, 1205, -1,
      1205, 1194, 1195, -1,
      1205, 1195, 1206, -1,
      1206, 1195, 1196, -1,
      1206, 1196, 1207, -1,
      1207, 1196, 1197, -1,
      1207, 1197, 1208, -1,
      1208, 1197, 1198, -1,
      1208, 1198, 1209, -1,
      1209, 1198, 1199, -1,
      1209, 1199, 1210, -1,
      1210, 1199, 1200, -1,
      1210, 1200, 1211, -1,
      1211, 1200, 1201, -1,
      1211, 1201, 1212, -1,
      1163, 1165, 1164, -1,
      1164, 1165, 1202, -1,
      1164, 1202, 1213, -1,
      1213, 1202, 1203, -1,
      1213, 1203, 1214, -1,
      1214, 1203, 1204, -1,
      1214, 1204, 1215, -1,
      1215, 1204, 1205, -1,
      1215, 1205, 1216, -1,
      1216, 1205, 1206, -1,
      1216, 1206, 1217, -1,
      1217, 1206, 1207, -1,
      1217, 1207, 1218, -1,
      1218, 1207, 1208, -1,
      1218, 1208, 1219, -1,
      1219, 1208, 1209, -1,
      1219, 1209, 1220, -1,
      1220, 1209, 1210, -1,
      1220, 1210, 1221, -1,
      1221, 1210, 1211, -1,
      1221, 1211, 1222, -1,
      1222, 1211, 1212, -1,
      1222, 1212, 1223, -1,
      605, 1164, 618, -1,
      618, 1164, 1213, -1,
      618, 1213, 619, -1,
      619, 1213, 1214, -1,
      619, 1214, 620, -1,
      620, 1214, 1215, -1,
      620, 1215, 621, -1,
      621, 1215, 1216, -1,
      621, 1216, 624, -1,
      624, 1216, 1217, -1,
      624, 1217, 625, -1,
      625, 1217, 1218, -1,
      625, 1218, 606, -1,
      606, 1218, 1219, -1,
      606, 1219, 607, -1,
      607, 1219, 1220, -1,
      607, 1220, 626, -1,
      626, 1220, 1221, -1,
      626, 1221, 627, -1,
      627, 1221, 1222, -1,
      627, 1222, 628, -1,
      628, 1222, 1223, -1,
      628, 1223, 638, -1,
      723, 720, 1224, -1,
      719, 717, 1225, -1,
      713, 711, 1226, -1,
      642, 641, 1227, -1,
      1227, 641, 1228, -1,
      1227, 1228, 1229, -1,
      1229, 1228, 1230, -1,
      1229, 1230, 1231, -1,
      1231, 1230, 1232, -1,
      1231, 1232, 1233, -1,
      1233, 1232, 1234, -1,
      1233, 1234, 1235, -1,
      1235, 1234, 1225, -1,
      591, 593, 1236, -1,
      1236, 593, 1237, -1,
      1236, 1237, 1238, -1,
      1238, 1237, 1239, -1,
      1238, 1239, 1240, -1,
      1240, 1239, 1241, -1,
      1240, 1241, 1242, -1,
      1242, 1241, 1243, -1,
      1242, 1243, 1244, -1,
      1244, 1243, 1226, -1,
      1244, 1226, 568, -1,
      568, 1226, 711, -1,
      714, 713, 1235, -1,
      1235, 713, 1226, -1,
      1235, 1226, 1233, -1,
      1233, 1226, 1243, -1,
      1233, 1243, 1231, -1,
      1231, 1243, 1241, -1,
      1231, 1241, 1229, -1,
      1229, 1241, 1239, -1,
      1229, 1239, 1227, -1,
      1227, 1239, 1237, -1,
      1227, 1237, 642, -1,
      642, 1237, 593, -1,
      1225, 717, 1235, -1,
      1235, 717, 716, -1,
      1235, 716, 714, -1,
      720, 719, 1224, -1,
      1224, 719, 1225, -1,
      1224, 1225, 1245, -1,
      1245, 1225, 1234, -1,
      1245, 1234, 1246, -1,
      1246, 1234, 1232, -1,
      1246, 1232, 1247, -1,
      1247, 1232, 1230, -1,
      1247, 1230, 1248, -1,
      1248, 1230, 1228, -1,
      1248, 1228, 640, -1,
      640, 1228, 641, -1,
      722, 723, 1249, -1,
      1249, 723, 1224, -1,
      1249, 1224, 1250, -1,
      1250, 1224, 1245, -1,
      1250, 1245, 1251, -1,
      1251, 1245, 1246, -1,
      1251, 1246, 1252, -1,
      1252, 1246, 1247, -1,
      1252, 1247, 1253, -1,
      1253, 1247, 1248, -1,
      1253, 1248, 639, -1,
      639, 1248, 640, -1,
      639, 638, 1253, -1,
      1253, 638, 1223, -1,
      1253, 1223, 1252, -1,
      1252, 1223, 1212, -1,
      1252, 1212, 1251, -1,
      1251, 1212, 1201, -1,
      1251, 1201, 1250, -1,
      1250, 1201, 1190, -1,
      1250, 1190, 1249, -1,
      1249, 1190, 1179, -1,
      1249, 1179, 722, -1,
      722, 1179, 687, -1,
      1019, 1254, 578, -1,
      578, 1254, 1255, -1,
      578, 1255, 570, -1,
      1256, 1257, 1020, -1,
      1020, 1257, 1258, -1,
      1020, 1258, 1019, -1,
      1019, 1258, 1259, -1,
      1019, 1259, 1254, -1,
      1020, 1018, 1256, -1,
      1256, 1018, 1017, -1,
      1256, 1017, 1260, -1,
      1017, 1016, 1260, -1,
      1260, 1016, 1015, -1,
      1260, 1015, 1261, -1,
      587, 589, 1021, -1,
      1021, 589, 1261, -1,
      1021, 1261, 1022, -1,
      1022, 1261, 1015, -1,
      589, 591, 1236, -1,
      589, 1236, 1261, -1,
      1261, 1236, 1238, -1,
      1261, 1238, 1260, -1,
      1260, 1238, 1240, -1,
      1260, 1240, 1256, -1,
      1256, 1240, 1257, -1,
      1257, 1240, 1242, -1,
      1257, 1242, 1258, -1,
      1258, 1242, 1259, -1,
      1259, 1242, 1244, -1,
      1259, 1244, 1254, -1,
      1254, 1244, 1255, -1,
      1255, 1244, 568, -1,
      1255, 568, 570, -1,
      1262, 996, 992, -1,
      1262, 992, 1263, -1,
      994, 993, 1264, -1,
      1264, 1265, 994, -1,
      994, 1265, 1266, -1,
      994, 1266, 1267, -1,
      1268, 1269, 989, -1,
      989, 1269, 1270, -1,
      989, 1270, 1271, -1,
      1272, 1273, 990, -1,
      990, 1273, 1274, -1,
      990, 1274, 1275, -1,
      1276, 1277, 992, -1,
      992, 1277, 1278, -1,
      992, 1278, 1263, -1,
      1275, 1279, 990, -1,
      990, 1279, 1280, -1,
      990, 1280, 992, -1,
      992, 1280, 1281, -1,
      992, 1281, 1276, -1,
      1267, 1282, 994, -1,
      994, 1282, 1283, -1,
      994, 1283, 989, -1,
      989, 1283, 1284, -1,
      989, 1284, 1268, -1,
      1271, 1285, 989, -1,
      989, 1285, 1286, -1,
      989, 1286, 990, -1,
      990, 1286, 1287, -1,
      990, 1287, 1272, -1,
      972, 971, 1288, -1,
      1288, 1289, 972, -1,
      972, 1289, 1290, -1,
      972, 1290, 1291, -1,
      1292, 1293, 978, -1,
      978, 1293, 1294, -1,
      978, 1294, 1295, -1,
      1296, 1297, 968, -1,
      968, 1297, 1298, -1,
      968, 1298, 1299, -1,
      1291, 1300, 972, -1,
      972, 1300, 1301, -1,
      972, 1301, 978, -1,
      978, 1301, 1302, -1,
      978, 1302, 1292, -1,
      1303, 1304, 970, -1,
      970, 1304, 1305, -1,
      970, 1305, 974, -1,
      1306, 1307, 970, -1,
      970, 1307, 1308, -1,
      970, 1308, 1303, -1,
      1295, 1309, 978, -1,
      978, 1309, 1310, -1,
      978, 1310, 968, -1,
      968, 1310, 1311, -1,
      968, 1311, 1296, -1,
      1299, 1312, 968, -1,
      968, 1312, 1313, -1,
      968, 1313, 970, -1,
      970, 1313, 1314, -1,
      970, 1314, 1306, -1,
      1315, 1287, 1316, -1,
      1316, 1287, 1286, -1,
      1317, 1281, 1318, -1,
      1318, 1281, 1280, -1,
      1319, 1284, 1320, -1,
      1320, 1284, 1283, -1,
      1321, 1302, 1322, -1,
      1322, 1302, 1301, -1,
      1323, 1311, 1324, -1,
      1324, 1311, 1310, -1,
      1325, 1314, 1326, -1,
      1326, 1314, 1313, -1,
      1314, 1325, 1306, -1,
      1306, 1325, 1327, -1,
      1306, 1327, 1307, -1,
      1307, 1327, 1328, -1,
      1307, 1328, 1308, -1,
      1308, 1328, 1329, -1,
      1308, 1329, 1303, -1,
      1303, 1329, 1330, -1,
      1303, 1330, 1304, -1,
      1304, 1330, 1331, -1,
      1304, 1331, 1305, -1,
      1305, 1331, 1332, -1,
      1305, 1332, 974, -1,
      974, 1332, 975, -1,
      971, 976, 1288, -1,
      1288, 976, 1333, -1,
      1288, 1333, 1289, -1,
      1289, 1333, 1334, -1,
      1289, 1334, 1290, -1,
      1290, 1334, 1335, -1,
      1290, 1335, 1291, -1,
      1291, 1335, 1336, -1,
      1291, 1336, 1300, -1,
      1300, 1336, 1337, -1,
      1300, 1337, 1301, -1,
      1301, 1337, 1322, -1,
      993, 998, 1264, -1,
      1264, 998, 1338, -1,
      1264, 1338, 1265, -1,
      1265, 1338, 1339, -1,
      1265, 1339, 1266, -1,
      1266, 1339, 1340, -1,
      1266, 1340, 1267, -1,
      1267, 1340, 1341, -1,
      1267, 1341, 1282, -1,
      1282, 1341, 1342, -1,
      1282, 1342, 1283, -1,
      1283, 1342, 1320, -1,
      1281, 1317, 1276, -1,
      1276, 1317, 1343, -1,
      1276, 1343, 1277, -1,
      1277, 1343, 1344, -1,
      1277, 1344, 1278, -1,
      1278, 1344, 1345, -1,
      1278, 1345, 1263, -1,
      1263, 1345, 1346, -1,
      1263, 1346, 1262, -1,
      1262, 1346, 1347, -1,
      1262, 1347, 996, -1,
      996, 1347, 997, -1,
      1311, 1323, 1296, -1,
      1296, 1323, 1348, -1,
      1296, 1348, 1297, -1,
      1297, 1348, 1349, -1,
      1297, 1349, 1298, -1,
      1298, 1349, 1350, -1,
      1298, 1350, 1299, -1,
      1299, 1350, 1351, -1,
      1299, 1351, 1312, -1,
      1312, 1351, 1352, -1,
      1312, 1352, 1313, -1,
      1313, 1352, 1326, -1,
      1302, 1321, 1292, -1,
      1292, 1321, 1353, -1,
      1292, 1353, 1293, -1,
      1293, 1353, 1354, -1,
      1293, 1354, 1294, -1,
      1294, 1354, 1355, -1,
      1294, 1355, 1295, -1,
      1295, 1355, 1356, -1,
      1295, 1356, 1309, -1,
      1309, 1356, 1357, -1,
      1309, 1357, 1310, -1,
      1310, 1357, 1324, -1,
      1284, 1319, 1268, -1,
      1268, 1319, 1358, -1,
      1268, 1358, 1269, -1,
      1269, 1358, 1359, -1,
      1269, 1359, 1270, -1,
      1270, 1359, 1360, -1,
      1270, 1360, 1271, -1,
      1271, 1360, 1361, -1,
      1271, 1361, 1285, -1,
      1285, 1361, 1362, -1,
      1285, 1362, 1286, -1,
      1286, 1362, 1316, -1,
      1287, 1315, 1272, -1,
      1272, 1315, 1363, -1,
      1272, 1363, 1273, -1,
      1273, 1363, 1364, -1,
      1273, 1364, 1274, -1,
      1274, 1364, 1365, -1,
      1274, 1365, 1275, -1,
      1275, 1365, 1366, -1,
      1275, 1366, 1279, -1,
      1279, 1366, 1367, -1,
      1279, 1367, 1280, -1,
      1280, 1367, 1318, -1,
      975, 889, 976, -1,
      976, 889, 887, -1,
      1325, 873, 1327, -1,
      1327, 873, 871, -1,
      1327, 871, 1328, -1,
      1328, 871, 869, -1,
      1328, 869, 1329, -1,
      1329, 869, 867, -1,
      1329, 867, 1330, -1,
      1330, 867, 865, -1,
      1330, 865, 1331, -1,
      1331, 865, 892, -1,
      1331, 892, 1332, -1,
      1332, 892, 891, -1,
      1332, 891, 975, -1,
      975, 891, 889, -1,
      976, 887, 1333, -1,
      1333, 887, 885, -1,
      1333, 885, 1334, -1,
      1334, 885, 883, -1,
      1334, 883, 1335, -1,
      1335, 883, 881, -1,
      1335, 881, 1336, -1,
      1336, 881, 879, -1,
      1336, 879, 1337, -1,
      1337, 879, 877, -1,
      1337, 877, 1322, -1,
      1322, 877, 875, -1,
      1326, 848, 1325, -1,
      1325, 848, 873, -1,
      902, 1321, 875, -1,
      875, 1321, 1322, -1,
      1323, 859, 1348, -1,
      1348, 859, 857, -1,
      1348, 857, 1349, -1,
      1349, 857, 856, -1,
      1349, 856, 1350, -1,
      1350, 856, 854, -1,
      1350, 854, 1351, -1,
      1351, 854, 852, -1,
      1351, 852, 1352, -1,
      1352, 852, 849, -1,
      1352, 849, 1326, -1,
      1326, 849, 848, -1,
      1321, 902, 1353, -1,
      1353, 902, 900, -1,
      1353, 900, 1354, -1,
      1354, 900, 898, -1,
      1354, 898, 1355, -1,
      1355, 898, 896, -1,
      1355, 896, 1356, -1,
      1356, 896, 894, -1,
      1356, 894, 1357, -1,
      1357, 894, 893, -1,
      1357, 893, 1324, -1,
      1324, 893, 861, -1,
      1324, 861, 1323, -1,
      1323, 861, 859, -1,
      1316, 939, 1315, -1,
      1315, 939, 937, -1,
      1319, 951, 1358, -1,
      1358, 951, 949, -1,
      1358, 949, 1359, -1,
      1359, 949, 947, -1,
      1359, 947, 1360, -1,
      1360, 947, 945, -1,
      1360, 945, 1361, -1,
      1361, 945, 943, -1,
      1361, 943, 1362, -1,
      1362, 943, 941, -1,
      1362, 941, 1316, -1,
      1316, 941, 939, -1,
      1315, 937, 1363, -1,
      1363, 937, 935, -1,
      1363, 935, 1364, -1,
      1364, 935, 933, -1,
      1364, 933, 1365, -1,
      1365, 933, 931, -1,
      1365, 931, 1366, -1,
      1366, 931, 929, -1,
      1366, 929, 1367, -1,
      1367, 929, 927, -1,
      1367, 927, 1318, -1,
      1318, 927, 925, -1,
      1320, 915, 1319, -1,
      1319, 915, 951, -1,
      961, 1317, 925, -1,
      925, 1317, 1318, -1,
      998, 919, 1338, -1,
      1338, 919, 917, -1,
      1338, 917, 1339, -1,
      1339, 917, 916, -1,
      1339, 916, 1340, -1,
      1340, 916, 910, -1,
      1340, 910, 1341, -1,
      1341, 910, 911, -1,
      1341, 911, 1342, -1,
      1342, 911, 913, -1,
      1342, 913, 1320, -1,
      1320, 913, 915, -1,
      1317, 961, 1343, -1,
      1343, 961, 959, -1,
      1343, 959, 1344, -1,
      1344, 959, 957, -1,
      1344, 957, 1345, -1,
      1345, 957, 955, -1,
      1345, 955, 1346, -1,
      1346, 955, 953, -1,
      1346, 953, 1347, -1,
      1347, 953, 952, -1,
      1347, 952, 997, -1,
      997, 952, 921, -1,
      997, 921, 998, -1,
      998, 921, 919, -1,
    ]
  }
}

Shape {
  appearance Appearance {
    material Material {
      diffuseColor 0.0000 0.0000 0.0000
      specularColor 0.0000 0.0000 0.0000
      ambientIntensity 0.2
      transparency 0.0000
      shininess 0.5
    }
  }
  geometry IndexedFaceSet {
    ccw TRUE
    solid FALSE
    coord DEF co Coordinate {
      point [
        0.767868 0.415354 0.387821,
        0.766620 0.415354 0.376809,
        0.961315 0.415354 0.354289,
        0.962966 0.415354 0.358623,
        0.909762 0.415354 0.416071,
        0.913319 0.415354 0.417126,
        1.000856 0.415354 0.417483,
        1.000858 0.415354 0.417126,
        0.858964 0.415354 0.381640,
        0.850996 0.415354 0.381583,
        0.848543 0.415354 0.407192,
        0.848478 0.415354 0.416402,
        0.858964 0.415354 0.416477,
        0.858964 0.415354 0.345534,
        0.847159 0.415354 0.345450,
        0.851061 0.415354 0.372414,
        0.858964 0.415354 0.372470,
        0.879695 0.415354 0.372617,
        0.879886 0.415354 0.345682,
        0.858964 0.415354 0.407266,
        0.879448 0.415354 0.407411,
        0.879630 0.415354 0.381786,
        0.890287 0.415354 0.336627,
        0.847224 0.415354 0.336322,
        0.858964 0.415354 0.336405,
        0.889719 0.415354 0.416695,
        1.001359 0.415354 0.346544,
        0.969471 0.415354 0.346318,
        0.969535 0.415354 0.337189,
        1.011759 0.415354 0.337489,
        1.011194 0.415354 0.417126,
        1.011192 0.415354 0.417556,
        0.905758 0.415354 0.414885,
        0.905835 0.415354 0.404078,
        0.924672 0.415354 0.408960,
        0.928349 0.415354 0.408810,
        0.909762 0.415354 0.348403,
        0.914823 0.415354 0.407713,
        0.906219 0.415354 0.349963,
        0.906723 0.415354 0.404565,
        0.909762 0.415354 0.405746,
        0.935245 0.415354 0.407407,
        0.941507 0.415354 0.404417,
        0.946553 0.415354 0.400232,
        0.947115 0.415354 0.399624,
        0.951021 0.415354 0.394084,
        0.953747 0.415354 0.387181,
        0.955136 0.415354 0.376222,
        0.955038 0.415354 0.372731,
        0.914137 0.415354 0.346476,
        0.923208 0.415354 0.344858,
        0.926929 0.415354 0.344747,
        0.953731 0.415354 0.364832,
        0.951115 0.415354 0.358429,
        0.947438 0.415354 0.353325,
        0.945262 0.415354 0.351207,
        0.934028 0.415354 0.345540,
        0.939886 0.415354 0.347615,
        0.934953 0.415354 0.417126,
        0.924708 0.415354 0.418294,
        0.914230 0.415354 0.417396,
        0.960061 0.415354 0.399172,
        0.954203 0.415354 0.406713,
        0.952198 0.415354 0.408600,
        0.944663 0.415354 0.413792,
        0.936269 0.415354 0.416975,
        0.963927 0.415354 0.390306,
        0.962966 0.415354 0.392509,
        0.964510 0.415354 0.362674,
        0.965988 0.415354 0.375685,
        0.965817 0.415354 0.379866,
        0.931658 0.415354 0.335767,
        0.934744 0.415354 0.335981,
        0.943172 0.415354 0.338082,
        0.950539 0.415354 0.341964,
        0.955919 0.415354 0.346672,
        0.956590 0.415354 0.347416,
        0.928488 0.415354 0.335547,
        0.926000 0.415354 0.335767,
        0.906289 0.415354 0.340057,
        0.907660 0.415354 0.339386,
        0.909762 0.415354 0.338713,
        0.916276 0.415354 0.336627,
        0.766897 0.415354 0.371703,
        0.768905 0.415354 0.362344,
        0.770771 0.415354 0.395483,
        0.772908 0.415354 0.354092,
        0.778907 0.415354 0.347054,
        0.787343 0.415354 0.341101,
        0.808689 0.415354 0.416120,
        0.796473 0.415354 0.414683,
        0.786835 0.415354 0.411085,
        0.796502 0.415354 0.337608,
        0.810076 0.415354 0.336058,
        0.832099 0.415354 0.336215,
        0.831531 0.415354 0.416282,
        0.778494 0.415354 0.405303,
        0.775674 0.415354 0.402504,
        0.969471 0.415394 0.346318,
        0.969535 0.415394 0.337189,
        1.001359 0.415394 0.346544,
        1.000856 0.415394 0.417483,
        1.011192 0.415394 0.417556,
        1.011759 0.415394 0.337489,
        0.906289 0.415394 0.340057,
        0.907660 0.415394 0.339386,
        0.928488 0.415394 0.335547,
        0.916276 0.415394 0.336627,
        0.906219 0.415394 0.349963,
        0.914137 0.415394 0.346476,
        0.923208 0.415394 0.344858,
        0.926929 0.415394 0.344747,
        0.934028 0.415394 0.345540,
        0.939886 0.415394 0.347615,
        0.945262 0.415394 0.351207,
        0.947438 0.415394 0.353325,
        0.951115 0.415394 0.358429,
        0.953731 0.415394 0.364832,
        0.955038 0.415394 0.372731,
        0.955136 0.415394 0.376222,
        0.953747 0.415394 0.387181,
        0.951021 0.415394 0.394084,
        0.947115 0.415394 0.399624,
        0.946553 0.415394 0.400232,
        0.941507 0.415394 0.404417,
        0.935245 0.415394 0.407407,
        0.928349 0.415394 0.408810,
        0.924672 0.415394 0.408960,
        0.905835 0.415394 0.404078,
        0.906723 0.415394 0.404565,
        0.914823 0.415394 0.407713,
        0.905758 0.415394 0.414885,
        0.914230 0.415394 0.417396,
        0.924708 0.415394 0.418294,
        0.936269 0.415394 0.416975,
        0.944663 0.415394 0.413792,
        0.952198 0.415394 0.408600,
        0.954203 0.415394 0.406713,
        0.960061 0.415394 0.399172,
        0.963927 0.415394 0.390306,
        0.965817 0.415394 0.379866,
        0.965988 0.415394 0.375685,
        0.964510 0.415394 0.362674,
        0.961315 0.415394 0.354289,
        0.956590 0.415394 0.347416,
        0.955919 0.415394 0.346672,
        0.934744 0.415394 0.335981,
        0.943172 0.415394 0.338082,
        0.950539 0.415394 0.341964,
        0.847159 0.415394 0.345450,
        0.847224 0.415394 0.336322,
        0.879886 0.415394 0.345682,
        0.879695 0.415394 0.372617,
        0.851061 0.415394 0.372414,
        0.850996 0.415394 0.381583,
        0.879630 0.415394 0.381786,
        0.879448 0.415394 0.407411,
        0.848543 0.415394 0.407192,
        0.848478 0.415394 0.416402,
        0.889719 0.415394 0.416695,
        0.890287 0.415394 0.336627,
        0.778907 0.415394 0.347054,
        0.787172 0.415394 0.352485,
        0.787343 0.415394 0.341101,
        0.792367 0.415394 0.348938,
        0.796502 0.415394 0.337608,
        0.799006 0.415394 0.346424,
        0.810076 0.415394 0.336058,
        0.810073 0.415394 0.345187,
        0.832099 0.415394 0.336215,
        0.821698 0.415394 0.345270,
        0.831531 0.415394 0.416282,
        0.821260 0.415394 0.406998,
        0.808689 0.415394 0.416120,
        0.809164 0.415394 0.406913,
        0.808536 0.415394 0.406905,
        0.796473 0.415394 0.414683,
        0.798235 0.415394 0.405540,
        0.786835 0.415394 0.411085,
        0.791418 0.415394 0.402878,
        0.778494 0.415394 0.405303,
        0.786110 0.415394 0.399217,
        0.775674 0.415394 0.402504,
        0.783874 0.415394 0.396978,
        0.770771 0.415394 0.395483,
        0.780807 0.415394 0.392463,
        0.767868 0.415394 0.387821,
        0.778596 0.415394 0.386590,
        0.766620 0.415394 0.376809,
        0.777490 0.415394 0.376600,
        0.766897 0.415394 0.371703,
        0.777825 0.415394 0.371245,
        0.768905 0.415394 0.362344,
        0.779472 0.415394 0.363985,
        0.772908 0.415394 0.354092,
        0.782309 0.415394 0.358098,
        0.786210 0.415394 0.353369,
        0.809164 0.415354 0.406913,
        0.821260 0.415354 0.406998,
        0.821698 0.415354 0.345270,
        0.810073 0.415354 0.345187,
        0.786210 0.415354 0.353369,
        0.787172 0.415354 0.352485,
        0.792367 0.415354 0.348938,
        0.799006 0.415354 0.346424,
        0.777490 0.415354 0.376600,
        0.777825 0.415354 0.371245,
        0.779472 0.415354 0.363985,
        0.782309 0.415354 0.358098,
        0.786110 0.415354 0.399217,
        0.783874 0.415354 0.396978,
        0.780807 0.415354 0.392463,
        0.778596 0.415354 0.386590,
        0.808536 0.415354 0.406905,
        0.798235 0.415354 0.405540,
        0.791418 0.415354 0.402878,
      ]
    }
    coordIndex [
      98, 99, 27, -1,
      27, 99, 28, -1,
      100, 98, 26, -1,
      26, 98, 27, -1,
      6, 101, 7, -1,
      7, 101, 100, -1,
      7, 100, 26, -1,
      102, 101, 31, -1,
      31, 101, 6, -1,
      29, 103, 30, -1,
      30, 103, 102, -1,
      30, 102, 31, -1,
      99, 103, 28, -1,
      28, 103, 29, -1,
      101, 102, 100, -1,
      100, 102, 103, -1,
      100, 103, 98, -1,
      98, 103, 99, -1,
      79, 104, 105, -1,
      106, 77, 78, -1,
      106, 78, 107, -1,
      78, 82, 107, -1,
      107, 82, 81, -1,
      107, 81, 105, -1,
      105, 81, 80, -1,
      105, 80, 79, -1,
      108, 104, 38, -1,
      38, 104, 79, -1,
      108, 38, 36, -1,
      108, 36, 109, -1,
      36, 49, 109, -1,
      109, 49, 50, -1,
      109, 50, 110, -1,
      110, 50, 51, -1,
      110, 51, 111, -1,
      111, 51, 56, -1,
      111, 56, 112, -1,
      112, 56, 57, -1,
      112, 57, 113, -1,
      113, 57, 55, -1,
      113, 55, 114, -1,
      114, 55, 54, -1,
      114, 54, 115, -1,
      115, 54, 53, -1,
      115, 53, 116, -1,
      116, 53, 52, -1,
      116, 52, 117, -1,
      117, 52, 48, -1,
      117, 48, 118, -1,
      118, 48, 47, -1,
      118, 47, 119, -1,
      119, 47, 46, -1,
      119, 46, 120, -1,
      120, 46, 45, -1,
      120, 45, 121, -1,
      121, 45, 44, -1,
      121, 44, 122, -1,
      122, 44, 43, -1,
      122, 43, 123, -1,
      123, 43, 42, -1,
      123, 42, 124, -1,
      124, 42, 41, -1,
      124, 41, 125, -1,
      125, 41, 35, -1,
      125, 35, 126, -1,
      126, 35, 34, -1,
      126, 34, 127, -1,
      33, 128, 129, -1,
      127, 34, 37, -1,
      127, 37, 130, -1,
      130, 37, 40, -1,
      130, 40, 129, -1,
      129, 40, 39, -1,
      129, 39, 33, -1,
      131, 128, 32, -1,
      32, 128, 33, -1,
      5, 132, 4, -1,
      4, 132, 131, -1,
      4, 131, 32, -1,
      5, 60, 132, -1,
      132, 60, 59, -1,
      132, 59, 133, -1,
      134, 133, 58, -1,
      58, 133, 59, -1,
      58, 65, 134, -1,
      134, 65, 64, -1,
      134, 64, 135, -1,
      135, 64, 63, -1,
      135, 63, 136, -1,
      136, 63, 62, -1,
      136, 62, 137, -1,
      137, 62, 61, -1,
      137, 61, 138, -1,
      138, 61, 67, -1,
      138, 67, 139, -1,
      67, 66, 139, -1,
      139, 66, 70, -1,
      139, 70, 140, -1,
      140, 70, 69, -1,
      140, 69, 141, -1,
      141, 69, 68, -1,
      141, 68, 142, -1,
      142, 68, 3, -1,
      142, 3, 143, -1,
      3, 2, 143, -1,
      143, 2, 76, -1,
      143, 76, 144, -1,
      144, 76, 75, -1,
      144, 75, 145, -1,
      77, 106, 71, -1,
      71, 106, 146, -1,
      71, 146, 72, -1,
      72, 146, 147, -1,
      72, 147, 73, -1,
      73, 147, 148, -1,
      73, 148, 74, -1,
      74, 148, 145, -1,
      74, 145, 75, -1,
      120, 121, 138, -1,
      138, 121, 137, -1,
      141, 119, 140, -1,
      140, 119, 120, -1,
      140, 120, 139, -1,
      139, 120, 138, -1,
      121, 122, 137, -1,
      137, 122, 123, -1,
      137, 123, 136, -1,
      136, 123, 124, -1,
      136, 124, 135, -1,
      135, 124, 134, -1,
      134, 124, 125, -1,
      134, 125, 133, -1,
      104, 108, 105, -1,
      105, 108, 109, -1,
      105, 109, 107, -1,
      107, 109, 110, -1,
      107, 110, 106, -1,
      106, 110, 111, -1,
      106, 111, 146, -1,
      146, 111, 112, -1,
      146, 112, 147, -1,
      147, 112, 113, -1,
      147, 113, 148, -1,
      148, 113, 114, -1,
      148, 114, 145, -1,
      145, 114, 115, -1,
      145, 115, 144, -1,
      144, 115, 116, -1,
      144, 116, 143, -1,
      143, 116, 142, -1,
      142, 116, 117, -1,
      142, 117, 141, -1,
      141, 117, 118, -1,
      141, 118, 119, -1,
      125, 126, 133, -1,
      133, 126, 127, -1,
      133, 127, 132, -1,
      132, 127, 130, -1,
      132, 130, 131, -1,
      131, 130, 129, -1,
      131, 129, 128, -1,
      149, 150, 14, -1,
      14, 150, 23, -1,
      18, 151, 13, -1,
      13, 151, 149, -1,
      13, 149, 14, -1,
      152, 151, 17, -1,
      17, 151, 18, -1,
      15, 153, 16, -1,
      16, 153, 152, -1,
      16, 152, 17, -1,
      154, 153, 9, -1,
      9, 153, 15, -1,
      21, 155, 8, -1,
      8, 155, 154, -1,
      8, 154, 9, -1,
      156, 155, 20, -1,
      20, 155, 21, -1,
      10, 157, 19, -1,
      19, 157, 156, -1,
      19, 156, 20, -1,
      158, 157, 11, -1,
      11, 157, 10, -1,
      25, 159, 12, -1,
      12, 159, 158, -1,
      12, 158, 11, -1,
      160, 159, 22, -1,
      22, 159, 25, -1,
      23, 150, 24, -1,
      24, 150, 160, -1,
      24, 160, 22, -1,
      157, 158, 156, -1,
      156, 158, 159, -1,
      156, 159, 155, -1,
      150, 149, 160, -1,
      160, 149, 151, -1,
      160, 151, 152, -1,
      153, 154, 152, -1,
      152, 154, 155, -1,
      152, 155, 160, -1,
      160, 155, 159, -1,
      161, 162, 163, -1,
      163, 162, 164, -1,
      163, 164, 165, -1,
      165, 164, 166, -1,
      165, 166, 167, -1,
      167, 166, 168, -1,
      167, 168, 169, -1,
      169, 168, 170, -1,
      169, 170, 171, -1,
      171, 170, 172, -1,
      171, 172, 173, -1,
      172, 174, 173, -1,
      173, 174, 175, -1,
      173, 175, 176, -1,
      176, 175, 177, -1,
      176, 177, 178, -1,
      178, 177, 179, -1,
      178, 179, 180, -1,
      180, 179, 181, -1,
      180, 181, 182, -1,
      182, 181, 183, -1,
      182, 183, 184, -1,
      184, 183, 185, -1,
      184, 185, 186, -1,
      186, 185, 187, -1,
      186, 187, 188, -1,
      188, 187, 189, -1,
      188, 189, 190, -1,
      190, 189, 191, -1,
      190, 191, 192, -1,
      192, 191, 193, -1,
      192, 193, 194, -1,
      194, 193, 195, -1,
      194, 195, 161, -1,
      161, 195, 196, -1,
      161, 196, 162, -1,
      167, 169, 93, -1,
      93, 169, 94, -1,
      167, 93, 92, -1,
      167, 92, 165, -1,
      165, 92, 88, -1,
      165, 88, 163, -1,
      163, 88, 87, -1,
      163, 87, 161, -1,
      161, 87, 86, -1,
      161, 86, 194, -1,
      194, 86, 84, -1,
      194, 84, 192, -1,
      192, 84, 83, -1,
      192, 83, 190, -1,
      190, 83, 1, -1,
      190, 1, 188, -1,
      188, 1, 0, -1,
      188, 0, 186, -1,
      186, 0, 85, -1,
      186, 85, 184, -1,
      184, 85, 97, -1,
      184, 97, 182, -1,
      182, 97, 96, -1,
      182, 96, 180, -1,
      180, 96, 91, -1,
      180, 91, 178, -1,
      178, 91, 90, -1,
      178, 90, 176, -1,
      176, 90, 89, -1,
      176, 89, 173, -1,
      171, 173, 95, -1,
      95, 173, 89, -1,
      169, 171, 94, -1,
      94, 171, 95, -1,
      174, 172, 197, -1,
      197, 172, 198, -1,
      172, 170, 198, -1,
      198, 170, 199, -1,
      170, 168, 199, -1,
      199, 168, 200, -1,
      196, 201, 202, -1,
      196, 202, 162, -1,
      162, 202, 203, -1,
      162, 203, 164, -1,
      164, 203, 204, -1,
      164, 204, 166, -1,
      166, 204, 200, -1,
      166, 200, 168, -1,
      189, 205, 206, -1,
      189, 206, 191, -1,
      191, 206, 207, -1,
      191, 207, 193, -1,
      193, 207, 208, -1,
      193, 208, 195, -1,
      195, 208, 201, -1,
      195, 201, 196, -1,
      181, 209, 210, -1,
      181, 210, 183, -1,
      183, 210, 211, -1,
      183, 211, 185, -1,
      185, 211, 212, -1,
      185, 212, 187, -1,
      187, 212, 205, -1,
      187, 205, 189, -1,
      174, 197, 213, -1,
      174, 213, 175, -1,
      175, 213, 214, -1,
      175, 214, 177, -1,
      177, 214, 215, -1,
      177, 215, 179, -1,
      179, 215, 209, -1,
      179, 209, 181, -1,
    ]
  }
}

Shape {
  appearance Appearance {
    material Material {
      diffuseColor 0.4078 0.0000 0.7804
      specularColor 0.2039 0.0000 0.3882
      ambientIntensity 0.2
      transparency 0.0000
      shininess 0.5
    }
  }
  geometry IndexedFaceSet {
    ccw TRUE
    solid FALSE
    coord DEF co Coordinate {
      point [
        0.809164 0.415354 0.406913,
        0.821260 0.415354 0.406998,
        0.821698 0.415354 0.345270,
        0.810073 0.415354 0.345187,
        0.786210 0.415354 0.353369,
        0.787172 0.415354 0.352485,
        0.792367 0.415354 0.348938,
        0.799006 0.415354 0.346424,
        0.777490 0.415354 0.376600,
        0.777825 0.415354 0.371245,
        0.779472 0.415354 0.363985,
        0.782309 0.415354 0.358098,
        0.786110 0.415354 0.399217,
        0.783874 0.415354 0.396978,
        0.780807 0.415354 0.392463,
        0.778596 0.415354 0.386590,
        0.808536 0.415354 0.406905,
        0.798235 0.415354 0.405540,
        0.791418 0.415354 0.402878,
      ]
    }
    coordIndex [
      6, 5, 16, -1,
      1, 2, 0, -1,
      0, 2, 3, -1,
      0, 3, 16, -1,
      16, 3, 7, -1,
      16, 7, 6, -1,
      5, 4, 16, -1,
      16, 4, 11, -1,
      16, 11, 10, -1,
      8, 12, 18, -1,
      15, 14, 8, -1,
      8, 14, 13, -1,
      8, 13, 12, -1,
      10, 9, 16, -1,
      16, 9, 8, -1,
      16, 8, 17, -1,
      17, 8, 18, -1,
    ]
  }
}

Shape {
  appearance Appearance {
    material Material {
      diffuseColor 0.0000 0.0000 0.0000
      specularColor 0.0000 0.0000 0.0000
      ambientIntensity 0.2
      transparency 0.0000
      shininess 0.5
    }
  }
  geometry IndexedFaceSet {
    ccw TRUE
    solid FALSE
    coord DEF co Coordinate {
      point [
        0.731406 0.415354 0.415572,
        0.720353 0.415354 0.415494,
        0.762469 0.415354 0.335720,
        0.762451 0.415354 0.335767,
        0.740261 0.415354 0.392808,
        0.751003 0.415354 0.335767,
        0.751049 0.415354 0.335640,
        0.740261 0.415354 0.357464,
        0.743198 0.415354 0.357485,
        0.709857 0.415354 0.357248,
        0.702020 0.415354 0.335767,
        0.701846 0.415354 0.335291,
        0.690425 0.415354 0.335210,
        0.690633 0.415354 0.335767,
        0.739859 0.415394 0.366508,
        0.727650 0.415394 0.399703,
        0.731406 0.415394 0.415572,
        0.762469 0.415394 0.335720,
        0.751049 0.415394 0.335640,
        0.743198 0.415394 0.357485,
        0.726939 0.415394 0.402087,
        0.726300 0.415394 0.405302,
        0.720353 0.415394 0.415494,
        0.726054 0.415394 0.405300,
        0.725431 0.415394 0.401908,
        0.724846 0.415394 0.399683,
        0.712985 0.415394 0.366318,
        0.690425 0.415394 0.335210,
        0.701846 0.415394 0.335291,
        0.709857 0.415394 0.357248,
        0.739859 0.415354 0.366508,
        0.712985 0.415354 0.366318,
        0.724846 0.415354 0.399683,
        0.726054 0.415354 0.405300,
        0.725431 0.415354 0.401908,
        0.726300 0.415354 0.405302,
        0.727650 0.415354 0.399703,
        0.726939 0.415354 0.402087,
      ]
    }
    coordIndex [
      14, 15, 16, -1,
      17, 18, 19, -1,
      15, 20, 16, -1,
      16, 20, 21, -1,
      16, 21, 22, -1,
      22, 21, 23, -1,
      22, 23, 24, -1,
      24, 25, 22, -1,
      22, 25, 26, -1,
      22, 26, 27, -1,
      28, 27, 29, -1,
      29, 27, 26, -1,
      29, 26, 19, -1,
      19, 26, 14, -1,
      19, 14, 17, -1,
      17, 14, 16, -1,
      1, 22, 13, -1,
      13, 22, 27, -1,
      13, 27, 12, -1,
      16, 22, 0, -1,
      0, 22, 1, -1,
      3, 2, 17, -1,
      3, 17, 4, -1,
      4, 17, 16, -1,
      4, 16, 0, -1,
      18, 17, 6, -1,
      6, 17, 2, -1,
      8, 19, 5, -1,
      5, 19, 18, -1,
      5, 18, 6, -1,
      9, 29, 7, -1,
      7, 29, 19, -1,
      7, 19, 8, -1,
      11, 28, 10, -1,
      10, 28, 29, -1,
      10, 29, 9, -1,
      27, 28, 12, -1,
      12, 28, 11, -1,
      14, 26, 30, -1,
      30, 26, 31, -1,
      26, 25, 31, -1,
      31, 25, 32, -1,
      23, 33, 34, -1,
      23, 34, 24, -1,
      24, 34, 32, -1,
      24, 32, 25, -1,
      23, 21, 33, -1,
      33, 21, 35, -1,
      15, 36, 37, -1,
      15, 37, 20, -1,
      20, 37, 35, -1,
      20, 35, 21, -1,
      15, 14, 36, -1,
      36, 14, 30, -1,
    ]
  }
}

Shape {
  appearance Appearance {
    material Material {
      diffuseColor 0.4078 0.0000 0.7804
      specularColor 0.2039 0.0000 0.3882
      ambientIntensity 0.2
      transparency 0.0000
      shininess 0.5
    }
  }
  geometry IndexedFaceSet {
    ccw TRUE
    solid FALSE
    coord DEF co Coordinate {
      point [
        0.739859 0.415354 0.366508,
        0.712985 0.415354 0.366318,
        0.724846 0.415354 0.399683,
        0.726054 0.415354 0.405300,
        0.725431 0.415354 0.401908,
        0.726300 0.415354 0.405302,
        0.727650 0.415354 0.399703,
        0.726939 0.415354 0.402087,
      ]
    }
    coordIndex [
      3, 5, 4, -1,
      4, 5, 7, -1,
      4, 7, 2, -1,
      2, 7, 6, -1,
      2, 6, 1, -1,
      1, 6, 0, -1,
    ]
  }
}

Shape {
  appearance Appearance {
    material Material {
      diffuseColor 0.0000 0.0000 0.0000
      specularColor 0.0000 0.0000 0.0000
      ambientIntensity 0.2
      transparency 0.0000
      shininess 0.5
    }
  }
  geometry IndexedFaceSet {
    ccw TRUE
    solid FALSE
    coord DEF co Coordinate {
      point [
        1.012093 0.415354 0.290537,
        1.012660 0.415354 0.210470,
        0.970851 0.415354 0.290244,
        0.970917 0.415354 0.281034,
        0.969533 0.415354 0.219293,
        0.969597 0.415354 0.210164,
        1.002069 0.415354 0.246459,
        1.002259 0.415354 0.219524,
        0.973435 0.415354 0.246256,
        0.973370 0.415354 0.255426,
        1.002004 0.415354 0.255629,
        1.001822 0.415354 0.281254,
        0.955656 0.415354 0.237436,
        0.954103 0.415354 0.253488,
        0.957709 0.415354 0.234599,
        0.959141 0.415354 0.231094,
        0.929123 0.415354 0.212871,
        0.932595 0.415354 0.210606,
        0.924078 0.415354 0.209841,
        0.936667 0.415354 0.209159,
        0.941874 0.415354 0.208617,
        0.958231 0.415354 0.217438,
        0.959423 0.415354 0.220835,
        0.952517 0.415354 0.240064,
        0.948145 0.415354 0.242210,
        0.948077 0.415354 0.257352,
        0.940784 0.415354 0.243937,
        0.931911 0.415354 0.259893,
        0.935306 0.415354 0.260273,
        0.941804 0.415354 0.259581,
        0.928178 0.415354 0.267805,
        0.923982 0.415354 0.266480,
        0.951703 0.415354 0.210833,
        0.955064 0.415354 0.213213,
        0.956167 0.415354 0.214346,
        0.920675 0.415354 0.264539,
        0.918029 0.415354 0.261948,
        0.916010 0.415354 0.258670,
        0.924016 0.415354 0.218683,
        0.924282 0.415354 0.218685,
        0.925924 0.415354 0.216236,
        0.954033 0.415354 0.263230,
        0.951930 0.415354 0.264428,
        0.944448 0.415354 0.267259,
        0.934306 0.415354 0.268412,
        0.914050 0.415354 0.209770,
        0.913789 0.415354 0.246570,
        0.914484 0.415354 0.254055,
        0.923820 0.415354 0.246191,
        0.924138 0.415354 0.250628,
        0.925150 0.415354 0.254206,
        0.926313 0.415354 0.256280,
        0.947869 0.415354 0.209356,
        0.959890 0.415354 0.225406,
        0.959842 0.415354 0.226814,
        0.927818 0.415354 0.257904,
        0.929590 0.415354 0.259063,
        0.969533 0.415394 0.219293,
        0.969597 0.415394 0.210164,
        1.002259 0.415394 0.219524,
        1.002069 0.415394 0.246459,
        0.973435 0.415394 0.246256,
        0.973370 0.415394 0.255426,
        1.002004 0.415394 0.255629,
        1.001822 0.415394 0.281254,
        0.970917 0.415394 0.281034,
        0.970851 0.415394 0.290244,
        1.012093 0.415394 0.290537,
        1.012660 0.415394 0.210470,
        0.924078 0.415394 0.209841,
        0.914050 0.415394 0.209770,
        0.924016 0.415394 0.218683,
        0.913789 0.415394 0.246570,
        0.923820 0.415394 0.246191,
        0.945773 0.415394 0.234319,
        0.943448 0.415394 0.235430,
        0.924282 0.415394 0.218685,
        0.929561 0.415394 0.220195,
        0.925924 0.415394 0.216236,
        0.932409 0.415394 0.218303,
        0.937273 0.415394 0.236830,
        0.923875 0.415394 0.238536,
        0.923914 0.415394 0.233051,
        0.923928 0.415394 0.232385,
        0.924606 0.415394 0.227915,
        0.926102 0.415394 0.224348,
        0.928294 0.415394 0.221415,
        0.924138 0.415394 0.250628,
        0.914484 0.415394 0.254055,
        0.925150 0.415394 0.254206,
        0.916010 0.415394 0.258670,
        0.926313 0.415394 0.256280,
        0.918029 0.415394 0.261948,
        0.927818 0.415394 0.257904,
        0.920675 0.415394 0.264539,
        0.929590 0.415394 0.259063,
        0.923982 0.415394 0.266480,
        0.931911 0.415394 0.259893,
        0.928178 0.415394 0.267805,
        0.935306 0.415394 0.260273,
        0.934306 0.415394 0.268412,
        0.941804 0.415394 0.259581,
        0.944448 0.415394 0.267259,
        0.948077 0.415394 0.257352,
        0.951930 0.415394 0.264428,
        0.954103 0.415394 0.253488,
        0.954033 0.415394 0.263230,
        0.947699 0.415394 0.220322,
        0.955064 0.415394 0.213213,
        0.946853 0.415394 0.219459,
        0.951703 0.415394 0.210833,
        0.944864 0.415394 0.218080,
        0.947869 0.415394 0.209356,
        0.942601 0.415394 0.217231,
        0.941874 0.415394 0.208617,
        0.939216 0.415394 0.216826,
        0.936667 0.415394 0.209159,
        0.935459 0.415394 0.217219,
        0.932595 0.415394 0.210606,
        0.929123 0.415394 0.212871,
        0.949615 0.415394 0.227743,
        0.959842 0.415394 0.226814,
        0.949712 0.415394 0.226152,
        0.959890 0.415394 0.225406,
        0.949473 0.415394 0.223848,
        0.959423 0.415394 0.220835,
        0.948827 0.415394 0.222021,
        0.958231 0.415394 0.217438,
        0.956167 0.415394 0.214346,
        0.940784 0.415394 0.243937,
        0.948145 0.415394 0.242210,
        0.947000 0.415394 0.233378,
        0.952517 0.415394 0.240064,
        0.948211 0.415394 0.231901,
        0.955656 0.415394 0.237436,
        0.949104 0.415394 0.230037,
        0.957709 0.415394 0.234599,
        0.959141 0.415394 0.231094,
        0.947000 0.415354 0.233378,
        0.945773 0.415354 0.234319,
        0.943448 0.415354 0.235430,
        0.937273 0.415354 0.236830,
        0.949712 0.415354 0.226152,
        0.949615 0.415354 0.227743,
        0.949104 0.415354 0.230037,
        0.948211 0.415354 0.231901,
        0.946853 0.415354 0.219459,
        0.947699 0.415354 0.220322,
        0.948827 0.415354 0.222021,
        0.949473 0.415354 0.223848,
        0.939216 0.415354 0.216826,
        0.942601 0.415354 0.217231,
        0.944864 0.415354 0.218080,
        0.928294 0.415354 0.221415,
        0.929561 0.415354 0.220195,
        0.932409 0.415354 0.218303,
        0.935459 0.415354 0.217219,
        0.923914 0.415354 0.233051,
        0.923928 0.415354 0.232385,
        0.924606 0.415354 0.227915,
        0.926102 0.415354 0.224348,
        0.923875 0.415354 0.238536,
      ]
    }
    coordIndex [
      57, 58, 4, -1,
      4, 58, 5, -1,
      59, 57, 7, -1,
      7, 57, 4, -1,
      60, 59, 6, -1,
      6, 59, 7, -1,
      61, 60, 8, -1,
      8, 60, 6, -1,
      62, 61, 9, -1,
      9, 61, 8, -1,
      63, 62, 10, -1,
      10, 62, 9, -1,
      64, 63, 11, -1,
      11, 63, 10, -1,
      65, 64, 3, -1,
      3, 64, 11, -1,
      66, 65, 2, -1,
      2, 65, 3, -1,
      67, 66, 0, -1,
      0, 66, 2, -1,
      68, 67, 1, -1,
      1, 67, 0, -1,
      58, 68, 5, -1,
      5, 68, 1, -1,
      61, 62, 60, -1,
      60, 62, 63, -1,
      58, 57, 68, -1,
      68, 57, 59, -1,
      65, 66, 64, -1,
      64, 66, 67, -1,
      64, 67, 63, -1,
      63, 67, 68, -1,
      63, 68, 60, -1,
      60, 68, 59, -1,
      69, 70, 71, -1,
      71, 70, 72, -1,
      73, 74, 75, -1,
      76, 77, 78, -1,
      78, 77, 79, -1,
      80, 81, 72, -1,
      72, 81, 82, -1,
      82, 83, 72, -1,
      72, 83, 84, -1,
      72, 84, 71, -1,
      71, 84, 85, -1,
      71, 85, 76, -1,
      76, 85, 86, -1,
      76, 86, 77, -1,
      75, 80, 73, -1,
      73, 80, 72, -1,
      73, 72, 87, -1,
      87, 72, 88, -1,
      87, 88, 89, -1,
      89, 88, 90, -1,
      89, 90, 91, -1,
      91, 90, 92, -1,
      91, 92, 93, -1,
      93, 92, 94, -1,
      93, 94, 95, -1,
      95, 94, 96, -1,
      95, 96, 97, -1,
      97, 96, 98, -1,
      97, 98, 99, -1,
      99, 98, 100, -1,
      99, 100, 101, -1,
      101, 100, 102, -1,
      101, 102, 103, -1,
      103, 102, 104, -1,
      103, 104, 105, -1,
      105, 104, 106, -1,
      107, 108, 109, -1,
      109, 108, 110, -1,
      109, 110, 111, -1,
      111, 110, 112, -1,
      111, 112, 113, -1,
      113, 112, 114, -1,
      113, 114, 115, -1,
      115, 114, 116, -1,
      115, 116, 117, -1,
      117, 116, 118, -1,
      117, 118, 79, -1,
      79, 118, 119, -1,
      79, 119, 78, -1,
      120, 121, 122, -1,
      122, 121, 123, -1,
      122, 123, 124, -1,
      124, 123, 125, -1,
      124, 125, 126, -1,
      126, 125, 127, -1,
      126, 127, 107, -1,
      107, 127, 128, -1,
      107, 128, 108, -1,
      73, 129, 74, -1,
      74, 129, 130, -1,
      74, 130, 131, -1,
      131, 130, 132, -1,
      131, 132, 133, -1,
      133, 132, 134, -1,
      133, 134, 135, -1,
      135, 134, 136, -1,
      135, 136, 120, -1,
      120, 136, 137, -1,
      120, 137, 121, -1,
      100, 44, 43, -1,
      100, 43, 102, -1,
      102, 43, 42, -1,
      102, 42, 104, -1,
      104, 42, 41, -1,
      104, 41, 106, -1,
      105, 106, 13, -1,
      13, 106, 41, -1,
      105, 13, 25, -1,
      105, 25, 103, -1,
      103, 25, 29, -1,
      103, 29, 101, -1,
      101, 29, 28, -1,
      101, 28, 99, -1,
      99, 28, 27, -1,
      99, 27, 97, -1,
      97, 27, 56, -1,
      97, 56, 95, -1,
      95, 56, 55, -1,
      95, 55, 93, -1,
      93, 55, 51, -1,
      93, 51, 91, -1,
      91, 51, 50, -1,
      91, 50, 89, -1,
      89, 50, 49, -1,
      89, 49, 87, -1,
      87, 49, 48, -1,
      87, 48, 73, -1,
      129, 73, 26, -1,
      26, 73, 48, -1,
      129, 26, 24, -1,
      129, 24, 130, -1,
      130, 24, 23, -1,
      130, 23, 132, -1,
      132, 23, 12, -1,
      132, 12, 134, -1,
      134, 12, 14, -1,
      134, 14, 136, -1,
      136, 14, 15, -1,
      136, 15, 137, -1,
      137, 15, 54, -1,
      137, 54, 121, -1,
      121, 54, 53, -1,
      121, 53, 123, -1,
      123, 53, 22, -1,
      123, 22, 125, -1,
      125, 22, 21, -1,
      125, 21, 127, -1,
      127, 21, 34, -1,
      127, 34, 128, -1,
      128, 34, 33, -1,
      128, 33, 108, -1,
      108, 33, 32, -1,
      108, 32, 110, -1,
      110, 32, 52, -1,
      110, 52, 112, -1,
      112, 52, 20, -1,
      112, 20, 114, -1,
      114, 20, 19, -1,
      114, 19, 116, -1,
      116, 19, 17, -1,
      116, 17, 118, -1,
      118, 17, 16, -1,
      118, 16, 119, -1,
      119, 16, 40, -1,
      119, 40, 78, -1,
      78, 40, 39, -1,
      78, 39, 76, -1,
      71, 76, 38, -1,
      38, 76, 39, -1,
      69, 71, 18, -1,
      18, 71, 38, -1,
      70, 69, 45, -1,
      45, 69, 18, -1,
      72, 70, 46, -1,
      46, 70, 45, -1,
      72, 46, 47, -1,
      72, 47, 88, -1,
      88, 47, 37, -1,
      88, 37, 90, -1,
      90, 37, 36, -1,
      90, 36, 92, -1,
      92, 36, 35, -1,
      92, 35, 94, -1,
      94, 35, 31, -1,
      94, 31, 96, -1,
      96, 31, 30, -1,
      96, 30, 98, -1,
      98, 30, 44, -1,
      98, 44, 100, -1,
      131, 138, 139, -1,
      131, 139, 74, -1,
      74, 139, 140, -1,
      74, 140, 75, -1,
      75, 140, 141, -1,
      75, 141, 80, -1,
      122, 142, 143, -1,
      122, 143, 120, -1,
      120, 143, 144, -1,
      120, 144, 135, -1,
      135, 144, 145, -1,
      135, 145, 133, -1,
      133, 145, 138, -1,
      133, 138, 131, -1,
      109, 146, 147, -1,
      109, 147, 107, -1,
      107, 147, 148, -1,
      107, 148, 126, -1,
      126, 148, 149, -1,
      126, 149, 124, -1,
      124, 149, 142, -1,
      124, 142, 122, -1,
      115, 150, 151, -1,
      115, 151, 113, -1,
      113, 151, 152, -1,
      113, 152, 111, -1,
      111, 152, 146, -1,
      111, 146, 109, -1,
      86, 153, 154, -1,
      86, 154, 77, -1,
      77, 154, 155, -1,
      77, 155, 79, -1,
      79, 155, 156, -1,
      79, 156, 117, -1,
      117, 156, 150, -1,
      117, 150, 115, -1,
      82, 157, 158, -1,
      82, 158, 83, -1,
      83, 158, 159, -1,
      83, 159, 84, -1,
      84, 159, 160, -1,
      84, 160, 85, -1,
      85, 160, 153, -1,
      85, 153, 86, -1,
      82, 81, 157, -1,
      157, 81, 161, -1,
      81, 80, 161, -1,
      161, 80, 141, -1,
    ]
  }
}

Shape {
  appearance Appearance {
    material Material {
      diffuseColor 0.4078 0.0000 0.7804
      specularColor 0.2039 0.0000 0.3882
      ambientIntensity 0.2
      transparency 0.0000
      shininess 0.5
    }
  }
  geometry IndexedFaceSet {
    ccw TRUE
    solid FALSE
    coord DEF co Coordinate {
      point [
        0.947000 0.415354 0.233378,
        0.945773 0.415354 0.234319,
        0.943448 0.415354 0.235430,
        0.937273 0.415354 0.236830,
        0.949712 0.415354 0.226152,
        0.949615 0.415354 0.227743,
        0.949104 0.415354 0.230037,
        0.948211 0.415354 0.231901,
        0.946853 0.415354 0.219459,
        0.947699 0.415354 0.220322,
        0.948827 0.415354 0.222021,
        0.949473 0.415354 0.223848,
        0.939216 0.415354 0.216826,
        0.942601 0.415354 0.217231,
        0.944864 0.415354 0.218080,
        0.928294 0.415354 0.221415,
        0.929561 0.415354 0.220195,
        0.932409 0.415354 0.218303,
        0.935459 0.415354 0.217219,
        0.923914 0.415354 0.233051,
        0.923928 0.415354 0.232385,
        0.924606 0.415354 0.227915,
        0.926102 0.415354 0.224348,
        0.923875 0.415354 0.238536,
      ]
    }
    coordIndex [
      20, 19, 0, -1,
      19, 23, 3, -1,
      3, 2, 19, -1,
      19, 2, 1, -1,
      19, 1, 0, -1,
      20, 0, 21, -1,
      21, 0, 7, -1,
      21, 7, 22, -1,
      9, 8, 16, -1,
      9, 16, 10, -1,
      17, 16, 18, -1,
      18, 16, 12, -1,
      7, 6, 22, -1,
      22, 6, 5, -1,
      22, 5, 15, -1,
      15, 5, 4, -1,
      15, 4, 16, -1,
      16, 4, 11, -1,
      16, 11, 10, -1,
      8, 14, 16, -1,
      16, 14, 13, -1,
      16, 13, 12, -1,
    ]
  }
}

Shape {
  appearance Appearance {
    material Material {
      diffuseColor 0.0000 0.0000 0.0000
      specularColor 0.0000 0.0000 0.0000
      ambientIntensity 0.2
      transparency 0.0000
      shininess 0.5
    }
  }
  geometry IndexedFaceSet {
    ccw TRUE
    solid FALSE
    coord DEF co Coordinate {
      point [
        0.764527 0.415354 0.288781,
        0.749110 0.415354 0.288672,
        0.749175 0.415354 0.279462,
        0.747791 0.415354 0.217720,
        0.747856 0.415354 0.208591,
        0.764527 0.415354 0.253944,
        0.751629 0.415354 0.253853,
        0.764527 0.415354 0.217839,
        0.751694 0.415354 0.244683,
        0.764527 0.415354 0.244775,
        0.780328 0.415354 0.244887,
        0.780519 0.415354 0.217952,
        0.764527 0.415354 0.279570,
        0.780081 0.415354 0.279681,
        0.780262 0.415354 0.254056,
        0.764527 0.415354 0.208710,
        0.790919 0.415354 0.208897,
        0.830361 0.415354 0.223381,
        0.829166 0.415354 0.218665,
        0.828900 0.415354 0.218663,
        0.801320 0.415354 0.266159,
        0.811717 0.415354 0.266233,
        0.839629 0.415354 0.250665,
        0.827639 0.415354 0.223280,
        0.828426 0.415354 0.220620,
        0.895366 0.415354 0.209776,
        0.900445 0.415354 0.211680,
        0.900372 0.415354 0.222036,
        0.896459 0.415354 0.219578,
        0.895366 0.415354 0.219159,
        0.895366 0.415354 0.240413,
        0.897321 0.415354 0.242359,
        0.898614 0.415354 0.244459,
        0.899698 0.415354 0.247530,
        0.900102 0.415354 0.251426,
        0.899681 0.415354 0.255009,
        0.895693 0.415354 0.240632,
        0.884672 0.415354 0.208239,
        0.884955 0.415354 0.208213,
        0.885162 0.415354 0.208239,
        0.894244 0.415354 0.209355,
        0.864183 0.415354 0.265376,
        0.864253 0.415354 0.255634,
        0.893589 0.415354 0.263579,
        0.890409 0.415354 0.265428,
        0.862233 0.415354 0.220929,
        0.863487 0.415354 0.217759,
        0.865375 0.415354 0.215128,
        0.898463 0.415354 0.258230,
        0.896581 0.415354 0.260928,
        0.895366 0.415354 0.262004,
        0.884842 0.415354 0.267317,
        0.877715 0.415354 0.268011,
        0.870775 0.415354 0.267354,
        0.865017 0.415354 0.234435,
        0.863165 0.415354 0.231659,
        0.862116 0.415354 0.228694,
        0.861728 0.415354 0.224955,
        0.868262 0.415354 0.212639,
        0.871644 0.415354 0.210712,
        0.877268 0.415354 0.208907,
        0.878755 0.415354 0.259872,
        0.881725 0.415354 0.259670,
        0.889759 0.415354 0.252254,
        0.884413 0.415354 0.258979,
        0.886670 0.415354 0.257799,
        0.889678 0.415354 0.250919,
        0.889291 0.415354 0.249358,
        0.888578 0.415354 0.248000,
        0.887607 0.415354 0.246917,
        0.884087 0.415354 0.244681,
        0.872234 0.415354 0.259091,
        0.877900 0.415354 0.241935,
        0.866587 0.415354 0.256990,
        0.874028 0.415354 0.240337,
        0.867393 0.415354 0.236585,
        0.888193 0.415354 0.256472,
        0.889062 0.415354 0.255202,
        0.889567 0.415354 0.253852,
        0.890187 0.415354 0.217170,
        0.885033 0.415354 0.234699,
        0.890991 0.415354 0.237482,
        0.883914 0.415354 0.216393,
        0.883471 0.415354 0.216393,
        0.878467 0.415354 0.231894,
        0.878326 0.415354 0.216932,
        0.872030 0.415354 0.224045,
        0.872119 0.415354 0.225294,
        0.875731 0.415354 0.217861,
        0.874813 0.415354 0.218409,
        0.873655 0.415354 0.219422,
        0.872770 0.415354 0.220711,
        0.872251 0.415354 0.222134,
        0.872563 0.415354 0.226863,
        0.873329 0.415354 0.228198,
        0.874570 0.415354 0.229508,
        0.790351 0.415354 0.288965,
        0.839629 0.415354 0.223467,
        0.856213 0.415354 0.266548,
        0.844997 0.415354 0.266469,
        0.834186 0.415354 0.209326,
        0.834656 0.415354 0.208239,
        0.838660 0.415354 0.198960,
        0.841059 0.415354 0.194916,
        0.840672 0.415354 0.195341,
        0.839629 0.415354 0.197217,
        0.840252 0.415354 0.184284,
        0.844220 0.415354 0.182805,
        0.848275 0.415354 0.182367,
        0.846489 0.415354 0.191243,
        0.844297 0.415354 0.192074,
        0.848992 0.415354 0.190969,
        0.852626 0.415354 0.191469,
        0.842555 0.415354 0.193274,
        0.854674 0.415354 0.192156,
        0.854737 0.415354 0.183232,
        0.850488 0.415354 0.182463,
        0.830667 0.415354 0.194916,
        0.832342 0.415354 0.191711,
        0.836043 0.415354 0.187330,
        0.836731 0.415354 0.186707,
        0.839629 0.415354 0.184713,
        0.824633 0.415354 0.208239,
        0.827739 0.415354 0.200520,
        0.732731 0.415354 0.208484,
        0.669537 0.415354 0.234614,
        0.673540 0.415354 0.226361,
        0.679539 0.415354 0.219324,
        0.671403 0.415354 0.267753,
        0.668500 0.415354 0.260091,
        0.667252 0.415354 0.249079,
        0.667529 0.415354 0.243973,
        0.687975 0.415354 0.213371,
        0.697135 0.415354 0.209878,
        0.710708 0.415354 0.208328,
        0.732163 0.415354 0.288552,
        0.709322 0.415354 0.288390,
        0.697105 0.415354 0.286953,
        0.687467 0.415354 0.283354,
        0.679126 0.415354 0.277573,
        0.676306 0.415354 0.274774,
        0.900372 0.415394 0.222036,
        0.896459 0.415394 0.219578,
        0.883914 0.415394 0.216393,
        0.890187 0.415394 0.217170,
        0.900445 0.415394 0.211680,
        0.894244 0.415394 0.209355,
        0.884955 0.415394 0.208213,
        0.877268 0.415394 0.208907,
        0.871644 0.415394 0.210712,
        0.868262 0.415394 0.212639,
        0.865375 0.415394 0.215128,
        0.863487 0.415394 0.217759,
        0.862233 0.415394 0.220929,
        0.861728 0.415394 0.224955,
        0.862116 0.415394 0.228694,
        0.863165 0.415394 0.231659,
        0.865017 0.415394 0.234435,
        0.867393 0.415394 0.236585,
        0.874028 0.415394 0.240337,
        0.877900 0.415394 0.241935,
        0.884087 0.415394 0.244681,
        0.887607 0.415394 0.246917,
        0.888578 0.415394 0.248000,
        0.889291 0.415394 0.249358,
        0.889678 0.415394 0.250919,
        0.889759 0.415394 0.252254,
        0.889567 0.415394 0.253852,
        0.889062 0.415394 0.255202,
        0.888193 0.415394 0.256472,
        0.886670 0.415394 0.257799,
        0.884413 0.415394 0.258979,
        0.881725 0.415394 0.259670,
        0.878755 0.415394 0.259872,
        0.872234 0.415394 0.259091,
        0.866587 0.415394 0.256990,
        0.864253 0.415394 0.255634,
        0.864183 0.415394 0.265376,
        0.870775 0.415394 0.267354,
        0.877715 0.415394 0.268011,
        0.884842 0.415394 0.267317,
        0.890409 0.415394 0.265428,
        0.893589 0.415394 0.263579,
        0.896581 0.415394 0.260928,
        0.898463 0.415394 0.258230,
        0.899681 0.415394 0.255009,
        0.900102 0.415394 0.251426,
        0.899698 0.415394 0.247530,
        0.898614 0.415394 0.244459,
        0.897321 0.415394 0.242359,
        0.885033 0.415394 0.234699,
        0.890991 0.415394 0.237482,
        0.895693 0.415394 0.240632,
        0.878467 0.415394 0.231894,
        0.874570 0.415394 0.229508,
        0.873329 0.415394 0.228198,
        0.872563 0.415394 0.226863,
        0.872119 0.415394 0.225294,
        0.872030 0.415394 0.224045,
        0.872251 0.415394 0.222134,
        0.872770 0.415394 0.220711,
        0.873655 0.415394 0.219422,
        0.874813 0.415394 0.218409,
        0.875731 0.415394 0.217861,
        0.878326 0.415394 0.216932,
        0.883471 0.415394 0.216393,
        0.811717 0.415394 0.266233,
        0.801320 0.415394 0.266159,
        0.827639 0.415394 0.223280,
        0.828426 0.415394 0.220620,
        0.828900 0.415394 0.218663,
        0.829166 0.415394 0.218665,
        0.830361 0.415394 0.223381,
        0.844997 0.415394 0.266469,
        0.856213 0.415394 0.266548,
        0.834186 0.415394 0.209326,
        0.838660 0.415394 0.198960,
        0.840672 0.415394 0.195341,
        0.842555 0.415394 0.193274,
        0.844297 0.415394 0.192074,
        0.846489 0.415394 0.191243,
        0.848992 0.415394 0.190969,
        0.852626 0.415394 0.191469,
        0.854674 0.415394 0.192156,
        0.854737 0.415394 0.183232,
        0.850488 0.415394 0.182463,
        0.848275 0.415394 0.182367,
        0.844220 0.415394 0.182805,
        0.840252 0.415394 0.184284,
        0.836731 0.415394 0.186707,
        0.827739 0.415394 0.200520,
        0.832342 0.415394 0.191711,
        0.836043 0.415394 0.187330,
        0.747791 0.415394 0.217720,
        0.747856 0.415394 0.208591,
        0.780519 0.415394 0.217952,
        0.780328 0.415394 0.244887,
        0.751694 0.415394 0.244683,
        0.751629 0.415394 0.253853,
        0.780262 0.415394 0.254056,
        0.780081 0.415394 0.279681,
        0.749175 0.415394 0.279462,
        0.749110 0.415394 0.288672,
        0.790351 0.415394 0.288965,
        0.790919 0.415394 0.208897,
        0.679539 0.415394 0.219324,
        0.687805 0.415394 0.224755,
        0.687975 0.415394 0.213371,
        0.693000 0.415394 0.221207,
        0.697135 0.415394 0.209878,
        0.699639 0.415394 0.218694,
        0.710708 0.415394 0.208328,
        0.710705 0.415394 0.217457,
        0.732731 0.415394 0.208484,
        0.722330 0.415394 0.217539,
        0.732163 0.415394 0.288552,
        0.721893 0.415394 0.279268,
        0.709322 0.415394 0.288390,
        0.709796 0.415394 0.279182,
        0.709168 0.415394 0.279174,
        0.697105 0.415394 0.286953,
        0.698868 0.415394 0.277810,
        0.687467 0.415394 0.283354,
        0.692050 0.415394 0.275147,
        0.679126 0.415394 0.277573,
        0.686743 0.415394 0.271487,
        0.676306 0.415394 0.274774,
        0.684506 0.415394 0.269248,
        0.671403 0.415394 0.267753,
        0.681439 0.415394 0.264732,
        0.668500 0.415394 0.260091,
        0.679228 0.415394 0.258859,
        0.667252 0.415394 0.249079,
        0.678122 0.415394 0.248869,
        0.667529 0.415394 0.243973,
        0.678457 0.415394 0.243514,
        0.669537 0.415394 0.234614,
        0.680104 0.415394 0.236254,
        0.673540 0.415394 0.226361,
        0.682942 0.415394 0.230367,
        0.686843 0.415394 0.225639,
        0.709796 0.415354 0.279182,
        0.721893 0.415354 0.279268,
        0.722330 0.415354 0.217539,
        0.710705 0.415354 0.217457,
        0.686843 0.415354 0.225639,
        0.687805 0.415354 0.224755,
        0.693000 0.415354 0.221207,
        0.699639 0.415354 0.218694,
        0.678122 0.415354 0.248869,
        0.678457 0.415354 0.243514,
        0.680104 0.415354 0.236254,
        0.682942 0.415354 0.230367,
        0.686743 0.415354 0.271487,
        0.684506 0.415354 0.269248,
        0.681439 0.415354 0.264732,
        0.679228 0.415354 0.258859,
        0.709168 0.415354 0.279174,
        0.698868 0.415354 0.277810,
        0.692050 0.415354 0.275147,
      ]
    }
    coordIndex [
      27, 141, 142, -1,
      143, 82, 79, -1,
      143, 79, 144, -1,
      144, 79, 29, -1,
      144, 29, 142, -1,
      142, 29, 28, -1,
      142, 28, 27, -1,
      145, 141, 26, -1,
      26, 141, 27, -1,
      146, 145, 25, -1,
      25, 145, 26, -1,
      25, 40, 146, -1,
      146, 40, 39, -1,
      146, 39, 147, -1,
      147, 39, 38, -1,
      147, 38, 37, -1,
      147, 37, 148, -1,
      37, 60, 148, -1,
      148, 60, 59, -1,
      148, 59, 149, -1,
      149, 59, 58, -1,
      149, 58, 150, -1,
      150, 58, 47, -1,
      150, 47, 151, -1,
      151, 47, 46, -1,
      151, 46, 152, -1,
      152, 46, 45, -1,
      152, 45, 153, -1,
      153, 45, 57, -1,
      153, 57, 154, -1,
      154, 57, 56, -1,
      154, 56, 155, -1,
      155, 56, 55, -1,
      155, 55, 156, -1,
      156, 55, 54, -1,
      156, 54, 157, -1,
      157, 54, 75, -1,
      157, 75, 158, -1,
      158, 75, 74, -1,
      158, 74, 159, -1,
      159, 74, 72, -1,
      159, 72, 160, -1,
      160, 72, 70, -1,
      160, 70, 161, -1,
      161, 70, 69, -1,
      161, 69, 162, -1,
      162, 69, 68, -1,
      162, 68, 163, -1,
      163, 68, 67, -1,
      163, 67, 164, -1,
      164, 67, 66, -1,
      164, 66, 165, -1,
      165, 66, 63, -1,
      165, 63, 166, -1,
      166, 63, 78, -1,
      166, 78, 167, -1,
      167, 78, 77, -1,
      167, 77, 168, -1,
      168, 77, 76, -1,
      168, 76, 169, -1,
      169, 76, 65, -1,
      169, 65, 170, -1,
      170, 65, 64, -1,
      170, 64, 171, -1,
      171, 64, 62, -1,
      171, 62, 172, -1,
      172, 62, 61, -1,
      172, 61, 173, -1,
      173, 61, 71, -1,
      173, 71, 174, -1,
      174, 71, 73, -1,
      174, 73, 175, -1,
      175, 73, 42, -1,
      175, 42, 176, -1,
      177, 176, 41, -1,
      41, 176, 42, -1,
      177, 41, 53, -1,
      177, 53, 178, -1,
      178, 53, 52, -1,
      178, 52, 179, -1,
      179, 52, 51, -1,
      179, 51, 180, -1,
      180, 51, 44, -1,
      180, 44, 181, -1,
      181, 44, 43, -1,
      181, 43, 182, -1,
      183, 182, 50, -1,
      50, 182, 43, -1,
      50, 49, 183, -1,
      183, 49, 48, -1,
      183, 48, 184, -1,
      184, 48, 35, -1,
      184, 35, 185, -1,
      185, 35, 34, -1,
      185, 34, 186, -1,
      186, 34, 33, -1,
      186, 33, 187, -1,
      187, 33, 32, -1,
      187, 32, 188, -1,
      188, 32, 31, -1,
      188, 31, 189, -1,
      80, 190, 191, -1,
      189, 31, 36, -1,
      189, 36, 192, -1,
      192, 36, 30, -1,
      192, 30, 191, -1,
      191, 30, 81, -1,
      191, 81, 80, -1,
      190, 80, 84, -1,
      190, 84, 193, -1,
      193, 84, 95, -1,
      193, 95, 194, -1,
      194, 95, 94, -1,
      194, 94, 195, -1,
      195, 94, 93, -1,
      195, 93, 196, -1,
      196, 93, 87, -1,
      196, 87, 197, -1,
      197, 87, 86, -1,
      197, 86, 198, -1,
      198, 86, 92, -1,
      198, 92, 199, -1,
      199, 92, 91, -1,
      199, 91, 200, -1,
      200, 91, 90, -1,
      200, 90, 201, -1,
      201, 90, 89, -1,
      201, 89, 202, -1,
      202, 89, 88, -1,
      202, 88, 203, -1,
      203, 88, 85, -1,
      203, 85, 204, -1,
      204, 85, 83, -1,
      204, 83, 205, -1,
      205, 83, 82, -1,
      205, 82, 143, -1,
      169, 170, 181, -1,
      181, 170, 180, -1,
      161, 190, 160, -1,
      160, 190, 193, -1,
      160, 193, 159, -1,
      147, 143, 146, -1,
      146, 143, 144, -1,
      146, 144, 145, -1,
      145, 144, 142, -1,
      145, 142, 141, -1,
      170, 171, 180, -1,
      180, 171, 172, -1,
      180, 172, 179, -1,
      179, 172, 173, -1,
      179, 173, 178, -1,
      178, 173, 174, -1,
      178, 174, 177, -1,
      177, 174, 175, -1,
      177, 175, 176, -1,
      159, 193, 158, -1,
      158, 193, 194, -1,
      158, 194, 157, -1,
      157, 194, 195, -1,
      157, 195, 156, -1,
      156, 195, 196, -1,
      156, 196, 155, -1,
      155, 196, 197, -1,
      155, 197, 154, -1,
      154, 197, 198, -1,
      154, 198, 153, -1,
      153, 198, 199, -1,
      153, 199, 152, -1,
      152, 199, 200, -1,
      152, 200, 151, -1,
      151, 200, 201, -1,
      151, 201, 150, -1,
      150, 201, 202, -1,
      150, 202, 149, -1,
      149, 202, 203, -1,
      149, 203, 148, -1,
      148, 203, 204, -1,
      148, 204, 147, -1,
      147, 204, 205, -1,
      147, 205, 143, -1,
      181, 182, 169, -1,
      169, 182, 183, -1,
      169, 183, 168, -1,
      168, 183, 184, -1,
      168, 184, 167, -1,
      167, 184, 185, -1,
      167, 185, 166, -1,
      166, 185, 186, -1,
      166, 186, 165, -1,
      165, 186, 187, -1,
      165, 187, 164, -1,
      164, 187, 188, -1,
      164, 188, 163, -1,
      163, 188, 189, -1,
      163, 189, 162, -1,
      162, 189, 192, -1,
      162, 192, 161, -1,
      161, 192, 191, -1,
      161, 191, 190, -1,
      206, 207, 21, -1,
      21, 207, 20, -1,
      208, 206, 23, -1,
      23, 206, 21, -1,
      208, 23, 24, -1,
      208, 24, 209, -1,
      209, 24, 19, -1,
      209, 19, 210, -1,
      211, 210, 18, -1,
      18, 210, 19, -1,
      212, 211, 17, -1,
      17, 211, 18, -1,
      99, 213, 22, -1,
      22, 213, 212, -1,
      22, 212, 17, -1,
      214, 213, 98, -1,
      98, 213, 99, -1,
      100, 215, 97, -1,
      97, 215, 214, -1,
      97, 214, 98, -1,
      102, 216, 101, -1,
      101, 216, 215, -1,
      101, 215, 100, -1,
      216, 102, 105, -1,
      216, 105, 217, -1,
      105, 104, 217, -1,
      217, 104, 103, -1,
      217, 103, 218, -1,
      103, 113, 218, -1,
      218, 113, 110, -1,
      218, 110, 219, -1,
      219, 110, 109, -1,
      219, 109, 220, -1,
      220, 109, 111, -1,
      220, 111, 221, -1,
      221, 111, 112, -1,
      221, 112, 222, -1,
      222, 112, 114, -1,
      222, 114, 223, -1,
      224, 223, 115, -1,
      115, 223, 114, -1,
      224, 115, 116, -1,
      224, 116, 225, -1,
      225, 116, 108, -1,
      225, 108, 226, -1,
      226, 108, 107, -1,
      226, 107, 227, -1,
      227, 107, 106, -1,
      227, 106, 228, -1,
      228, 106, 121, -1,
      228, 121, 229, -1,
      123, 230, 117, -1,
      117, 230, 231, -1,
      117, 231, 118, -1,
      118, 231, 232, -1,
      118, 232, 119, -1,
      119, 232, 229, -1,
      119, 229, 120, -1,
      120, 229, 121, -1,
      20, 207, 122, -1,
      122, 207, 230, -1,
      122, 230, 123, -1,
      209, 210, 230, -1,
      207, 206, 230, -1,
      230, 206, 208, -1,
      230, 208, 209, -1,
      213, 214, 212, -1,
      212, 214, 215, -1,
      212, 215, 211, -1,
      223, 224, 222, -1,
      222, 224, 225, -1,
      222, 225, 221, -1,
      221, 225, 226, -1,
      221, 226, 220, -1,
      220, 226, 227, -1,
      220, 227, 219, -1,
      219, 227, 228, -1,
      219, 228, 218, -1,
      210, 211, 230, -1,
      230, 211, 215, -1,
      230, 215, 231, -1,
      215, 216, 231, -1,
      231, 216, 217, -1,
      231, 217, 232, -1,
      232, 217, 218, -1,
      232, 218, 229, -1,
      229, 218, 228, -1,
      233, 234, 3, -1,
      3, 234, 4, -1,
      11, 235, 7, -1,
      7, 235, 233, -1,
      7, 233, 3, -1,
      236, 235, 10, -1,
      10, 235, 11, -1,
      8, 237, 9, -1,
      9, 237, 236, -1,
      9, 236, 10, -1,
      238, 237, 6, -1,
      6, 237, 8, -1,
      14, 239, 5, -1,
      5, 239, 238, -1,
      5, 238, 6, -1,
      240, 239, 13, -1,
      13, 239, 14, -1,
      2, 241, 12, -1,
      12, 241, 240, -1,
      12, 240, 13, -1,
      242, 241, 1, -1,
      1, 241, 2, -1,
      96, 243, 0, -1,
      0, 243, 242, -1,
      0, 242, 1, -1,
      244, 243, 16, -1,
      16, 243, 96, -1,
      4, 234, 15, -1,
      15, 234, 244, -1,
      15, 244, 16, -1,
      234, 233, 244, -1,
      244, 233, 235, -1,
      237, 238, 236, -1,
      236, 238, 239, -1,
      241, 242, 240, -1,
      240, 242, 243, -1,
      240, 243, 239, -1,
      239, 243, 244, -1,
      239, 244, 236, -1,
      236, 244, 235, -1,
      245, 246, 247, -1,
      247, 246, 248, -1,
      247, 248, 249, -1,
      249, 248, 250, -1,
      249, 250, 251, -1,
      251, 250, 252, -1,
      251, 252, 253, -1,
      253, 252, 254, -1,
      253, 254, 255, -1,
      255, 254, 256, -1,
      255, 256, 257, -1,
      256, 258, 257, -1,
      257, 258, 259, -1,
      257, 259, 260, -1,
      260, 259, 261, -1,
      260, 261, 262, -1,
      262, 261, 263, -1,
      262, 263, 264, -1,
      264, 263, 265, -1,
      264, 265, 266, -1,
      266, 265, 267, -1,
      266, 267, 268, -1,
      268, 267, 269, -1,
      268, 269, 270, -1,
      270, 269, 271, -1,
      270, 271, 272, -1,
      272, 271, 273, -1,
      272, 273, 274, -1,
      274, 273, 275, -1,
      274, 275, 276, -1,
      276, 275, 277, -1,
      276, 277, 278, -1,
      278, 277, 279, -1,
      278, 279, 245, -1,
      245, 279, 280, -1,
      245, 280, 246, -1,
      251, 253, 134, -1,
      134, 253, 124, -1,
      251, 134, 133, -1,
      251, 133, 249, -1,
      249, 133, 132, -1,
      249, 132, 247, -1,
      247, 132, 127, -1,
      247, 127, 245, -1,
      245, 127, 126, -1,
      245, 126, 278, -1,
      278, 126, 125, -1,
      278, 125, 276, -1,
      276, 125, 131, -1,
      276, 131, 274, -1,
      274, 131, 130, -1,
      274, 130, 272, -1,
      272, 130, 129, -1,
      272, 129, 270, -1,
      270, 129, 128, -1,
      270, 128, 268, -1,
      268, 128, 140, -1,
      268, 140, 266, -1,
      266, 140, 139, -1,
      266, 139, 264, -1,
      264, 139, 138, -1,
      264, 138, 262, -1,
      262, 138, 137, -1,
      262, 137, 260, -1,
      260, 137, 136, -1,
      260, 136, 257, -1,
      255, 257, 135, -1,
      135, 257, 136, -1,
      253, 255, 124, -1,
      124, 255, 135, -1,
      258, 256, 281, -1,
      281, 256, 282, -1,
      256, 254, 282, -1,
      282, 254, 283, -1,
      254, 252, 283, -1,
      283, 252, 284, -1,
      280, 285, 286, -1,
      280, 286, 246, -1,
      246, 286, 287, -1,
      246, 287, 248, -1,
      248, 287, 288, -1,
      248, 288, 250, -1,
      250, 288, 284, -1,
      250, 284, 252, -1,
      273, 289, 290, -1,
      273, 290, 275, -1,
      275, 290, 291, -1,
      275, 291, 277, -1,
      277, 291, 292, -1,
      277, 292, 279, -1,
      279, 292, 285, -1,
      279, 285, 280, -1,
      265, 293, 294, -1,
      265, 294, 267, -1,
      267, 294, 295, -1,
      267, 295, 269, -1,
      269, 295, 296, -1,
      269, 296, 271, -1,
      271, 296, 289, -1,
      271, 289, 273, -1,
      258, 281, 297, -1,
      258, 297, 259, -1,
      259, 297, 298, -1,
      259, 298, 261, -1,
      261, 298, 299, -1,
      261, 299, 263, -1,
      263, 299, 293, -1,
      263, 293, 265, -1,
    ]
  }
}

Shape {
  appearance Appearance {
    material Material {
      diffuseColor 0.4078 0.0000 0.7804
      specularColor 0.2039 0.0000 0.3882
      ambientIntensity 0.2
      transparency 0.0000
      shininess 0.5
    }
  }
  geometry IndexedFaceSet {
    ccw TRUE
    solid FALSE
    coord DEF co Coordinate {
      point [
        0.709796 0.415354 0.279182,
        0.721893 0.415354 0.279268,
        0.722330 0.415354 0.217539,
        0.710705 0.415354 0.217457,
        0.686843 0.415354 0.225639,
        0.687805 0.415354 0.224755,
        0.693000 0.415354 0.221207,
        0.699639 0.415354 0.218694,
        0.678122 0.415354 0.248869,
        0.678457 0.415354 0.243514,
        0.680104 0.415354 0.236254,
        0.682942 0.415354 0.230367,
        0.686743 0.415354 0.271487,
        0.684506 0.415354 0.269248,
        0.681439 0.415354 0.264732,
        0.679228 0.415354 0.258859,
        0.709168 0.415354 0.279174,
        0.698868 0.415354 0.277810,
        0.692050 0.415354 0.275147,
      ]
    }
    coordIndex [
      6, 5, 16, -1,
      1, 2, 0, -1,
      0, 2, 3, -1,
      0, 3, 16, -1,
      16, 3, 7, -1,
      16, 7, 6, -1,
      5, 4, 16, -1,
      16, 4, 11, -1,
      16, 11, 10, -1,
      8, 12, 18, -1,
      15, 14, 8, -1,
      8, 14, 13, -1,
      8, 13, 12, -1,
      10, 9, 16, -1,
      16, 9, 8, -1,
      16, 8, 17, -1,
      17, 8, 18, -1,
    ]
  }
}

Shape {
  appearance Appearance {
    material Material {
      diffuseColor 0.0000 0.0000 0.0000
      specularColor 0.0000 0.0000 0.0000
      ambientIntensity 0.2
      transparency 0.0000
      shininess 0.5
    }
  }
  geometry IndexedFaceSet {
    ccw TRUE
    solid FALSE
    coord DEF co Coordinate {
      point [
        0.632038 0.415354 0.287842,
        0.620985 0.415354 0.287763,
        0.663005 0.415354 0.208239,
        0.663102 0.415354 0.207990,
        0.651681 0.415354 0.207909,
        0.651563 0.415354 0.208239,
        0.602478 0.415354 0.207560,
        0.591057 0.415354 0.207480,
        0.602725 0.415354 0.208239,
        0.610489 0.415354 0.229518,
        0.643830 0.415354 0.229755,
        0.591340 0.415354 0.208239,
        0.640491 0.415394 0.238778,
        0.628282 0.415394 0.271972,
        0.632038 0.415394 0.287842,
        0.663102 0.415394 0.207990,
        0.651681 0.415394 0.207909,
        0.643830 0.415394 0.229755,
        0.627572 0.415394 0.274357,
        0.626932 0.415394 0.277571,
        0.620985 0.415394 0.287763,
        0.626687 0.415394 0.277570,
        0.626063 0.415394 0.274178,
        0.625478 0.415394 0.271953,
        0.613618 0.415394 0.238587,
        0.591057 0.415394 0.207480,
        0.602478 0.415394 0.207560,
        0.610489 0.415394 0.229518,
        0.640491 0.415354 0.238778,
        0.613618 0.415354 0.238587,
        0.625478 0.415354 0.271953,
        0.626687 0.415354 0.277570,
        0.626063 0.415354 0.274178,
        0.626932 0.415354 0.277571,
        0.628282 0.415354 0.271972,
        0.627572 0.415354 0.274357,
      ]
    }
    coordIndex [
      12, 13, 14, -1,
      15, 16, 17, -1,
      13, 18, 14, -1,
      14, 18, 19, -1,
      14, 19, 20, -1,
      20, 19, 21, -1,
      20, 21, 22, -1,
      22, 23, 20, -1,
      20, 23, 24, -1,
      20, 24, 25, -1,
      26, 25, 27, -1,
      27, 25, 24, -1,
      27, 24, 17, -1,
      17, 24, 12, -1,
      17, 12, 15, -1,
      15, 12, 14, -1,
      1, 20, 11, -1,
      11, 20, 25, -1,
      11, 25, 7, -1,
      14, 20, 0, -1,
      0, 20, 1, -1,
      3, 15, 2, -1,
      2, 15, 14, -1,
      2, 14, 0, -1,
      16, 15, 4, -1,
      4, 15, 3, -1,
      10, 17, 5, -1,
      5, 17, 16, -1,
      5, 16, 4, -1,
      27, 17, 9, -1,
      9, 17, 10, -1,
      6, 26, 8, -1,
      8, 26, 27, -1,
      8, 27, 9, -1,
      25, 26, 7, -1,
      7, 26, 6, -1,
      12, 24, 28, -1,
      28, 24, 29, -1,
      24, 23, 29, -1,
      29, 23, 30, -1,
      21, 31, 32, -1,
      21, 32, 22, -1,
      22, 32, 30, -1,
      22, 30, 23, -1,
      21, 19, 31, -1,
      31, 19, 33, -1,
      13, 34, 35, -1,
      13, 35, 18, -1,
      18, 35, 33, -1,
      18, 33, 19, -1,
      13, 12, 34, -1,
      34, 12, 28, -1,
    ]
  }
}

Shape {
  appearance Appearance {
    material Material {
      diffuseColor 0.4078 0.0000 0.7804
      specularColor 0.2039 0.0000 0.3882
      ambientIntensity 0.2
      transparency 0.0000
      shininess 0.5
    }
  }
  geometry IndexedFaceSet {
    ccw TRUE
    solid FALSE
    coord DEF co Coordinate {
      point [
        0.640491 0.415354 0.238778,
        0.613618 0.415354 0.238587,
        0.625478 0.415354 0.271953,
        0.626687 0.415354 0.277570,
        0.626063 0.415354 0.274178,
        0.626932 0.415354 0.277571,
        0.628282 0.415354 0.271972,
        0.627572 0.415354 0.274357,
      ]
    }
    coordIndex [
      3, 5, 4, -1,
      4, 5, 7, -1,
      4, 7, 2, -1,
      2, 7, 6, -1,
      2, 6, 1, -1,
      1, 6, 0, -1,
    ]
  }
}

Shape {
  appearance Appearance {
    material Material {
      diffuseColor 0.0000 0.0000 0.0000
      specularColor 0.0000 0.0000 0.0000
      ambientIntensity 0.2
      transparency 0.0000
      shininess 0.5
    }
  }
  geometry IndexedFaceSet {
    ccw TRUE
    solid FALSE
    coord DEF co Coordinate {
      point [
        1.264617 0.415354 0.211354,
        1.266299 0.415354 0.208239,
        1.113825 0.415354 0.355838,
        1.098478 0.415354 0.342668,
        1.186444 0.415354 0.426317,
        1.173339 0.415354 0.417126,
        1.163922 0.415354 0.410520,
        1.144632 0.415354 0.387667,
        1.133500 0.415354 0.365329,
        1.130705 0.415354 0.364368,
        1.293752 0.415354 0.428430,
        1.267303 0.415354 0.437874,
        1.214660 0.415354 0.437333,
        1.241133 0.415354 0.440671,
        1.311769 0.415354 0.417126,
        1.309603 0.415354 0.418954,
        1.434270 0.415354 0.335767,
        1.427381 0.415354 0.351013,
        1.413574 0.415354 0.368454,
        1.370356 0.415354 0.392704,
        1.347913 0.415354 0.395315,
        1.323062 0.415354 0.407592,
        1.341369 0.415354 0.394913,
        1.334828 0.415354 0.394083,
        1.409700 0.415354 0.372069,
        1.391502 0.415354 0.384668,
        1.399648 0.415354 0.226244,
        1.417320 0.415354 0.241527,
        1.379144 0.415354 0.216080,
        1.430192 0.415354 0.260187,
        1.438196 0.415354 0.281439,
        1.440790 0.415354 0.303747,
        1.440589 0.415354 0.309217,
        1.439909 0.415354 0.312873,
        1.436613 0.415354 0.330585,
        1.371972 0.415354 0.213879,
        1.369384 0.415354 0.208239,
        1.366348 0.415354 0.201620,
        1.320355 0.415354 0.174841,
        1.333781 0.415354 0.177031,
        1.346877 0.415354 0.182641,
        1.357954 0.415354 0.191113,
        1.360993 0.415354 0.194916,
        1.291641 0.415354 0.181172,
        1.304372 0.415354 0.176385,
        1.318166 0.415354 0.174785,
        1.271442 0.415354 0.198715,
        1.274879 0.415354 0.194916,
        1.280247 0.415354 0.188982,
        1.080142 0.415354 0.308953,
        1.077671 0.415354 0.290355,
        1.191633 0.415354 0.244648,
        1.187717 0.415354 0.246164,
        1.180798 0.415354 0.278562,
        1.274796 0.415354 0.269550,
        1.198231 0.415354 0.308858,
        1.284682 0.415354 0.278681,
        1.296717 0.415354 0.285240,
        1.195152 0.415354 0.242192,
        1.113213 0.415354 0.295033,
        1.115811 0.415354 0.305985,
        1.119463 0.415354 0.312873,
        1.403843 0.415354 0.312873,
        1.087708 0.415354 0.252081,
        1.099117 0.415354 0.236424,
        1.114702 0.415354 0.223420,
        1.132132 0.415354 0.215044,
        1.183301 0.415354 0.246699,
        1.182747 0.415354 0.246655,
        1.181042 0.415354 0.246264,
        1.080428 0.415354 0.270052,
        1.400314 0.415354 0.281889,
        1.393617 0.415354 0.270304,
        1.364754 0.415354 0.264210,
        1.383485 0.415354 0.259746,
        1.371133 0.415354 0.252016,
        1.343569 0.415354 0.282909,
        1.355265 0.415354 0.274904,
        1.404917 0.415354 0.304631,
        1.404298 0.415354 0.295850,
        1.330960 0.415354 0.287630,
        1.317354 0.415354 0.289208,
        1.310434 0.415354 0.288749,
        1.124739 0.415354 0.260007,
        1.118412 0.415354 0.268841,
        1.114416 0.415354 0.278959,
        1.112970 0.415354 0.290036,
        1.201074 0.415354 0.229176,
        1.200913 0.415354 0.231422,
        1.260794 0.415354 0.237001,
        1.199739 0.415354 0.235747,
        1.197522 0.415354 0.239615,
        1.191648 0.415354 0.213461,
        1.195322 0.415354 0.216111,
        1.196635 0.415354 0.217468,
        1.199091 0.415354 0.221061,
        1.200563 0.415354 0.224932,
        1.261185 0.415354 0.225384,
        1.260835 0.415354 0.231308,
        1.179889 0.415354 0.246105,
        1.154272 0.415354 0.245924,
        1.144037 0.415354 0.247810,
        1.151103 0.415354 0.211174,
        1.184690 0.415354 0.211412,
        1.187893 0.415354 0.211952,
        1.133959 0.415354 0.252393,
        1.125494 0.415354 0.259208,
        1.161612 0.415354 0.334787,
        1.398155 0.415354 0.331063,
        1.403122 0.415354 0.318401,
        1.157058 0.415354 0.334754,
        1.121037 0.415354 0.315844,
        1.127545 0.415354 0.323214,
        1.136330 0.415354 0.329443,
        1.146238 0.415354 0.333341,
        1.173641 0.415354 0.369072,
        1.186373 0.415354 0.384503,
        1.317476 0.415354 0.352402,
        1.187800 0.415354 0.385822,
        1.203716 0.415354 0.397035,
        1.308652 0.415354 0.370345,
        1.394830 0.415354 0.335767,
        1.321517 0.415354 0.354649,
        1.161820 0.415354 0.335767,
        1.164986 0.415354 0.350669,
        1.334248 0.415354 0.359406,
        1.347586 0.415354 0.361155,
        1.353515 0.415354 0.360888,
        1.295777 0.415354 0.385509,
        1.221519 0.415354 0.404001,
        1.280431 0.415354 0.396555,
        1.240806 0.415354 0.406511,
        1.261780 0.415354 0.403960,
        1.367592 0.415354 0.357657,
        1.380327 0.415354 0.351011,
        1.390183 0.415354 0.342345,
        1.093603 0.415354 0.335767,
        1.086976 0.415354 0.326389,
        1.081678 0.415354 0.312873,
        1.366348 0.415394 0.201620,
        1.357954 0.415394 0.191113,
        1.371133 0.415394 0.252016,
        1.180798 0.415394 0.278562,
        1.198231 0.415394 0.308858,
        1.274796 0.415394 0.269550,
        1.314266 0.415394 0.252970,
        1.308917 0.415394 0.251239,
        1.380327 0.415394 0.351011,
        1.367592 0.415394 0.357657,
        1.370356 0.415394 0.392704,
        1.334828 0.415394 0.394083,
        1.317476 0.415394 0.352402,
        1.308652 0.415394 0.370345,
        1.383485 0.415394 0.259746,
        1.379144 0.415394 0.216080,
        1.371972 0.415394 0.213879,
        1.347913 0.415394 0.395315,
        1.304232 0.415394 0.248275,
        1.300449 0.415394 0.244296,
        1.260794 0.415394 0.237001,
        1.297835 0.415394 0.239696,
        1.296383 0.415394 0.234499,
        1.260835 0.415394 0.231308,
        1.296240 0.415394 0.228980,
        1.323674 0.415394 0.252693,
        1.330960 0.415394 0.287630,
        1.328665 0.415394 0.250785,
        1.343569 0.415394 0.282909,
        1.333147 0.415394 0.247669,
        1.355265 0.415394 0.274904,
        1.335634 0.415394 0.245057,
        1.364754 0.415394 0.264210,
        1.338559 0.415394 0.240330,
        1.340213 0.415394 0.234963,
        1.296717 0.415394 0.285240,
        1.310434 0.415394 0.288749,
        1.317354 0.415394 0.289208,
        1.161612 0.415394 0.334787,
        1.157058 0.415394 0.334754,
        1.133500 0.415394 0.365329,
        1.146238 0.415394 0.333341,
        1.130705 0.415394 0.364368,
        1.136330 0.415394 0.329443,
        1.113825 0.415394 0.355838,
        1.098478 0.415394 0.342668,
        1.323062 0.415394 0.407592,
        1.295777 0.415394 0.385509,
        1.309603 0.415394 0.418954,
        1.280431 0.415394 0.396555,
        1.293752 0.415394 0.428430,
        1.353515 0.415394 0.360888,
        1.347586 0.415394 0.361155,
        1.341369 0.415394 0.394913,
        1.334248 0.415394 0.359406,
        1.321517 0.415394 0.354649,
        1.099117 0.415394 0.236424,
        1.125494 0.415394 0.259208,
        1.114702 0.415394 0.223420,
        1.133959 0.415394 0.252393,
        1.132132 0.415394 0.215044,
        1.144037 0.415394 0.247810,
        1.151103 0.415394 0.211174,
        1.154272 0.415394 0.245924,
        1.184690 0.415394 0.211412,
        1.179889 0.415394 0.246105,
        1.187893 0.415394 0.211952,
        1.318178 0.415394 0.253348,
        1.284682 0.415394 0.278681,
        1.127545 0.415394 0.323214,
        1.121037 0.415394 0.315844,
        1.086976 0.415394 0.326389,
        1.115811 0.415394 0.305985,
        1.080142 0.415394 0.308953,
        1.113213 0.415394 0.295033,
        1.077671 0.415394 0.290355,
        1.112970 0.415394 0.290036,
        1.080428 0.415394 0.270052,
        1.114416 0.415394 0.278959,
        1.087708 0.415394 0.252081,
        1.118412 0.415394 0.268841,
        1.124739 0.415394 0.260007,
        1.163922 0.415394 0.410520,
        1.186373 0.415394 0.384503,
        1.144632 0.415394 0.387667,
        1.173641 0.415394 0.369072,
        1.164986 0.415394 0.350669,
        1.403122 0.415394 0.318401,
        1.440589 0.415394 0.309217,
        1.404917 0.415394 0.304631,
        1.440790 0.415394 0.303747,
        1.404298 0.415394 0.295850,
        1.438196 0.415394 0.281439,
        1.400314 0.415394 0.281889,
        1.430192 0.415394 0.260187,
        1.393617 0.415394 0.270304,
        1.417320 0.415394 0.241527,
        1.399648 0.415394 0.226244,
        1.334031 0.415394 0.215460,
        1.337125 0.415394 0.219316,
        1.339397 0.415394 0.224091,
        1.340472 0.415394 0.229413,
        1.267303 0.415394 0.437874,
        1.261780 0.415394 0.403960,
        1.241133 0.415394 0.440671,
        1.240806 0.415394 0.406511,
        1.214660 0.415394 0.437333,
        1.221519 0.415394 0.404001,
        1.186444 0.415394 0.426317,
        1.203716 0.415394 0.397035,
        1.187800 0.415394 0.385822,
        1.391502 0.415394 0.384668,
        1.409700 0.415394 0.372069,
        1.390183 0.415394 0.342345,
        1.413574 0.415394 0.368454,
        1.398155 0.415394 0.331063,
        1.427381 0.415394 0.351013,
        1.436613 0.415394 0.330585,
        1.329699 0.415394 0.212090,
        1.346877 0.415394 0.182641,
        1.324569 0.415394 0.209843,
        1.333781 0.415394 0.177031,
        1.319464 0.415394 0.208973,
        1.320355 0.415394 0.174841,
        1.318493 0.415394 0.208945,
        1.318166 0.415394 0.174785,
        1.312952 0.415394 0.209598,
        1.304372 0.415394 0.176385,
        1.307992 0.415394 0.211494,
        1.291641 0.415394 0.181172,
        1.303625 0.415394 0.214528,
        1.280247 0.415394 0.188982,
        1.300078 0.415394 0.218541,
        1.271442 0.415394 0.198715,
        1.297504 0.415394 0.223490,
        1.264617 0.415394 0.211354,
        1.261185 0.415394 0.225384,
        1.182747 0.415394 0.246655,
        1.196635 0.415394 0.217468,
        1.195322 0.415394 0.216111,
        1.181042 0.415394 0.246264,
        1.191648 0.415394 0.213461,
        1.201074 0.415394 0.229176,
        1.200563 0.415394 0.224932,
        1.199091 0.415394 0.221061,
        1.187717 0.415394 0.246164,
        1.191633 0.415394 0.244648,
        1.200913 0.415394 0.231422,
        1.195152 0.415394 0.242192,
        1.197522 0.415394 0.239615,
        1.199739 0.415394 0.235747,
        1.183301 0.415394 0.246699,
        1.318178 0.415354 0.253348,
        1.314266 0.415354 0.252970,
        1.308917 0.415354 0.251239,
        1.304232 0.415354 0.248275,
        1.300449 0.415354 0.244296,
        1.297835 0.415354 0.239696,
        1.296383 0.415354 0.234499,
        1.296240 0.415354 0.228980,
        1.297504 0.415354 0.223490,
        1.300078 0.415354 0.218541,
        1.303625 0.415354 0.214528,
        1.307992 0.415354 0.211494,
        1.312952 0.415354 0.209598,
        1.318493 0.415354 0.208945,
        1.319464 0.415354 0.208973,
        1.324569 0.415354 0.209843,
        1.329699 0.415354 0.212090,
        1.334031 0.415354 0.215460,
        1.337125 0.415354 0.219316,
        1.339397 0.415354 0.224091,
        1.340472 0.415354 0.229413,
        1.340213 0.415354 0.234963,
        1.338559 0.415354 0.240330,
        1.335634 0.415354 0.245057,
        1.333147 0.415354 0.247669,
        1.328665 0.415354 0.250785,
        1.323674 0.415354 0.252693,
      ]
    }
    coordIndex [
      139, 140, 141, -1,
      142, 143, 144, -1,
      145, 146, 142, -1,
      147, 148, 149, -1,
      150, 151, 152, -1,
      153, 154, 141, -1,
      141, 154, 155, -1,
      141, 155, 139, -1,
      149, 148, 156, -1,
      146, 157, 142, -1,
      142, 157, 158, -1,
      142, 158, 159, -1,
      158, 160, 159, -1,
      159, 160, 161, -1,
      159, 161, 162, -1,
      162, 161, 163, -1,
      164, 165, 166, -1,
      166, 165, 167, -1,
      166, 167, 168, -1,
      168, 167, 169, -1,
      168, 169, 170, -1,
      170, 169, 171, -1,
      170, 171, 172, -1,
      172, 171, 141, -1,
      172, 141, 173, -1,
      174, 175, 164, -1,
      164, 175, 176, -1,
      164, 176, 165, -1,
      177, 178, 179, -1,
      179, 178, 180, -1,
      179, 180, 181, -1,
      181, 180, 182, -1,
      181, 182, 183, -1,
      183, 182, 184, -1,
      150, 152, 185, -1,
      185, 152, 186, -1,
      185, 186, 187, -1,
      187, 186, 188, -1,
      187, 188, 189, -1,
      148, 190, 156, -1,
      156, 190, 191, -1,
      156, 191, 192, -1,
      192, 191, 193, -1,
      192, 193, 150, -1,
      150, 193, 194, -1,
      150, 194, 151, -1,
      195, 196, 197, -1,
      197, 196, 198, -1,
      197, 198, 199, -1,
      199, 198, 200, -1,
      199, 200, 201, -1,
      201, 200, 202, -1,
      201, 202, 203, -1,
      203, 202, 204, -1,
      203, 204, 205, -1,
      145, 142, 206, -1,
      206, 142, 144, -1,
      206, 144, 164, -1,
      164, 144, 207, -1,
      164, 207, 174, -1,
      182, 208, 184, -1,
      184, 208, 209, -1,
      184, 209, 210, -1,
      210, 209, 211, -1,
      210, 211, 212, -1,
      212, 211, 213, -1,
      212, 213, 214, -1,
      214, 213, 215, -1,
      214, 215, 216, -1,
      216, 215, 217, -1,
      216, 217, 218, -1,
      218, 217, 219, -1,
      218, 219, 195, -1,
      195, 219, 220, -1,
      195, 220, 196, -1,
      221, 222, 223, -1,
      223, 222, 224, -1,
      223, 224, 179, -1,
      179, 224, 225, -1,
      179, 225, 177, -1,
      226, 227, 228, -1,
      228, 227, 229, -1,
      228, 229, 230, -1,
      230, 229, 231, -1,
      230, 231, 232, -1,
      232, 231, 233, -1,
      232, 233, 234, -1,
      234, 233, 235, -1,
      234, 235, 153, -1,
      153, 235, 236, -1,
      153, 236, 154, -1,
      237, 238, 140, -1,
      140, 238, 239, -1,
      140, 239, 141, -1,
      141, 239, 240, -1,
      141, 240, 173, -1,
      189, 188, 241, -1,
      241, 188, 242, -1,
      241, 242, 243, -1,
      243, 242, 244, -1,
      243, 244, 245, -1,
      245, 244, 246, -1,
      245, 246, 247, -1,
      247, 246, 248, -1,
      247, 248, 221, -1,
      221, 248, 249, -1,
      221, 249, 222, -1,
      149, 250, 147, -1,
      147, 250, 251, -1,
      147, 251, 252, -1,
      252, 251, 253, -1,
      252, 253, 254, -1,
      254, 253, 255, -1,
      254, 255, 226, -1,
      226, 255, 256, -1,
      226, 256, 227, -1,
      237, 140, 257, -1,
      257, 140, 258, -1,
      257, 258, 259, -1,
      259, 258, 260, -1,
      259, 260, 261, -1,
      261, 260, 262, -1,
      261, 262, 263, -1,
      263, 262, 264, -1,
      263, 264, 265, -1,
      265, 264, 266, -1,
      265, 266, 267, -1,
      267, 266, 268, -1,
      267, 268, 269, -1,
      269, 268, 270, -1,
      269, 270, 271, -1,
      271, 270, 272, -1,
      271, 272, 273, -1,
      273, 272, 274, -1,
      273, 274, 163, -1,
      163, 274, 275, -1,
      163, 275, 162, -1,
      276, 277, 278, -1,
      204, 279, 205, -1,
      205, 279, 276, -1,
      205, 276, 280, -1,
      280, 276, 278, -1,
      281, 282, 276, -1,
      276, 282, 283, -1,
      276, 283, 277, -1,
      284, 285, 286, -1,
      285, 287, 286, -1,
      286, 287, 288, -1,
      286, 288, 289, -1,
      281, 276, 286, -1,
      286, 276, 290, -1,
      286, 290, 284, -1,
      214, 50, 49, -1,
      214, 49, 212, -1,
      212, 49, 138, -1,
      212, 138, 210, -1,
      138, 137, 210, -1,
      210, 137, 136, -1,
      210, 136, 184, -1,
      136, 3, 184, -1,
      184, 3, 2, -1,
      184, 2, 183, -1,
      183, 2, 9, -1,
      183, 9, 181, -1,
      181, 9, 8, -1,
      181, 8, 179, -1,
      179, 8, 7, -1,
      179, 7, 223, -1,
      223, 7, 6, -1,
      223, 6, 221, -1,
      221, 6, 5, -1,
      221, 5, 247, -1,
      5, 4, 247, -1,
      247, 4, 12, -1,
      247, 12, 245, -1,
      245, 12, 13, -1,
      245, 13, 243, -1,
      243, 13, 11, -1,
      243, 11, 241, -1,
      241, 11, 10, -1,
      241, 10, 189, -1,
      189, 10, 15, -1,
      189, 15, 187, -1,
      23, 150, 185, -1,
      187, 15, 14, -1,
      187, 14, 185, -1,
      185, 14, 21, -1,
      185, 21, 23, -1,
      150, 23, 22, -1,
      150, 22, 192, -1,
      192, 22, 20, -1,
      192, 20, 156, -1,
      156, 20, 19, -1,
      156, 19, 149, -1,
      149, 19, 25, -1,
      149, 25, 250, -1,
      250, 25, 24, -1,
      250, 24, 251, -1,
      251, 24, 18, -1,
      251, 18, 253, -1,
      31, 229, 227, -1,
      253, 18, 17, -1,
      253, 17, 255, -1,
      255, 17, 16, -1,
      255, 16, 256, -1,
      16, 34, 256, -1,
      256, 34, 33, -1,
      256, 33, 227, -1,
      227, 33, 32, -1,
      227, 32, 31, -1,
      229, 31, 30, -1,
      229, 30, 231, -1,
      231, 30, 29, -1,
      231, 29, 233, -1,
      233, 29, 27, -1,
      233, 27, 235, -1,
      235, 27, 26, -1,
      235, 26, 236, -1,
      236, 26, 28, -1,
      236, 28, 154, -1,
      154, 28, 35, -1,
      154, 35, 155, -1,
      155, 35, 36, -1,
      42, 140, 139, -1,
      155, 36, 139, -1,
      139, 36, 37, -1,
      139, 37, 42, -1,
      42, 41, 140, -1,
      140, 41, 40, -1,
      140, 40, 258, -1,
      258, 40, 39, -1,
      258, 39, 260, -1,
      260, 39, 38, -1,
      260, 38, 262, -1,
      262, 38, 45, -1,
      262, 45, 264, -1,
      264, 45, 44, -1,
      1, 274, 272, -1,
      264, 44, 266, -1,
      266, 44, 43, -1,
      266, 43, 268, -1,
      268, 43, 48, -1,
      268, 48, 270, -1,
      270, 48, 47, -1,
      270, 47, 272, -1,
      272, 47, 46, -1,
      272, 46, 1, -1,
      1, 0, 274, -1,
      274, 0, 97, -1,
      274, 97, 275, -1,
      275, 97, 98, -1,
      275, 98, 162, -1,
      159, 162, 89, -1,
      89, 162, 98, -1,
      142, 159, 53, -1,
      53, 159, 89, -1,
      143, 142, 55, -1,
      55, 142, 53, -1,
      144, 143, 54, -1,
      54, 143, 55, -1,
      144, 54, 56, -1,
      144, 56, 207, -1,
      207, 56, 57, -1,
      207, 57, 174, -1,
      174, 57, 82, -1,
      174, 82, 175, -1,
      175, 82, 81, -1,
      175, 81, 176, -1,
      176, 81, 80, -1,
      176, 80, 165, -1,
      165, 80, 76, -1,
      165, 76, 167, -1,
      167, 76, 77, -1,
      167, 77, 169, -1,
      169, 77, 73, -1,
      169, 73, 171, -1,
      171, 73, 75, -1,
      171, 75, 141, -1,
      141, 75, 74, -1,
      141, 74, 153, -1,
      153, 74, 72, -1,
      153, 72, 234, -1,
      234, 72, 71, -1,
      234, 71, 232, -1,
      232, 71, 79, -1,
      232, 79, 230, -1,
      230, 79, 78, -1,
      230, 78, 228, -1,
      226, 228, 62, -1,
      62, 228, 78, -1,
      62, 109, 226, -1,
      226, 109, 108, -1,
      226, 108, 254, -1,
      254, 108, 121, -1,
      254, 121, 252, -1,
      121, 135, 252, -1,
      252, 135, 134, -1,
      252, 134, 147, -1,
      147, 134, 133, -1,
      147, 133, 148, -1,
      148, 133, 127, -1,
      148, 127, 190, -1,
      190, 127, 126, -1,
      190, 126, 191, -1,
      191, 126, 125, -1,
      191, 125, 193, -1,
      193, 125, 122, -1,
      193, 122, 194, -1,
      194, 122, 117, -1,
      194, 117, 151, -1,
      151, 117, 120, -1,
      151, 120, 152, -1,
      152, 120, 128, -1,
      152, 128, 186, -1,
      186, 128, 130, -1,
      186, 130, 188, -1,
      188, 130, 132, -1,
      188, 132, 242, -1,
      242, 132, 131, -1,
      242, 131, 244, -1,
      107, 177, 123, -1,
      123, 177, 225, -1,
      123, 225, 124, -1,
      124, 225, 224, -1,
      124, 224, 115, -1,
      115, 224, 222, -1,
      115, 222, 116, -1,
      116, 222, 249, -1,
      116, 249, 118, -1,
      118, 249, 248, -1,
      118, 248, 119, -1,
      119, 248, 246, -1,
      119, 246, 129, -1,
      129, 246, 244, -1,
      129, 244, 131, -1,
      178, 177, 110, -1,
      110, 177, 107, -1,
      178, 110, 114, -1,
      178, 114, 180, -1,
      180, 114, 113, -1,
      180, 113, 182, -1,
      182, 113, 112, -1,
      182, 112, 208, -1,
      208, 112, 111, -1,
      208, 111, 209, -1,
      209, 111, 61, -1,
      209, 61, 211, -1,
      61, 60, 211, -1,
      211, 60, 59, -1,
      211, 59, 213, -1,
      213, 59, 86, -1,
      213, 86, 215, -1,
      215, 86, 85, -1,
      215, 85, 217, -1,
      217, 85, 84, -1,
      217, 84, 219, -1,
      219, 84, 83, -1,
      219, 83, 220, -1,
      220, 83, 106, -1,
      220, 106, 196, -1,
      196, 106, 105, -1,
      196, 105, 198, -1,
      198, 105, 101, -1,
      198, 101, 200, -1,
      200, 101, 100, -1,
      200, 100, 202, -1,
      204, 202, 99, -1,
      99, 202, 100, -1,
      204, 99, 69, -1,
      204, 69, 279, -1,
      279, 69, 68, -1,
      279, 68, 276, -1,
      276, 68, 67, -1,
      276, 67, 290, -1,
      290, 67, 52, -1,
      290, 52, 284, -1,
      284, 52, 51, -1,
      284, 51, 285, -1,
      285, 51, 58, -1,
      285, 58, 287, -1,
      287, 58, 91, -1,
      287, 91, 288, -1,
      288, 91, 90, -1,
      288, 90, 289, -1,
      289, 90, 88, -1,
      289, 88, 286, -1,
      286, 88, 87, -1,
      286, 87, 281, -1,
      281, 87, 96, -1,
      281, 96, 282, -1,
      282, 96, 95, -1,
      282, 95, 283, -1,
      283, 95, 94, -1,
      283, 94, 277, -1,
      277, 94, 93, -1,
      277, 93, 278, -1,
      278, 93, 92, -1,
      278, 92, 280, -1,
      280, 92, 104, -1,
      280, 104, 205, -1,
      205, 104, 103, -1,
      205, 103, 203, -1,
      201, 203, 102, -1,
      102, 203, 103, -1,
      201, 102, 66, -1,
      201, 66, 199, -1,
      199, 66, 65, -1,
      199, 65, 197, -1,
      197, 65, 64, -1,
      197, 64, 195, -1,
      195, 64, 63, -1,
      195, 63, 218, -1,
      218, 63, 70, -1,
      218, 70, 216, -1,
      216, 70, 50, -1,
      216, 50, 214, -1,
      206, 291, 292, -1,
      206, 292, 145, -1,
      145, 292, 293, -1,
      145, 293, 146, -1,
      146, 293, 294, -1,
      146, 294, 157, -1,
      157, 294, 295, -1,
      157, 295, 158, -1,
      158, 295, 296, -1,
      158, 296, 160, -1,
      160, 296, 297, -1,
      160, 297, 161, -1,
      161, 297, 298, -1,
      161, 298, 163, -1,
      163, 298, 299, -1,
      163, 299, 273, -1,
      273, 299, 300, -1,
      273, 300, 271, -1,
      271, 300, 301, -1,
      271, 301, 269, -1,
      269, 301, 302, -1,
      269, 302, 267, -1,
      267, 302, 303, -1,
      267, 303, 265, -1,
      265, 303, 304, -1,
      265, 304, 263, -1,
      263, 304, 305, -1,
      263, 305, 261, -1,
      261, 305, 306, -1,
      261, 306, 259, -1,
      259, 306, 307, -1,
      259, 307, 257, -1,
      257, 307, 308, -1,
      257, 308, 237, -1,
      237, 308, 309, -1,
      237, 309, 238, -1,
      238, 309, 310, -1,
      238, 310, 239, -1,
      239, 310, 311, -1,
      239, 311, 240, -1,
      240, 311, 312, -1,
      240, 312, 173, -1,
      173, 312, 313, -1,
      173, 313, 172, -1,
      172, 313, 314, -1,
      172, 314, 170, -1,
      170, 314, 315, -1,
      170, 315, 168, -1,
      168, 315, 316, -1,
      168, 316, 166, -1,
      166, 316, 317, -1,
      166, 317, 164, -1,
      164, 317, 291, -1,
      164, 291, 206, -1,
    ]
  }
}

Shape {
  appearance Appearance {
    material Material {
      diffuseColor 0.4078 0.0000 0.7804
      specularColor 0.2039 0.0000 0.3882
      ambientIntensity 0.2
      transparency 0.0000
      shininess 0.5
    }
  }
  geometry IndexedFaceSet {
    ccw TRUE
    solid FALSE
    coord DEF co Coordinate {
      point [
        1.318178 0.415354 0.253348,
        1.314266 0.415354 0.252970,
        1.308917 0.415354 0.251239,
        1.304232 0.415354 0.248275,
        1.300449 0.415354 0.244296,
        1.297835 0.415354 0.239696,
        1.296383 0.415354 0.234499,
        1.296240 0.415354 0.228980,
        1.297504 0.415354 0.223490,
        1.300078 0.415354 0.218541,
        1.303625 0.415354 0.214528,
        1.307992 0.415354 0.211494,
        1.312952 0.415354 0.209598,
        1.318493 0.415354 0.208945,
        1.319464 0.415354 0.208973,
        1.324569 0.415354 0.209843,
        1.329699 0.415354 0.212090,
        1.334031 0.415354 0.215460,
        1.337125 0.415354 0.219316,
        1.339397 0.415354 0.224091,
        1.340472 0.415354 0.229413,
        1.340213 0.415354 0.234963,
        1.338559 0.415354 0.240330,
        1.335634 0.415354 0.245057,
        1.333147 0.415354 0.247669,
        1.328665 0.415354 0.250785,
        1.323674 0.415354 0.252693,
      ]
    }
    coordIndex [
      14, 24, 23, -1,
      0, 26, 14, -1,
      14, 26, 25, -1,
      14, 25, 24, -1,
      19, 18, 23, -1,
      23, 18, 17, -1,
      0, 14, 1, -1,
      1, 14, 13, -1,
      1, 13, 12, -1,
      9, 5, 10, -1,
      10, 5, 4, -1,
      10, 4, 3, -1,
      12, 11, 1, -1,
      1, 11, 10, -1,
      1, 10, 2, -1,
      2, 10, 3, -1,
      22, 21, 23, -1,
      23, 21, 20, -1,
      23, 20, 19, -1,
      17, 16, 23, -1,
      23, 16, 15, -1,
      23, 15, 14, -1,
      8, 7, 9, -1,
      9, 7, 6, -1,
      9, 6, 5, -1,
    ]
  }
}
